[23Feb2025 21:15:44.184] [main/INFO] [cpw.mods.modlauncher.Launcher/MODLAUNCHER]: ModLauncher running: args [--launchTarget, forgeserver, --fml.forgeVersion, 47.3.7, --fml.mcVersion, 1.20.1, --fml.forgeGroup, net.minecraftforge, --fml.mcpVersion, 20230612.114412, nogui]
[23Feb2025 21:15:44.191] [main/INFO] [cpw.mods.modlauncher.Launcher/MODLAUNCHER]: ModLauncher 10.0.9+10.0.9+main.dcd20f30 starting: java version 17.0.14 by Ubuntu; OS Linux arch amd64 version 6.5.0-1025-azure
[23Feb2025 21:15:45.603] [main/INFO] [net.minecraftforge.fml.loading.ImmediateWindowHandler/]: ImmediateWindowProvider not loading because launch target is forgeserver
[23Feb2025 21:15:45.622] [main/INFO] [optifine.OptiFineTransformationService/]: OptiFineTransformationService.onLoad
[23Feb2025 21:15:45.624] [main/INFO] [optifine.OptiFineTransformationService/]: OptiFine ZIP file URL: union:/workspaces/MCECRA/servidor_minecraft/mods/OptiFine_1.20.1_HD_U_I6.jar%23150!/
[23Feb2025 21:15:45.633] [main/INFO] [optifine.OptiFineTransformationService/]: OptiFine ZIP file: /workspaces/MCECRA/servidor_minecraft/mods/OptiFine_1.20.1_HD_U_I6.jar
[23Feb2025 21:15:45.635] [main/INFO] [optifine.OptiFineTransformer/]: Target.PRE_CLASS is available
[23Feb2025 21:15:45.706] [main/INFO] [mixin/]: SpongePowered MIXIN Subsystem Version=0.8.5 Source=union:/workspaces/MCECRA/servidor_minecraft/libraries/org/spongepowered/mixin/0.8.5/mixin-0.8.5.jar%2365!/ Service=ModLauncher Env=SERVER
[23Feb2025 21:15:45.720] [main/INFO] [optifine.OptiFineTransformationService/]: OptiFineTransformationService.initialize
[23Feb2025 21:15:46.233] [main/WARN] [net.minecraftforge.fml.loading.moddiscovery.ModFileParser/LOADING]: Mod file /workspaces/MCECRA/servidor_minecraft/libraries/net/minecraftforge/fmlcore/1.20.1-47.3.7/fmlcore-1.20.1-47.3.7.jar is missing mods.toml file
[23Feb2025 21:15:46.235] [main/WARN] [net.minecraftforge.fml.loading.moddiscovery.ModFileParser/LOADING]: Mod file /workspaces/MCECRA/servidor_minecraft/libraries/net/minecraftforge/javafmllanguage/1.20.1-47.3.7/javafmllanguage-1.20.1-47.3.7.jar is missing mods.toml file
[23Feb2025 21:15:46.238] [main/WARN] [net.minecraftforge.fml.loading.moddiscovery.ModFileParser/LOADING]: Mod file /workspaces/MCECRA/servidor_minecraft/libraries/net/minecraftforge/lowcodelanguage/1.20.1-47.3.7/lowcodelanguage-1.20.1-47.3.7.jar is missing mods.toml file
[23Feb2025 21:15:46.240] [main/WARN] [net.minecraftforge.fml.loading.moddiscovery.ModFileParser/LOADING]: Mod file /workspaces/MCECRA/servidor_minecraft/libraries/net/minecraftforge/mclanguage/1.20.1-47.3.7/mclanguage-1.20.1-47.3.7.jar is missing mods.toml file
[23Feb2025 21:15:46.554] [main/WARN] [net.minecraftforge.jarjar.selection.JarSelector/]: Attempted to select two dependency jars from JarJar which have the same identification: Mod File:  and Mod File: . Using Mod File: 
[23Feb2025 21:15:46.559] [main/INFO] [net.minecraftforge.fml.loading.moddiscovery.JarInJarDependencyLocator/]: Found 12 dependencies adding them to mods collection
[23Feb2025 21:15:47.507] [main/INFO] [optifine.OptiFineTransformationService/]: OptiFineTransformationService.transformers
[23Feb2025 21:15:47.517] [main/INFO] [optifine.OptiFineTransformer/]: Targets: 412
[23Feb2025 21:15:48.486] [main/INFO] [optifine.OptiFineTransformationService/]: additionalClassesLocator: [optifine., net.optifine.]
[23Feb2025 21:15:49.812] [main/INFO] [mixin/]: Compatibility level set to JAVA_17
[23Feb2025 21:15:50.017] [main/INFO] [cpw.mods.modlauncher.LaunchServiceHandler/MODLAUNCHER]: Launching target 'forgeserver' with arguments [nogui]
[23Feb2025 21:15:50.092] [main/WARN] [mixin/]: Reference map 'bno.refmap.json' for bno.mixins.json could not be read. If this is a development environment you can ignore this message
[23Feb2025 21:15:50.101] [main/WARN] [mixin/]: Reference map 'bno.refmap.json' for bno.forge.mixins.json could not be read. If this is a development environment you can ignore this message
[23Feb2025 21:15:50.218] [main/INFO] [fpsreducer/]: OptiFine was detected.
[23Feb2025 21:15:50.224] [main/INFO] [fpsreducer/]: OptiFabric was NOT detected.
[23Feb2025 21:15:51.222] [main/WARN] [mixin/]: Error loading class: dev/latvian/mods/kubejs/recipe/RecipesEventJS (java.lang.ClassNotFoundException: dev.latvian.mods.kubejs.recipe.RecipesEventJS)
[23Feb2025 21:15:51.222] [main/WARN] [mixin/]: @Mixin target dev.latvian.mods.kubejs.recipe.RecipesEventJS was not found mixins.hammerlib.json:bs.kubejs.RecipeEventJSMixin
[23Feb2025 21:15:51.774] [main/WARN] [mixin/]: Error loading class: net/fabricmc/fabric/api/entity/event/v1/FabricElytraItem (java.lang.ClassNotFoundException: net.fabricmc.fabric.api.entity.event.v1.FabricElytraItem)
[23Feb2025 21:15:52.146] [main/WARN] [mixin/]: Error loading class: jeresources/api/util/LootConditionHelper (java.lang.ClassNotFoundException: jeresources.api.util.LootConditionHelper)
[23Feb2025 21:15:52.147] [main/WARN] [mixin/]: @Mixin target jeresources.api.util.LootConditionHelper was not found mixins.improvableskills.json:jer.LootConditionHelperMixin
[23Feb2025 21:15:52.438] [main/INFO] [MixinExtras|Service/]: Initializing MixinExtras via com.llamalad7.mixinextras.service.MixinExtrasServiceImpl(version=0.4.1).
[23Feb2025 21:16:03.034] [modloading-worker-0/INFO] [net.minecraftforge.common.ForgeMod/FORGEMOD]: Forge mod loading, version 47.3.7, for MC 1.20.1 with MCP 20230612.114412
[23Feb2025 21:16:03.035] [modloading-worker-0/INFO] [net.minecraftforge.common.MinecraftForge/FORGE]: MinecraftForge v47.3.7 Initialized
[23Feb2025 21:16:03.377] [modloading-worker-0/INFO] [HammerLib/]: Registered charge handler for type org.zeith.hammerlib.util.charging.fluid.FluidCharge - org.zeith.hammerlib.util.charging.impl.FluidChargeHandler@59fa39c5
[23Feb2025 21:16:03.395] [modloading-worker-0/INFO] [HammerLib/]: Registered charge handler for type org.zeith.hammerlib.util.charging.fe.FECharge - org.zeith.hammerlib.util.charging.impl.FEChargeHandler@147f68d2
[23Feb2025 21:16:03.420] [modloading-worker-0/INFO] [HammerLib/]: Registered inventory lister org.zeith.hammerlib.util.charging.impl.VanillaPlayerInvLister
[23Feb2025 21:16:03.464] [modloading-worker-0/INFO] [HammerLib/]: Hooked Lorg/zeith/hammerlib/core/test/machine/TileTestMachine; from hammerlib to register it's stuff.
[23Feb2025 21:16:03.475] [modloading-worker-0/INFO] [HammerLib/]: Hooked Lorg/zeith/hammerlib/core/test/machine/RecipeTestMachine; from hammerlib to register it's stuff.
[23Feb2025 21:16:03.475] [modloading-worker-0/INFO] [HammerLib/]: Hooked Lorg/zeith/hammerlib/core/test/machine/BlockTestMachine; from hammerlib to register it's stuff.
[23Feb2025 21:16:03.475] [modloading-worker-0/INFO] [HammerLib/]: Hooked Lorg/zeith/hammerlib/core/recipes/replacers/WaterBottleReplacer; from hammerlib to register it's stuff.
[23Feb2025 21:16:03.475] [modloading-worker-0/INFO] [HammerLib/]: Hooked Lorg/zeith/hammerlib/core/recipes/replacers/RemainingReplacerRegistrar; from hammerlib to register it's stuff.
[23Feb2025 21:16:03.476] [modloading-worker-0/INFO] [HammerLib/]: Hooked Lorg/zeith/hammerlib/core/init/SourceTypesHL; from hammerlib to register it's stuff.
[23Feb2025 21:16:03.480] [modloading-worker-0/INFO] [HammerLib/]: Hooked Lorg/zeith/hammerlib/core/init/RecipesHL; from hammerlib to register it's stuff.
[23Feb2025 21:16:03.480] [modloading-worker-0/INFO] [HammerLib/]: Hooked Lorg/zeith/hammerlib/core/init/LevelActionTypesHL; from hammerlib to register it's stuff.
[23Feb2025 21:16:03.480] [modloading-worker-0/INFO] [HammerLib/]: Hooked Lorg/zeith/hammerlib/core/init/ItemsHL; from hammerlib to register it's stuff.
[23Feb2025 21:16:03.481] [modloading-worker-0/INFO] [HammerLib/]: Hooked Lorg/zeith/hammerlib/core/init/GearsHL; from hammerlib to register it's stuff.
[23Feb2025 21:16:03.481] [modloading-worker-0/INFO] [HammerLib/]: Hooked Lorg/zeith/hammerlib/api/forge/ContainerAPI; from hammerlib to register it's stuff.
[23Feb2025 21:16:03.481] [modloading-worker-0/INFO] [HammerLib/]: Hooked Lorg/zeith/improvableskills/init/SkillsIS; from improvableskills to register it's stuff.
[23Feb2025 21:16:03.482] [modloading-worker-0/INFO] [HammerLib/]: Hooked Lorg/zeith/improvableskills/init/RecipeTypesIS; from improvableskills to register it's stuff.
[23Feb2025 21:16:03.482] [modloading-worker-0/INFO] [HammerLib/]: Hooked Lorg/zeith/improvableskills/init/ParticleTypesIS; from improvableskills to register it's stuff.
[23Feb2025 21:16:03.482] [modloading-worker-0/INFO] [HammerLib/]: Hooked Lorg/zeith/improvableskills/init/PageletsIS; from improvableskills to register it's stuff.
[23Feb2025 21:16:03.482] [modloading-worker-0/INFO] [HammerLib/]: Hooked Lorg/zeith/improvableskills/init/ItemsIS; from improvableskills to register it's stuff.
[23Feb2025 21:16:03.492] [modloading-worker-0/INFO] [HammerLib/]: Hooked Lorg/zeith/improvableskills/init/GuiHooksIS; from improvableskills to register it's stuff.
[23Feb2025 21:16:03.492] [modloading-worker-0/INFO] [HammerLib/]: Hooked Lorg/zeith/improvableskills/init/AbilitiesIS; from improvableskills to register it's stuff.
[23Feb2025 21:16:03.501] [modloading-worker-0/INFO] [HammerLib/]: Injecting config setup into class org.zeith.improvableskills.cfg.ConfigsIS
[23Feb2025 21:16:03.616] [modloading-worker-0/INFO] [HammerLib/]: Injecting setup into org.zeith.hammerlib.net.Network
[23Feb2025 21:16:04.142] [modloading-worker-0/INFO] [thedarkcolour.kotlinforforge.test.KotlinForForge/]: Kotlin For Forge Enabled!
[23Feb2025 21:16:04.215] [modloading-worker-0/INFO] [Spartan Shields/]: Constructing Mod: Spartan Shields
[23Feb2025 21:16:05.110] [main/INFO] [BasicNetherOres/]: BNO - Block Registered
[23Feb2025 21:16:05.406] [main/INFO] [BasicNetherOres/]: BNO - Block Items Registered
[23Feb2025 21:16:06.273] [main/INFO] [evilcraft/]: 2205 possible Broom base combinations are ready for flying!
[23Feb2025 21:16:07.018] [main/INFO] [Spartan Shields/]: Loading config spartanshields-common.toml
[23Feb2025 21:16:07.048] [modloading-worker-0/INFO] [com.blocklegend001.expore.ExpOre/]: ExpOre Loaded
[23Feb2025 21:16:07.055] [modloading-worker-0/INFO] [HammerLib/]: Setup HammerLib networking!
[23Feb2025 21:16:07.220] [modloading-worker-0/INFO] [evilcraft/]: Registered packet handler.
[23Feb2025 21:16:07.265] [Forge Version Check/INFO] [net.minecraftforge.fml.VersionChecker/]: [cyclopscore] Starting version check at https://raw.githubusercontent.com/CyclopsMC/Versions/master/forge_update/cyclops-core.json
[23Feb2025 21:16:07.275] [modloading-worker-0/INFO] [Spartan Shields/]: Setting up Spartan Shields!
[23Feb2025 21:16:07.515] [main/INFO] [com.tiviacz.travelersbackpack.TravelersBackpack/]: Registered the FluidEffect with Unique ID of minecraft:water for Water (Fluid Amount Required: 1000) with the ID 0
[23Feb2025 21:16:07.515] [main/INFO] [com.tiviacz.travelersbackpack.TravelersBackpack/]: Registered the FluidEffect with Unique ID of minecraft:lava for Lava (Fluid Amount Required: 1000) with the ID 1
[23Feb2025 21:16:07.515] [main/INFO] [com.tiviacz.travelersbackpack.TravelersBackpack/]: Registered the FluidEffect with Unique ID of travelersbackpack:potion for Uncraftable Potion (Fluid Amount Required: 250) with the ID 2
[23Feb2025 21:16:07.516] [main/INFO] [com.tiviacz.travelersbackpack.TravelersBackpack/]: Registered the FluidEffect with Unique ID of minecraft:milk for Milk (Fluid Amount Required: 1000) with the ID 3
[23Feb2025 21:16:07.540] [modloading-worker-0/INFO] [xaero.minimap.XaeroMinimap/]: Loading Xaero's Minimap - Stage 1/2 (Server)
[23Feb2025 21:16:07.554] [main/INFO] [xaero.minimap.XaeroMinimap/]: Loading Xaero's Minimap - Stage 2/2 (Server)
[23Feb2025 21:16:07.581] [Forge Version Check/INFO] [net.minecraftforge.fml.VersionChecker/]: [cyclopscore] Found status: UP_TO_DATE Current: 1.19.7 Target: null
[23Feb2025 21:16:07.583] [modloading-worker-0/INFO] [HammerLib/]: Performed registerFoil from hammerlib. Determined constant(0xFFFFFF0F) foil provider
[23Feb2025 21:16:07.584] [modloading-worker-0/INFO] [HammerLib/]: Performed registerFoil from hammerlib. Determined dynamic(org.zeith.hammerlib.client.CustomFoilConfigs$$Lambda$9342/0x0000756619590ab0@8e4ea2d) foil provider
[23Feb2025 21:16:07.594] [Forge Version Check/INFO] [net.minecraftforge.fml.VersionChecker/]: [hammerlib] Starting version check at https://api.modrinth.com/updates/PlkSuVtM/forge_updates.json
[23Feb2025 21:16:07.643] [modloading-worker-0/INFO] [Jade/]: Start loading plugin at org.zeith.hammerlib.compat.jade.GetWaila
[23Feb2025 21:16:07.651] [modloading-worker-0/INFO] [Jade/]: Start loading plugin at snownee.jade.addon.vanilla.VanillaPlugin
[23Feb2025 21:16:07.663] [modloading-worker-0/INFO] [Jade/]: Start loading plugin at snownee.jade.addon.universal.UniversalPlugin
[23Feb2025 21:16:07.667] [modloading-worker-0/INFO] [Jade/]: Start loading plugin at snownee.jade.addon.core.CorePlugin
[23Feb2025 21:16:07.669] [modloading-worker-0/INFO] [Jade/]: Start loading plugin at ovh.corail.tombstone.compatibility.IntegrationJade
[23Feb2025 21:16:08.088] [Forge Version Check/INFO] [net.minecraftforge.fml.VersionChecker/]: [hammerlib] Found status: AHEAD Current: 20.1.32 Target: null
[23Feb2025 21:16:08.088] [Forge Version Check/INFO] [net.minecraftforge.fml.VersionChecker/]: [travelersbackpack] Starting version check at https://gist.githubusercontent.com/Tiviacz1337/906937677aa472285dff9d6c2a189d5e/raw
[23Feb2025 21:16:08.182] [Forge Version Check/INFO] [net.minecraftforge.fml.VersionChecker/]: [travelersbackpack] Found status: UP_TO_DATE Current: 9.1.16 Target: null
[23Feb2025 21:16:08.182] [Forge Version Check/INFO] [net.minecraftforge.fml.VersionChecker/]: [evilcraft] Starting version check at https://raw.githubusercontent.com/CyclopsMC/Versions/master/forge_update/evilcraft.json
[23Feb2025 21:16:08.197] [Forge Version Check/INFO] [net.minecraftforge.fml.VersionChecker/]: [evilcraft] Found status: OUTDATED Current: 1.2.48 Target: 1.2.51
[23Feb2025 21:16:08.197] [Forge Version Check/INFO] [net.minecraftforge.fml.VersionChecker/]: [forge] Starting version check at https://files.minecraftforge.net/net/minecraftforge/forge/promotions_slim.json
[23Feb2025 21:16:08.334] [Forge Version Check/INFO] [net.minecraftforge.fml.VersionChecker/]: [forge] Found status: OUTDATED Current: 47.3.7 Target: 47.3.33
[23Feb2025 21:16:08.336] [Forge Version Check/INFO] [net.minecraftforge.fml.VersionChecker/]: [ancore] Starting version check at https://addons-ecs.forgesvc.net/api/v2/addon/1083162
[23Feb2025 21:16:08.471] [Forge Version Check/WARN] [net.minecraftforge.fml.VersionChecker/]: Failed to process update information
java.net.ConnectException: null
	at jdk.internal.net.http.HttpClientImpl.send(HttpClientImpl.java:574) ~[java.net.http:?]
	at jdk.internal.net.http.HttpClientFacade.send(HttpClientFacade.java:123) ~[java.net.http:?]
	at net.minecraftforge.fml.VersionChecker$1.openUrlString(VersionChecker.java:139) ~[fmlcore-1.20.1-47.3.7.jar%23202!/:?]
	at net.minecraftforge.fml.VersionChecker$1.process(VersionChecker.java:177) ~[fmlcore-1.20.1-47.3.7.jar%23202!/:?]
	at java.lang.Iterable.forEach(Iterable.java:75) ~[?:?]
	at net.minecraftforge.fml.VersionChecker$1.run(VersionChecker.java:114) ~[fmlcore-1.20.1-47.3.7.jar%23202!/:?]
Caused by: java.net.ConnectException
	at jdk.internal.net.http.common.Utils.toConnectException(Utils.java:1083) ~[java.net.http:?]
	at jdk.internal.net.http.PlainHttpConnection.connectAsync(PlainHttpConnection.java:198) ~[java.net.http:?]
	at jdk.internal.net.http.AsyncSSLConnection.connectAsync(AsyncSSLConnection.java:56) ~[java.net.http:?]
	at jdk.internal.net.http.Http2Connection.createAsync(Http2Connection.java:443) ~[java.net.http:?]
	at jdk.internal.net.http.Http2ClientImpl.getConnectionFor(Http2ClientImpl.java:131) ~[java.net.http:?]
	at jdk.internal.net.http.ExchangeImpl.get(ExchangeImpl.java:93) ~[java.net.http:?]
	at jdk.internal.net.http.Exchange.establishExchange(Exchange.java:349) ~[java.net.http:?]
	at jdk.internal.net.http.Exchange.responseAsyncImpl0(Exchange.java:542) ~[java.net.http:?]
	at jdk.internal.net.http.Exchange.responseAsyncImpl(Exchange.java:386) ~[java.net.http:?]
	at jdk.internal.net.http.Exchange.responseAsync(Exchange.java:378) ~[java.net.http:?]
	at jdk.internal.net.http.MultiExchange.responseAsyncImpl(MultiExchange.java:408) ~[java.net.http:?]
	at jdk.internal.net.http.MultiExchange.lambda$responseAsyncImpl$7(MultiExchange.java:449) ~[java.net.http:?]
	at java.util.concurrent.CompletableFuture.uniHandle(CompletableFuture.java:934) ~[?:?]
	at java.util.concurrent.CompletableFuture.uniHandleStage(CompletableFuture.java:950) ~[?:?]
	at java.util.concurrent.CompletableFuture.handle(CompletableFuture.java:2340) ~[?:?]
	at jdk.internal.net.http.MultiExchange.responseAsyncImpl(MultiExchange.java:439) ~[java.net.http:?]
	at jdk.internal.net.http.MultiExchange.lambda$responseAsync0$2(MultiExchange.java:341) ~[java.net.http:?]
	at java.util.concurrent.CompletableFuture$UniCompose.tryFire(CompletableFuture.java:1150) ~[?:?]
	at java.util.concurrent.CompletableFuture.postComplete(CompletableFuture.java:510) ~[?:?]
	at java.util.concurrent.CompletableFuture$AsyncSupply.run(CompletableFuture.java:1773) ~[?:?]
	at jdk.internal.net.http.HttpClientImpl$DelegatingExecutor.execute(HttpClientImpl.java:158) ~[java.net.http:?]
	at java.util.concurrent.CompletableFuture.completeAsync(CompletableFuture.java:2673) ~[?:?]
	at jdk.internal.net.http.MultiExchange.responseAsync(MultiExchange.java:294) ~[java.net.http:?]
	at jdk.internal.net.http.HttpClientImpl.sendAsync(HttpClientImpl.java:659) ~[java.net.http:?]
	at jdk.internal.net.http.HttpClientImpl.send(HttpClientImpl.java:553) ~[java.net.http:?]
	... 5 more
Caused by: java.nio.channels.UnresolvedAddressException
	at sun.nio.ch.Net.checkAddress(Net.java:149) ~[?:?]
	at sun.nio.ch.Net.checkAddress(Net.java:157) ~[?:?]
	at sun.nio.ch.SocketChannelImpl.checkRemote(SocketChannelImpl.java:816) ~[?:?]
	at sun.nio.ch.SocketChannelImpl.connect(SocketChannelImpl.java:839) ~[?:?]
	at jdk.internal.net.http.PlainHttpConnection.lambda$connectAsync$0(PlainHttpConnection.java:183) ~[java.net.http:?]
	at java.security.AccessController.doPrivileged(AccessController.java:569) ~[?:?]
	at jdk.internal.net.http.PlainHttpConnection.connectAsync(PlainHttpConnection.java:185) ~[java.net.http:?]
	at jdk.internal.net.http.AsyncSSLConnection.connectAsync(AsyncSSLConnection.java:56) ~[java.net.http:?]
	at jdk.internal.net.http.Http2Connection.createAsync(Http2Connection.java:443) ~[java.net.http:?]
	at jdk.internal.net.http.Http2ClientImpl.getConnectionFor(Http2ClientImpl.java:131) ~[java.net.http:?]
	at jdk.internal.net.http.ExchangeImpl.get(ExchangeImpl.java:93) ~[java.net.http:?]
	at jdk.internal.net.http.Exchange.establishExchange(Exchange.java:349) ~[java.net.http:?]
	at jdk.internal.net.http.Exchange.responseAsyncImpl0(Exchange.java:542) ~[java.net.http:?]
	at jdk.internal.net.http.Exchange.responseAsyncImpl(Exchange.java:386) ~[java.net.http:?]
	at jdk.internal.net.http.Exchange.responseAsync(Exchange.java:378) ~[java.net.http:?]
	at jdk.internal.net.http.MultiExchange.responseAsyncImpl(MultiExchange.java:408) ~[java.net.http:?]
	at jdk.internal.net.http.MultiExchange.lambda$responseAsyncImpl$7(MultiExchange.java:449) ~[java.net.http:?]
	at java.util.concurrent.CompletableFuture.uniHandle(CompletableFuture.java:934) ~[?:?]
	at java.util.concurrent.CompletableFuture.uniHandleStage(CompletableFuture.java:950) ~[?:?]
	at java.util.concurrent.CompletableFuture.handle(CompletableFuture.java:2340) ~[?:?]
	at jdk.internal.net.http.MultiExchange.responseAsyncImpl(MultiExchange.java:439) ~[java.net.http:?]
	at jdk.internal.net.http.MultiExchange.lambda$responseAsync0$2(MultiExchange.java:341) ~[java.net.http:?]
	at java.util.concurrent.CompletableFuture$UniCompose.tryFire(CompletableFuture.java:1150) ~[?:?]
	at java.util.concurrent.CompletableFuture.postComplete(CompletableFuture.java:510) ~[?:?]
	at java.util.concurrent.CompletableFuture$AsyncSupply.run(CompletableFuture.java:1773) ~[?:?]
	at jdk.internal.net.http.HttpClientImpl$DelegatingExecutor.execute(HttpClientImpl.java:158) ~[java.net.http:?]
	at java.util.concurrent.CompletableFuture.completeAsync(CompletableFuture.java:2673) ~[?:?]
	at jdk.internal.net.http.MultiExchange.responseAsync(MultiExchange.java:294) ~[java.net.http:?]
	at jdk.internal.net.http.HttpClientImpl.sendAsync(HttpClientImpl.java:659) ~[java.net.http:?]
	at jdk.internal.net.http.HttpClientImpl.send(HttpClientImpl.java:553) ~[java.net.http:?]
	... 5 more
[23Feb2025 21:16:08.476] [Forge Version Check/INFO] [net.minecraftforge.fml.VersionChecker/]: [easy_hammers] Starting version check at https://www.curseforge.com/api/v2/addon/484665/files
[23Feb2025 21:16:08.608] [Forge Version Check/WARN] [net.minecraftforge.fml.VersionChecker/]: Failed to process update information
com.google.gson.JsonSyntaxException: java.lang.IllegalStateException: Expected BEGIN_OBJECT but was STRING at line 3 column 1 path $
	at com.google.gson.Gson.fromJson(Gson.java:1226) ~[gson-2.10.jar%2372!/:?]
	at com.google.gson.Gson.fromJson(Gson.java:1124) ~[gson-2.10.jar%2372!/:?]
	at com.google.gson.Gson.fromJson(Gson.java:1034) ~[gson-2.10.jar%2372!/:?]
	at com.google.gson.Gson.fromJson(Gson.java:969) ~[gson-2.10.jar%2372!/:?]
	at net.minecraftforge.fml.VersionChecker$1.process(VersionChecker.java:183) ~[fmlcore-1.20.1-47.3.7.jar%23202!/:?]
	at java.lang.Iterable.forEach(Iterable.java:75) ~[?:?]
	at net.minecraftforge.fml.VersionChecker$1.run(VersionChecker.java:114) ~[fmlcore-1.20.1-47.3.7.jar%23202!/:?]
Caused by: java.lang.IllegalStateException: Expected BEGIN_OBJECT but was STRING at line 3 column 1 path $
	at com.google.gson.stream.JsonReader.beginObject(JsonReader.java:393) ~[gson-2.10.jar%2372!/:?]
	at com.google.gson.internal.bind.MapTypeAdapterFactory$Adapter.read(MapTypeAdapterFactory.java:182) ~[gson-2.10.jar%2372!/:?]
	at com.google.gson.internal.bind.MapTypeAdapterFactory$Adapter.read(MapTypeAdapterFactory.java:144) ~[gson-2.10.jar%2372!/:?]
	at com.google.gson.Gson.fromJson(Gson.java:1214) ~[gson-2.10.jar%2372!/:?]
	... 6 more
[23Feb2025 21:16:08.608] [Forge Version Check/INFO] [net.minecraftforge.fml.VersionChecker/]: [improvableskills] Starting version check at https://api.modrinth.com/updates/9fT7HUaI/forge_updates.json
[23Feb2025 21:16:08.711] [Forge Version Check/INFO] [net.minecraftforge.fml.VersionChecker/]: [improvableskills] Found status: OUTDATED Current: 20.1.11 Target: 20.1.13
[23Feb2025 21:16:08.711] [Forge Version Check/INFO] [net.minecraftforge.fml.VersionChecker/]: [mr_dungeons_andtaverns] Starting version check at https://api.modrinth.com/updates/tpehi7ww/forge_updates.json
[23Feb2025 21:16:08.878] [Forge Version Check/INFO] [net.minecraftforge.fml.VersionChecker/]: [mr_dungeons_andtaverns] Found status: OUTDATED Current: 3.0.3.f Target: 3.0.3.f+mod
[23Feb2025 21:16:08.878] [Forge Version Check/INFO] [net.minecraftforge.fml.VersionChecker/]: [tombstone] Starting version check at https://raw.githubusercontent.com/Corail31/tombstone_lite/master/update.json
[23Feb2025 21:16:08.901] [Forge Version Check/INFO] [net.minecraftforge.fml.VersionChecker/]: [tombstone] Found status: UP_TO_DATE Current: 8.9.0 Target: null
[23Feb2025 21:16:08.901] [Forge Version Check/INFO] [net.minecraftforge.fml.VersionChecker/]: [torchbowmod] Starting version check at https://raw.githubusercontent.com/noriokun4649/TorchBowMod/master/update.json
[23Feb2025 21:16:08.960] [Forge Version Check/INFO] [net.minecraftforge.fml.VersionChecker/]: [torchbowmod] Found status: BETA Current: 1.0.0 Target: null
[23Feb2025 21:16:09.750] [main/INFO] [com.mojang.authlib.yggdrasil.YggdrasilAuthenticationService/]: Environment: authHost='https://authserver.mojang.com', accountsHost='https://api.mojang.com', sessionHost='https://sessionserver.mojang.com', servicesHost='https://api.minecraftservices.com', name='PROD'
[23Feb2025 21:16:10.718] [main/WARN] [net.minecraft.server.packs.VanillaPackResourcesBuilder/]: Assets URL 'union:/workspaces/MCECRA/servidor_minecraft/libraries/net/minecraft/server/1.20.1-20230612.114412/server-1.20.1-20230612.114412-srg.jar%23201!/assets/.mcassetsroot' uses unexpected schema
[23Feb2025 21:16:10.719] [main/WARN] [net.minecraft.server.packs.VanillaPackResourcesBuilder/]: Assets URL 'union:/workspaces/MCECRA/servidor_minecraft/libraries/net/minecraft/server/1.20.1-20230612.114412/server-1.20.1-20230612.114412-srg.jar%23201!/data/.mcassetsroot' uses unexpected schema
[23Feb2025 21:16:12.477] [main/INFO] [com.github.alexthe666.alexsmobs.AlexsMobs/]: Adding datapack listener capsid_recipes
[23Feb2025 21:16:12.500] [Worker-Main-4/WARN] [HammerLib/]: Unable to find registry for tag directory tags/forge/biome_modifier
[23Feb2025 21:16:12.505] [Worker-Main-5/WARN] [HammerLib/]: Unable to find registry for tag directory tags/worldgen/material_rule
[23Feb2025 21:16:12.512] [Worker-Main-3/WARN] [HammerLib/]: Unable to find registry for tag directory tags/instrument
[23Feb2025 21:16:12.514] [Worker-Main-3/WARN] [HammerLib/]: Unable to find registry for tag directory tags/position_source_type
[23Feb2025 21:16:12.515] [Worker-Main-3/WARN] [HammerLib/]: Unable to find registry for tag directory tags/worldgen/structure_piece
[23Feb2025 21:16:12.506] [Worker-Main-4/WARN] [HammerLib/]: Unable to find registry for tag directory tags/worldgen/structure_set
[23Feb2025 21:16:12.516] [Worker-Main-4/WARN] [HammerLib/]: Unable to find registry for tag directory tags/rule_test
[23Feb2025 21:16:12.519] [Worker-Main-4/WARN] [HammerLib/]: Unable to find registry for tag directory tags/worldgen/noise
[23Feb2025 21:16:12.520] [Worker-Main-4/WARN] [HammerLib/]: Unable to find registry for tag directory tags/dimension
[23Feb2025 21:16:12.520] [Worker-Main-4/WARN] [HammerLib/]: Unable to find registry for tag directory tags/loot_nbt_provider_type
[23Feb2025 21:16:12.522] [Worker-Main-4/WARN] [HammerLib/]: Unable to find registry for tag directory tags/block_predicate_type
[23Feb2025 21:16:12.523] [Worker-Main-4/WARN] [HammerLib/]: Unable to find registry for tag directory tags/worldgen/feature_size_type
[23Feb2025 21:16:12.532] [Worker-Main-5/WARN] [HammerLib/]: Unable to find registry for tag directory tags/loot_function_type
[23Feb2025 21:16:12.535] [Worker-Main-5/WARN] [HammerLib/]: Unable to find registry for tag directory tags/worldgen/chunk_generator
[23Feb2025 21:16:12.540] [Worker-Main-5/WARN] [HammerLib/]: Unable to find registry for tag directory tags/worldgen/structure_pool_element
[23Feb2025 21:16:12.544] [Worker-Main-5/WARN] [HammerLib/]: Unable to find registry for tag directory tags/worldgen/density_function_type
[23Feb2025 21:16:12.555] [Worker-Main-3/WARN] [HammerLib/]: Unable to find registry for tag directory tags/forge/structure_modifier
[23Feb2025 21:16:12.556] [Worker-Main-3/WARN] [HammerLib/]: Unable to find registry for tag directory tags/worldgen/flat_level_generator_preset
[23Feb2025 21:16:12.557] [Worker-Main-3/WARN] [HammerLib/]: Unable to find registry for tag directory tags/decorated_pot_patterns
[23Feb2025 21:16:12.558] [Worker-Main-3/WARN] [HammerLib/]: Unable to find registry for tag directory tags/worldgen/material_condition
[23Feb2025 21:16:12.559] [Worker-Main-3/WARN] [HammerLib/]: Unable to find registry for tag directory tags/worldgen/configured_feature
[23Feb2025 21:16:12.563] [Worker-Main-3/WARN] [HammerLib/]: Unable to find registry for tag directory tags/worldgen/structure_placement
[23Feb2025 21:16:12.565] [Worker-Main-3/WARN] [HammerLib/]: Unable to find registry for tag directory tags/worldgen/configured_carver
[23Feb2025 21:16:12.566] [Worker-Main-3/WARN] [HammerLib/]: Unable to find registry for tag directory tags/height_provider_type
[23Feb2025 21:16:12.567] [Worker-Main-3/WARN] [HammerLib/]: Unable to find registry for tag directory tags/worldgen/structure_processor
[23Feb2025 21:16:12.570] [Worker-Main-3/WARN] [HammerLib/]: Unable to find registry for tag directory tags/banner_pattern
[23Feb2025 21:16:12.572] [Worker-Main-3/WARN] [HammerLib/]: Unable to find registry for tag directory tags/worldgen/noise_settings
[23Feb2025 21:16:12.573] [Worker-Main-4/WARN] [HammerLib/]: Unable to find registry for tag directory tags/worldgen/template_pool
[23Feb2025 21:16:12.573] [Worker-Main-3/WARN] [HammerLib/]: Unable to find registry for tag directory tags/loot_condition_type
[23Feb2025 21:16:12.574] [Worker-Main-3/WARN] [HammerLib/]: Unable to find registry for tag directory tags/loot_score_provider_type
[23Feb2025 21:16:12.576] [Worker-Main-3/WARN] [HammerLib/]: Unable to find registry for tag directory tags/frog_variant
[23Feb2025 21:16:12.578] [Worker-Main-4/WARN] [HammerLib/]: Unable to find registry for tag directory tags/cat_variant
[23Feb2025 21:16:12.580] [Worker-Main-4/WARN] [HammerLib/]: Unable to find registry for tag directory tags/game_events
[23Feb2025 21:16:12.580] [Worker-Main-3/WARN] [HammerLib/]: Unable to find registry for tag directory tags/worldgen/processor_list
[23Feb2025 21:16:12.581] [Worker-Main-4/WARN] [HammerLib/]: Unable to find registry for tag directory tags/worldgen/placement_modifier_type
[23Feb2025 21:16:12.581] [Worker-Main-3/WARN] [HammerLib/]: Unable to find registry for tag directory tags/worldgen/structure_type
[23Feb2025 21:16:12.583] [Worker-Main-3/WARN] [HammerLib/]: Unable to find registry for tag directory tags/worldgen/root_placer_type
[23Feb2025 21:16:12.583] [Worker-Main-4/WARN] [HammerLib/]: Unable to find registry for tag directory tags/worldgen/world_preset
[23Feb2025 21:16:12.584] [Worker-Main-3/WARN] [HammerLib/]: Unable to find registry for tag directory tags/trim_material
[23Feb2025 21:16:12.586] [Worker-Main-3/WARN] [HammerLib/]: Unable to find registry for tag directory tags/paraglider/bargain_types
[23Feb2025 21:16:12.587] [Worker-Main-3/WARN] [HammerLib/]: Unable to find registry for tag directory tags/worldgen/trunk_placer_type
[23Feb2025 21:16:12.591] [Worker-Main-3/WARN] [HammerLib/]: Unable to find registry for tag directory tags/trim_pattern
[23Feb2025 21:16:12.593] [Worker-Main-3/WARN] [HammerLib/]: Unable to find registry for tag directory tags/dimension_type
[23Feb2025 21:16:12.594] [Worker-Main-3/WARN] [HammerLib/]: Unable to find registry for tag directory tags/loot_pool_entry_type
[23Feb2025 21:16:12.595] [Worker-Main-3/WARN] [HammerLib/]: Unable to find registry for tag directory tags/worldgen/placed_feature
[23Feb2025 21:16:12.596] [Worker-Main-4/WARN] [HammerLib/]: Unable to find registry for tag directory tags/loot_number_provider_type
[23Feb2025 21:16:12.597] [Worker-Main-4/WARN] [HammerLib/]: Unable to find registry for tag directory tags/rule_block_entity_modifier
[23Feb2025 21:16:12.599] [Worker-Main-3/WARN] [HammerLib/]: Unable to find registry for tag directory tags/worldgen/structure
[23Feb2025 21:16:12.601] [Worker-Main-3/WARN] [HammerLib/]: Unable to find registry for tag directory tags/creative_mode_tab
[23Feb2025 21:16:12.602] [Worker-Main-3/WARN] [HammerLib/]: Unable to find registry for tag directory tags/custom_stat
[23Feb2025 21:16:12.603] [Worker-Main-3/WARN] [HammerLib/]: Unable to find registry for tag directory tags/worldgen/multi_noise_biome_source_parameter_list
[23Feb2025 21:16:12.604] [Worker-Main-3/WARN] [HammerLib/]: Unable to find registry for tag directory tags/float_provider_type
[23Feb2025 21:16:12.605] [Worker-Main-3/WARN] [HammerLib/]: Unable to find registry for tag directory tags/worldgen/biome_source
[23Feb2025 21:16:12.606] [Worker-Main-3/WARN] [HammerLib/]: Unable to find registry for tag directory tags/int_provider_type
[23Feb2025 21:16:12.607] [Worker-Main-3/WARN] [HammerLib/]: Unable to find registry for tag directory tags/villager_type
[23Feb2025 21:16:12.608] [Worker-Main-3/WARN] [HammerLib/]: Unable to find registry for tag directory tags/worldgen/density_function
[23Feb2025 21:16:12.612] [Worker-Main-3/WARN] [HammerLib/]: Unable to find registry for tag directory tags/chat_type
[23Feb2025 21:16:12.615] [Worker-Main-3/WARN] [HammerLib/]: Unable to find registry for tag directory tags/damage_type
[23Feb2025 21:16:12.626] [Worker-Main-3/WARN] [HammerLib/]: Unable to find registry for tag directory tags/pos_rule_test
[23Feb2025 21:16:12.982] [Worker-Main-3/INFO] [ImprovableSkills/]: Injecting parchment into LootTable 'nova_structures:chests/pillager_outpost_treasure'!
[23Feb2025 21:16:12.990] [Worker-Main-3/INFO] [ImprovableSkills/]: Injecting scroll for skill 'improvableskills:silent_foot' into LootTable 'minecraft:entities/warden'!
[23Feb2025 21:16:13.026] [Worker-Main-3/INFO] [ImprovableSkills/]: Injecting parchment into LootTable 'nova_structures:chests/conduit_ruin/conduit_ruin_big'!
[23Feb2025 21:16:13.033] [Worker-Main-3/INFO] [ImprovableSkills/]: Injecting parchment into LootTable 'nova_structures:chests/witch_villa/potion_brewing'!
[23Feb2025 21:16:13.037] [Worker-Main-3/INFO] [ImprovableSkills/]: Injecting parchment into LootTable 'minecraft:chests/bastion_treasure'!
[23Feb2025 21:16:13.039] [Worker-Main-3/INFO] [ImprovableSkills/]: Injecting parchment into LootTable 'nova_structures:chests/illager_hideout_tresure'!
[23Feb2025 21:16:13.051] [Worker-Main-3/INFO] [ImprovableSkills/]: Injecting parchment into LootTable 'nova_structures:chests/witch_villa/general_storage'!
[23Feb2025 21:16:13.052] [Worker-Main-3/INFO] [ImprovableSkills/]: Injecting parchment into LootTable 'minecraft:chests/shipwreck_map'!
[23Feb2025 21:16:13.067] [Worker-Main-3/INFO] [ImprovableSkills/]: Injecting parchment into LootTable 'minecraft:chests/illager_mansion/generic'!
[23Feb2025 21:16:13.076] [Worker-Main-3/INFO] [ImprovableSkills/]: Injecting parchment into LootTable 'minecraft:chests/illager_mansion/map_chest'!
[23Feb2025 21:16:13.086] [Worker-Main-3/INFO] [ImprovableSkills/]: Injecting parchment into LootTable 'nova_structures:chests/ruin_loot_master'!
[23Feb2025 21:16:13.091] [Worker-Main-3/INFO] [ImprovableSkills/]: Injecting parchment into LootTable 'minecraft:chests/village/village_jungle_house'!
[23Feb2025 21:16:13.096] [Worker-Main-3/INFO] [ImprovableSkills/]: Injecting scroll for skill 'improvableskills:atkdmg_ranged' into LootTable 'minecraft:entities/skeleton'!
[23Feb2025 21:16:13.097] [Worker-Main-3/INFO] [ImprovableSkills/]: Injecting scroll for skill 'improvableskills:ender_manipulator' into LootTable 'minecraft:entities/enderman'!
[23Feb2025 21:16:13.102] [Worker-Main-3/INFO] [ImprovableSkills/]: Injecting parchment into LootTable 'nova_structures:chests/illager_hideout_lesser_tresure'!
[23Feb2025 21:16:13.108] [Worker-Main-3/INFO] [ImprovableSkills/]: Injecting parchment into LootTable 'nova_structures:chests/illager_camp'!
[23Feb2025 21:16:13.109] [Worker-Main-3/INFO] [ImprovableSkills/]: Injecting parchment into LootTable 'nova_structures:chests/tavern_quest/illager_manor'!
[23Feb2025 21:16:13.112] [Worker-Main-3/INFO] [ImprovableSkills/]: Injecting scroll for skill 'improvableskills:obsidian_skin' into LootTable 'minecraft:chests/nether_bridge'!
[23Feb2025 21:16:13.113] [Worker-Main-3/INFO] [ImprovableSkills/]: Injecting parchment into LootTable 'minecraft:chests/nether_bridge'!
[23Feb2025 21:16:13.114] [Worker-Main-3/INFO] [ImprovableSkills/]: Injecting parchment into LootTable 'nova_structures:chests/illager_hideout_brewing'!
[23Feb2025 21:16:13.116] [Worker-Main-3/INFO] [ImprovableSkills/]: Injecting parchment into LootTable 'nova_structures:chests/hamlet/hamlet_tresure'!
[23Feb2025 21:16:13.119] [Worker-Main-3/INFO] [ImprovableSkills/]: Injecting parchment into LootTable 'nova_structures:chests/witch_villa/library'!
[23Feb2025 21:16:13.132] [Worker-Main-3/INFO] [ImprovableSkills/]: Injecting parchment into LootTable 'minecraft:chests/illager_mansion/wool'!
[23Feb2025 21:16:13.146] [Worker-Main-3/INFO] [ImprovableSkills/]: Injecting parchment into LootTable 'nova_structures:chests/tavern_quest/illager_hideout'!
[23Feb2025 21:16:13.151] [Worker-Main-3/INFO] [ImprovableSkills/]: Injecting parchment into LootTable 'nova_structures:chests/illager_hideout_vegitarian'!
[23Feb2025 21:16:13.153] [Worker-Main-3/INFO] [ImprovableSkills/]: Injecting parchment into LootTable 'nova_structures:chests/creeping_crypt/crypt_grave'!
[23Feb2025 21:16:13.154] [Worker-Main-3/INFO] [ImprovableSkills/]: Injecting parchment into LootTable 'nova_structures:chests/food_supply'!
[23Feb2025 21:16:13.161] [Worker-Main-3/INFO] [ImprovableSkills/]: Injecting parchment into LootTable 'nova_structures:chests/tavern_quest/ancient_city'!
[23Feb2025 21:16:13.170] [Worker-Main-3/INFO] [ImprovableSkills/]: Injecting parchment into LootTable 'nova_structures:chests/piglin_outstation/outstation_treasure'!
[23Feb2025 21:16:13.174] [Worker-Main-3/INFO] [ImprovableSkills/]: Injecting parchment into LootTable 'betterdungeons:skeleton_dungeon/chests/middle'!
[23Feb2025 21:16:13.182] [Worker-Main-3/INFO] [ImprovableSkills/]: Injecting parchment into LootTable 'nova_structures:chests/nether_skeleton_tower/skeleton_tower_supply'!
[23Feb2025 21:16:13.183] [Worker-Main-3/INFO] [ImprovableSkills/]: Injecting parchment into LootTable 'minecraft:chests/underwater_ruin_small'!
[23Feb2025 21:16:13.184] [Worker-Main-3/INFO] [ImprovableSkills/]: Injecting parchment into LootTable 'nova_structures:chests/tavern_quest/witch_villa'!
[23Feb2025 21:16:13.187] [Worker-Main-3/INFO] [ImprovableSkills/]: Injecting parchment into LootTable 'nova_structures:chests/illager_hideout_random'!
[23Feb2025 21:16:13.189] [Worker-Main-3/INFO] [ImprovableSkills/]: Injecting parchment into LootTable 'betterdungeons:skeleton_dungeon/chests/common'!
[23Feb2025 21:16:13.190] [Worker-Main-3/INFO] [ImprovableSkills/]: Injecting parchment into LootTable 'nova_structures:chests/tavern_quest/ruin_town'!
[23Feb2025 21:16:13.194] [Worker-Main-3/INFO] [ImprovableSkills/]: Injecting parchment into LootTable 'nova_structures:chests/conduit_ruin/conduit_ruin_small'!
[23Feb2025 21:16:13.196] [Worker-Main-3/INFO] [ImprovableSkills/]: Injecting parchment into LootTable 'nova_structures:chests/mining_supply'!
[23Feb2025 21:16:13.199] [Worker-Main-3/INFO] [ImprovableSkills/]: Injecting scroll for skill 'improvableskills:xp_plus' into LootTable 'minecraft:entities/elder_guardian'!
[23Feb2025 21:16:13.200] [Worker-Main-3/INFO] [ImprovableSkills/]: Injecting parchment into LootTable 'minecraft:chests/illager_mansion/kitchen'!
[23Feb2025 21:16:13.203] [Worker-Main-3/INFO] [ImprovableSkills/]: Injecting scroll for skill 'improvableskills:mob_repellent' into LootTable 'minecraft:chests/village/village_armorer'!
[23Feb2025 21:16:13.203] [Worker-Main-3/INFO] [ImprovableSkills/]: Injecting parchment into LootTable 'nova_structures:chests/illager_hideout_fishing'!
[23Feb2025 21:16:13.204] [Worker-Main-3/INFO] [ImprovableSkills/]: Injecting parchment into LootTable 'minecraft:chests/bastion_hoglin_stable'!
[23Feb2025 21:16:13.219] [Worker-Main-3/INFO] [ImprovableSkills/]: Injecting parchment into LootTable 'nova_structures:chests/nether_skeleton_tower/skeleton_tower_chest'!
[23Feb2025 21:16:13.221] [Worker-Main-3/INFO] [ImprovableSkills/]: Injecting parchment into LootTable 'minecraft:chests/igloo_chest'!
[23Feb2025 21:16:13.222] [Worker-Main-3/INFO] [ImprovableSkills/]: Injecting scroll for skill 'improvableskills:silent_foot' into LootTable 'minecraft:chests/ancient_city'!
[23Feb2025 21:16:13.222] [Worker-Main-3/INFO] [ImprovableSkills/]: Injecting parchment into LootTable 'minecraft:chests/ancient_city'!
[23Feb2025 21:16:13.230] [Worker-Main-3/INFO] [ImprovableSkills/]: Injecting parchment into LootTable 'nova_structures:chests/stray_fort_tresure'!
[23Feb2025 21:16:13.231] [Worker-Main-3/INFO] [ImprovableSkills/]: Injecting parchment into LootTable 'nova_structures:chests/water_supply'!
[23Feb2025 21:16:13.235] [Worker-Main-3/INFO] [ImprovableSkills/]: Injecting parchment into LootTable 'nova_structures:chests/creeping_crypt/crypt_hallway'!
[23Feb2025 21:16:13.238] [Worker-Main-3/INFO] [ImprovableSkills/]: Injecting parchment into LootTable 'nova_structures:chests/piglin_outstation/outstation_tower'!
[23Feb2025 21:16:13.239] [Worker-Main-3/INFO] [ImprovableSkills/]: Injecting parchment into LootTable 'minecraft:chests/illager_mansion/ravager_chest'!
[23Feb2025 21:16:13.246] [Worker-Main-3/INFO] [ImprovableSkills/]: Injecting parchment into LootTable 'minecraft:chests/illager_mansion/pillager_chest'!
[23Feb2025 21:16:13.249] [Worker-Main-3/INFO] [ImprovableSkills/]: Injecting parchment into LootTable 'minecraft:chests/illager_mansion/evoker_chest'!
[23Feb2025 21:16:13.252] [Worker-Main-3/INFO] [ImprovableSkills/]: Injecting parchment into LootTable 'nova_structures:chests/pillager_outpost_kitchen'!
[23Feb2025 21:16:13.257] [Worker-Main-3/INFO] [ImprovableSkills/]: Injecting parchment into LootTable 'nova_structures:chests/badland_miner_outpost_towers'!
[23Feb2025 21:16:13.270] [Worker-Main-3/INFO] [ImprovableSkills/]: Injecting scroll for skill 'improvableskills:growth' into LootTable 'minecraft:chests/jungle_temple'!
[23Feb2025 21:16:13.270] [Worker-Main-3/INFO] [ImprovableSkills/]: Injecting parchment into LootTable 'minecraft:chests/jungle_temple'!
[23Feb2025 21:16:13.271] [Worker-Main-3/INFO] [ImprovableSkills/]: Injecting parchment into LootTable 'nova_structures:chests/illager_hideout_library'!
[23Feb2025 21:16:13.272] [Worker-Main-3/INFO] [ImprovableSkills/]: Injecting parchment into LootTable 'minecraft:chests/illager_mansion/witch_chest'!
[23Feb2025 21:16:13.275] [Worker-Main-3/INFO] [ImprovableSkills/]: Injecting parchment into LootTable 'nova_structures:chests/firewatch_tower'!
[23Feb2025 21:16:13.275] [Worker-Main-3/INFO] [ImprovableSkills/]: Injecting parchment into LootTable 'minecraft:chests/illager_mansion/smithing_room'!
[23Feb2025 21:16:13.281] [Worker-Main-3/INFO] [ImprovableSkills/]: Injecting parchment into LootTable 'nova_structures:chests/illager_hideout_trash'!
[23Feb2025 21:16:13.282] [Worker-Main-3/INFO] [ImprovableSkills/]: Injecting parchment into LootTable 'nova_structures:chests/badland_miner_outpost_forge'!
[23Feb2025 21:16:13.288] [Worker-Main-3/INFO] [ImprovableSkills/]: Injecting scroll for skill 'improvableskills:health' into LootTable 'minecraft:chests/end_city_treasure'!
[23Feb2025 21:16:13.288] [Worker-Main-3/INFO] [ImprovableSkills/]: Injecting parchment into LootTable 'minecraft:chests/end_city_treasure'!
[23Feb2025 21:16:13.300] [Worker-Main-3/INFO] [ImprovableSkills/]: Injecting scroll for skill 'improvableskills:enchanter' into LootTable 'minecraft:chests/stronghold_library'!
[23Feb2025 21:16:13.301] [Worker-Main-3/INFO] [ImprovableSkills/]: Injecting parchment into LootTable 'minecraft:chests/stronghold_library'!
[23Feb2025 21:16:13.301] [Worker-Main-3/INFO] [ImprovableSkills/]: Injecting parchment into LootTable 'nova_structures:chests/tavern_quest/undead_crypt'!
[23Feb2025 21:16:13.305] [Worker-Main-3/INFO] [ImprovableSkills/]: Injecting parchment into LootTable 'nova_structures:chests/desert_ruins/desert_ruin_main_temple'!
[23Feb2025 21:16:13.306] [Worker-Main-3/INFO] [ImprovableSkills/]: Injecting parchment into LootTable 'nova_structures:chests/witch_villa/lab'!
[23Feb2025 21:16:13.312] [Worker-Main-3/INFO] [ImprovableSkills/]: Injecting parchment into LootTable 'nova_structures:chests/tavern_quest/desert_ruin'!
[23Feb2025 21:16:13.316] [Worker-Main-3/INFO] [ImprovableSkills/]: Injecting parchment into LootTable 'nova_structures:chests/witch_villa/dirty_clothes'!
[23Feb2025 21:16:13.318] [Worker-Main-3/INFO] [ImprovableSkills/]: Injecting parchment into LootTable 'nova_structures:chests/desert_ruins/desert_ruin_grave'!
[23Feb2025 21:16:13.318] [Worker-Main-3/INFO] [ImprovableSkills/]: Injecting parchment into LootTable 'minecraft:chests/illager_mansion/ancient_city_raid_chest'!
[23Feb2025 21:16:13.321] [Worker-Main-3/INFO] [ImprovableSkills/]: Injecting scroll for skill 'improvableskills:silent_foot' into LootTable 'minecraft:chests/ancient_city_ice_box'!
[23Feb2025 21:16:13.322] [Worker-Main-3/INFO] [ImprovableSkills/]: Injecting parchment into LootTable 'minecraft:chests/ancient_city_ice_box'!
[23Feb2025 21:16:13.323] [Worker-Main-3/INFO] [ImprovableSkills/]: Injecting scroll for skill 'improvableskills:generic_protection' into LootTable 'minecraft:chests/simple_dungeon'!
[23Feb2025 21:16:13.323] [Worker-Main-3/INFO] [ImprovableSkills/]: Injecting parchment into LootTable 'minecraft:chests/simple_dungeon'!
[23Feb2025 21:16:13.331] [Worker-Main-3/INFO] [ImprovableSkills/]: Injecting parchment into LootTable 'nova_structures:chests/witch_villa/kitchen'!
[23Feb2025 21:16:13.333] [Worker-Main-3/INFO] [ImprovableSkills/]: Injecting parchment into LootTable 'minecraft:chests/ruined_portal'!
[23Feb2025 21:16:13.333] [Worker-Main-3/INFO] [ImprovableSkills/]: Injecting parchment into LootTable 'nova_structures:chests/badland_miner_outpost'!
[23Feb2025 21:16:13.335] [Worker-Main-3/INFO] [ImprovableSkills/]: Injecting parchment into LootTable 'nova_structures:chests/jungle_ruins/jungle_ruins_main_temple'!
[23Feb2025 21:16:13.338] [Worker-Main-3/INFO] [ImprovableSkills/]: Injecting parchment into LootTable 'nova_structures:chests/illager_hideout_heart_loot'!
[23Feb2025 21:16:13.345] [Worker-Main-3/INFO] [ImprovableSkills/]: Injecting parchment into LootTable 'minecraft:chests/shipwreck_supply'!
[23Feb2025 21:16:13.347] [Worker-Main-3/INFO] [ImprovableSkills/]: Injecting scroll for skill 'improvableskills:alchemist' into LootTable 'minecraft:entities/witch'!
[23Feb2025 21:16:13.351] [Worker-Main-3/INFO] [ImprovableSkills/]: Injecting parchment into LootTable 'nova_structures:chests/illager_hideout_utility'!
[23Feb2025 21:16:13.352] [Worker-Main-3/INFO] [ImprovableSkills/]: Injecting parchment into LootTable 'mowziesmobs:chests/umvuthana_grove_chest'!
[23Feb2025 21:16:13.354] [Worker-Main-3/INFO] [ImprovableSkills/]: Injecting parchment into LootTable 'nova_structures:chests/witch_villa/slime_room'!
[23Feb2025 21:16:13.359] [Worker-Main-3/INFO] [ImprovableSkills/]: Injecting parchment into LootTable 'nova_structures:chests/tavern_quest/jungle_ruin'!
[23Feb2025 21:16:13.361] [Worker-Main-3/INFO] [ImprovableSkills/]: Injecting parchment into LootTable 'minecraft:chests/stronghold_crossing'!
[23Feb2025 21:16:13.364] [Worker-Main-3/INFO] [ImprovableSkills/]: Injecting parchment into LootTable 'nova_structures:chests/witch_villa/bedroom'!
[23Feb2025 21:16:13.368] [Worker-Main-3/INFO] [ImprovableSkills/]: Injecting parchment into LootTable 'betterdungeons:zombie_dungeon/chests/special'!
[23Feb2025 21:16:13.369] [Worker-Main-3/INFO] [ImprovableSkills/]: Injecting scroll for skill 'improvableskills:dexterous_arms' into LootTable 'minecraft:chests/abandoned_mineshaft'!
[23Feb2025 21:16:13.370] [Worker-Main-3/INFO] [ImprovableSkills/]: Injecting parchment into LootTable 'minecraft:chests/abandoned_mineshaft'!
[23Feb2025 21:16:13.372] [Worker-Main-3/INFO] [ImprovableSkills/]: Injecting parchment into LootTable 'minecraft:chests/shipwreck_treasure'!
[23Feb2025 21:16:13.375] [Worker-Main-3/INFO] [ImprovableSkills/]: Injecting parchment into LootTable 'nova_structures:chests/tavern_quest'!
[23Feb2025 21:16:13.380] [Worker-Main-3/INFO] [ImprovableSkills/]: Injecting parchment into LootTable 'minecraft:chests/stronghold_corridor'!
[23Feb2025 21:16:13.382] [Worker-Main-3/INFO] [ImprovableSkills/]: Injecting parchment into LootTable 'minecraft:chests/village/village_swamp_house'!
[23Feb2025 21:16:13.387] [Worker-Main-3/INFO] [ImprovableSkills/]: Injecting parchment into LootTable 'nova_structures:chests/illager_hideout_meat'!
[23Feb2025 21:16:13.389] [Worker-Main-3/INFO] [ImprovableSkills/]: Injecting scroll for skill 'improvableskills:luck_of_the_sea' into LootTable 'minecraft:gameplay/fishing'!
[23Feb2025 21:16:13.390] [Worker-Main-3/INFO] [ImprovableSkills/]: Injecting parchment into LootTable 'nova_structures:chests/desert_ruins/desert_ruin_house'!
[23Feb2025 21:16:13.393] [Worker-Main-3/INFO] [ImprovableSkills/]: Injecting parchment into LootTable 'nova_structures:chests/undead_crypts_grave'!
[23Feb2025 21:16:13.394] [Worker-Main-3/INFO] [ImprovableSkills/]: Injecting parchment into LootTable 'nova_structures:chests/illager_hideout_weaponry'!
[23Feb2025 21:16:13.395] [Worker-Main-3/INFO] [ImprovableSkills/]: Injecting parchment into LootTable 'betterdungeons:spider_dungeon/chests/egg_room'!
[23Feb2025 21:16:13.397] [Worker-Main-3/INFO] [ImprovableSkills/]: Injecting parchment into LootTable 'nova_structures:chests/conduit_ruin/conduit_ruin_main'!
[23Feb2025 21:16:13.399] [Worker-Main-3/INFO] [ImprovableSkills/]: Injecting parchment into LootTable 'nova_structures:chests/witch_villa/pumpkin_room'!
[23Feb2025 21:16:13.400] [Worker-Main-3/INFO] [ImprovableSkills/]: Injecting parchment into LootTable 'nova_structures:chests/illager_hideout_raw_ores'!
[23Feb2025 21:16:13.400] [Worker-Main-3/INFO] [ImprovableSkills/]: Injecting parchment into LootTable 'minecraft:chests/nether_fortress/fort_inside'!
[23Feb2025 21:16:13.401] [Worker-Main-3/INFO] [ImprovableSkills/]: Injecting parchment into LootTable 'nova_structures:chests/piglin_outstation/outstation_generic'!
[23Feb2025 21:16:13.402] [Worker-Main-3/INFO] [ImprovableSkills/]: Injecting parchment into LootTable 'minecraft:chests/spawn_bonus_chest'!
[23Feb2025 21:16:13.402] [Worker-Main-3/INFO] [ImprovableSkills/]: Injecting parchment into LootTable 'nova_structures:chests/tavern_quest/stray_fort'!
[23Feb2025 21:16:13.406] [Worker-Main-3/INFO] [ImprovableSkills/]: Injecting parchment into LootTable 'nova_structures:chests/nether_skeleton_tower/skeleton_tower_camp'!
[23Feb2025 21:16:13.407] [Worker-Main-3/INFO] [ImprovableSkills/]: Injecting parchment into LootTable 'minecraft:chests/buried_treasure'!
[23Feb2025 21:16:13.410] [Worker-Main-3/INFO] [ImprovableSkills/]: Injecting parchment into LootTable 'betterdungeons:small_dungeon/chests/loot_piles'!
[23Feb2025 21:16:13.412] [Worker-Main-3/INFO] [ImprovableSkills/]: Injecting parchment into LootTable 'nova_structures:chests/mangrove_witchhud'!
[23Feb2025 21:16:13.414] [Worker-Main-3/INFO] [ImprovableSkills/]: Injecting parchment into LootTable 'betterdungeons:zombie_dungeon/chests/common'!
[23Feb2025 21:16:13.415] [Worker-Main-3/INFO] [ImprovableSkills/]: Injecting parchment into LootTable 'nova_structures:chests/witch_villa/gardening'!
[23Feb2025 21:16:13.418] [Worker-Main-3/INFO] [ImprovableSkills/]: Injecting scroll for skill 'improvableskills:soul_speed' into LootTable 'minecraft:gameplay/piglin_bartering'!
[23Feb2025 21:16:13.420] [Worker-Main-3/INFO] [ImprovableSkills/]: Injecting scroll for skill 'improvableskills:treasure_sands' into LootTable 'minecraft:chests/desert_pyramid'!
[23Feb2025 21:16:13.421] [Worker-Main-3/INFO] [ImprovableSkills/]: Injecting parchment into LootTable 'minecraft:chests/desert_pyramid'!
[23Feb2025 21:16:13.423] [Worker-Main-3/INFO] [ImprovableSkills/]: Injecting parchment into LootTable 'minecraft:chests/underwater_ruin_big'!
[23Feb2025 21:16:13.424] [Worker-Main-3/INFO] [ImprovableSkills/]: Injecting parchment into LootTable 'betterdungeons:small_nether_dungeon/chests/common'!
[23Feb2025 21:16:13.426] [Worker-Main-3/INFO] [ImprovableSkills/]: Injecting parchment into LootTable 'minecraft:chests/illager_mansion/secret_room'!
[23Feb2025 21:16:13.427] [Worker-Main-3/INFO] [ImprovableSkills/]: Injecting parchment into LootTable 'minecraft:chests/nether_fortress/fort_inside_generic'!
[23Feb2025 21:16:13.428] [Worker-Main-3/INFO] [ImprovableSkills/]: Injecting parchment into LootTable 'minecraft:chests/illager_mansion/vindicator_chest'!
[23Feb2025 21:16:13.429] [Worker-Main-3/INFO] [ImprovableSkills/]: Injecting parchment into LootTable 'nova_structures:chests/stray_fort_loot_generic'!
[23Feb2025 21:16:13.434] [Worker-Main-3/INFO] [ImprovableSkills/]: Injecting parchment into LootTable 'nova_structures:chests/nether_port/nether_port_supplies'!
[23Feb2025 21:16:13.437] [Worker-Main-3/INFO] [ImprovableSkills/]: Injecting parchment into LootTable 'minecraft:chests/bastion_bridge'!
[23Feb2025 21:16:13.443] [Worker-Main-3/INFO] [ImprovableSkills/]: Injecting parchment into LootTable 'minecraft:chests/pillager_outpost'!
[23Feb2025 21:16:13.446] [Worker-Main-3/INFO] [ImprovableSkills/]: Injecting parchment into LootTable 'mowziesmobs:chests/monastery_chest'!
[23Feb2025 21:16:13.446] [Worker-Main-3/INFO] [ImprovableSkills/]: Injecting parchment into LootTable 'nova_structures:chests/dungeon_6'!
[23Feb2025 21:16:13.447] [Worker-Main-3/INFO] [ImprovableSkills/]: Injecting parchment into LootTable 'nova_structures:chests/dungeon_5'!
[23Feb2025 21:16:13.447] [Worker-Main-3/INFO] [ImprovableSkills/]: Injecting parchment into LootTable 'nova_structures:chests/dungeon_7'!
[23Feb2025 21:16:13.448] [Worker-Main-3/INFO] [ImprovableSkills/]: Injecting parchment into LootTable 'betterdungeons:zombie_dungeon/chests/tombstone'!
[23Feb2025 21:16:13.449] [Worker-Main-3/INFO] [ImprovableSkills/]: Injecting parchment into LootTable 'nova_structures:chests/witch_villa/music_room'!
[23Feb2025 21:16:13.451] [Worker-Main-3/INFO] [ImprovableSkills/]: Injecting parchment into LootTable 'nova_structures:chests/desert_ruins/desert_ruin_lesser_treasure'!
[23Feb2025 21:16:13.452] [Worker-Main-3/INFO] [ImprovableSkills/]: Injecting parchment into LootTable 'nova_structures:chests/tavern_quest/conduit_ruin'!
[23Feb2025 21:16:13.453] [Worker-Main-3/INFO] [ImprovableSkills/]: Injecting parchment into LootTable 'minecraft:chests/illager_mansion/library_chest'!
[23Feb2025 21:16:13.453] [Worker-Main-3/INFO] [ImprovableSkills/]: Injecting parchment into LootTable 'nova_structures:chests/dungeon_2'!
[23Feb2025 21:16:13.453] [Worker-Main-3/INFO] [ImprovableSkills/]: Injecting parchment into LootTable 'nova_structures:chests/dungeon_1'!
[23Feb2025 21:16:13.454] [Worker-Main-3/INFO] [ImprovableSkills/]: Injecting parchment into LootTable 'nova_structures:chests/dungeon_4'!
[23Feb2025 21:16:13.454] [Worker-Main-3/INFO] [ImprovableSkills/]: Injecting parchment into LootTable 'minecraft:chests/jungle_temple_dispenser'!
[23Feb2025 21:16:13.454] [Worker-Main-3/INFO] [ImprovableSkills/]: Injecting parchment into LootTable 'nova_structures:chests/dungeon_3'!
[23Feb2025 21:16:13.459] [Worker-Main-3/INFO] [ImprovableSkills/]: Injecting parchment into LootTable 'nova_structures:chests/tavern_quest/badlands_miner_outpost'!
[23Feb2025 21:16:13.462] [Worker-Main-3/INFO] [ImprovableSkills/]: Injecting parchment into LootTable 'nova_structures:chests/stray_fort_archer'!
[23Feb2025 21:16:13.463] [Worker-Main-3/INFO] [ImprovableSkills/]: Injecting parchment into LootTable 'nova_structures:chests/nether_port/nether_port_chest'!
[23Feb2025 21:16:13.482] [Worker-Main-3/INFO] [ImprovableSkills/]: Injecting parchment into LootTable 'minecraft:chests/bastion_other'!
[23Feb2025 21:16:13.486] [Worker-Main-3/INFO] [ImprovableSkills/]: Injecting parchment into LootTable 'nova_structures:chests/hamlet/hamlet'!
[23Feb2025 21:16:13.488] [Worker-Main-3/INFO] [ImprovableSkills/]: Injecting parchment into LootTable 'nova_structures:chests/tavern_quest/creeping_crypt'!
[23Feb2025 21:16:13.489] [Worker-Main-3/INFO] [ImprovableSkills/]: Injecting parchment into LootTable 'minecraft:chests/woodland_mansion'!
[23Feb2025 21:16:13.492] [Worker-Main-3/INFO] [ImprovableSkills/]: Injecting scroll for skill 'improvableskills:huckster' into LootTable 'minecraft:gameplay/hero_of_the_village/librarian_gift'!
[23Feb2025 21:16:13.570] [main/INFO] [net.minecraft.world.item.crafting.RecipeManager/]: Skipping loading recipe toolbelt:pouch_upgrade_5_via_sewing as it's serializer returned null
[23Feb2025 21:16:13.578] [main/INFO] [net.minecraft.world.item.crafting.RecipeManager/]: Skipping loading recipe toolbelt:pouch_upgrade_4_via_sewing as it's serializer returned null
[23Feb2025 21:16:13.587] [main/INFO] [net.minecraft.world.item.crafting.RecipeManager/]: Skipping loading recipe toolbelt:belt_via_sewing as it's serializer returned null
[23Feb2025 21:16:13.589] [main/ERROR] [net.minecraft.world.item.crafting.RecipeManager/]: Parsing error loading recipe rpgsmw:bk
com.google.gson.JsonSyntaxException: Unknown item 'rpgsmw:deleted_mod_element'
	at net.minecraftforge.common.crafting.CraftingHelper.getItem(CraftingHelper.java:160) ~[forge-1.20.1-47.3.7-universal.jar%23206!/:?]
	at net.minecraftforge.common.crafting.CraftingHelper.getItemStack(CraftingHelper.java:186) ~[forge-1.20.1-47.3.7-universal.jar%23206!/:?]
	at net.minecraft.world.item.crafting.ShapedRecipe.m_151274_(ShapedRecipe.java:286) ~[server-1.20.1-20230612.114412-srg.jar%23201!/:?]
	at net.minecraft.world.item.crafting.ShapedRecipe$Serializer.m_6729_(ShapedRecipe.java:311) ~[server-1.20.1-20230612.114412-srg.jar%23201!/:?]
	at net.minecraft.world.item.crafting.ShapedRecipe$Serializer.m_6729_(ShapedRecipe.java:301) ~[server-1.20.1-20230612.114412-srg.jar%23201!/:?]
	at net.minecraftforge.common.extensions.IForgeRecipeSerializer.fromJson(IForgeRecipeSerializer.java:23) ~[forge-1.20.1-47.3.7-universal.jar%23206!/:?]
	at net.minecraft.world.item.crafting.RecipeManager.fromJson(RecipeManager.java:171) ~[server-1.20.1-20230612.114412-srg.jar%23201!/:?]
	at net.minecraft.world.item.crafting.RecipeManager.m_5787_(RecipeManager.java:67) ~[server-1.20.1-20230612.114412-srg.jar%23201!/:?]
	at net.minecraft.world.item.crafting.RecipeManager.m_5787_(RecipeManager.java:34) ~[server-1.20.1-20230612.114412-srg.jar%23201!/:?]
	at net.minecraft.server.packs.resources.SimplePreparableReloadListener.m_10789_(SimplePreparableReloadListener.java:13) ~[server-1.20.1-20230612.114412-srg.jar%23201!/:?]
	at java.util.concurrent.CompletableFuture$UniAccept.tryFire(CompletableFuture.java:718) ~[?:?]
	at java.util.concurrent.CompletableFuture$Completion.run(CompletableFuture.java:482) ~[?:?]
	at net.minecraft.server.packs.resources.SimpleReloadInstance.m_143940_(SimpleReloadInstance.java:69) ~[server-1.20.1-20230612.114412-srg.jar%23201!/:?]
	at net.minecraft.Util.m_214652_(Util.java:783) ~[server-1.20.1-20230612.114412-srg.jar%23201!/:?]
	at net.minecraft.Util.m_214679_(Util.java:772) ~[server-1.20.1-20230612.114412-srg.jar%23201!/:?]
	at net.minecraft.server.Main.main(Main.java:166) ~[server-1.20.1-20230612.114412-srg.jar%23201!/:?]
	at jdk.internal.reflect.NativeMethodAccessorImpl.invoke0(Native Method) ~[?:?]
	at jdk.internal.reflect.NativeMethodAccessorImpl.invoke(NativeMethodAccessorImpl.java:77) ~[?:?]
	at jdk.internal.reflect.DelegatingMethodAccessorImpl.invoke(DelegatingMethodAccessorImpl.java:43) ~[?:?]
	at java.lang.reflect.Method.invoke(Method.java:569) ~[?:?]
	at net.minecraftforge.fml.loading.targets.CommonLaunchHandler.runTarget(CommonLaunchHandler.java:111) ~[fmlloader-1.20.1-47.3.7.jar%2369!/:?]
	at net.minecraftforge.fml.loading.targets.CommonLaunchHandler.serverService(CommonLaunchHandler.java:103) ~[fmlloader-1.20.1-47.3.7.jar%2369!/:?]
	at net.minecraftforge.fml.loading.targets.CommonServerLaunchHandler.lambda$makeService$0(CommonServerLaunchHandler.java:27) ~[fmlloader-1.20.1-47.3.7.jar%2369!/:?]
	at cpw.mods.modlauncher.LaunchServiceHandlerDecorator.launch(LaunchServiceHandlerDecorator.java:30) ~[modlauncher-10.0.9.jar%2355!/:?]
	at cpw.mods.modlauncher.LaunchServiceHandler.launch(LaunchServiceHandler.java:53) ~[modlauncher-10.0.9.jar%2355!/:?]
	at cpw.mods.modlauncher.LaunchServiceHandler.launch(LaunchServiceHandler.java:71) ~[modlauncher-10.0.9.jar%2355!/:?]
	at cpw.mods.modlauncher.Launcher.run(Launcher.java:108) ~[modlauncher-10.0.9.jar%2355!/:?]
	at cpw.mods.modlauncher.Launcher.main(Launcher.java:78) ~[modlauncher-10.0.9.jar%2355!/:?]
	at cpw.mods.modlauncher.BootstrapLaunchConsumer.accept(BootstrapLaunchConsumer.java:26) ~[modlauncher-10.0.9.jar%2355!/:?]
	at cpw.mods.modlauncher.BootstrapLaunchConsumer.accept(BootstrapLaunchConsumer.java:23) ~[modlauncher-10.0.9.jar%2355!/:?]
	at cpw.mods.bootstraplauncher.BootstrapLauncher.main(BootstrapLauncher.java:141) ~[bootstraplauncher-1.1.2.jar:?]
[23Feb2025 21:16:13.592] [main/INFO] [net.minecraft.world.item.crafting.RecipeManager/]: Skipping loading recipe toolbelt:pouch_upgrade_6_via_sewing as it's serializer returned null
[23Feb2025 21:16:13.608] [main/INFO] [net.minecraft.world.item.crafting.RecipeManager/]: Skipping loading recipe toolbelt:pouch_via_sewing as it's serializer returned null
[23Feb2025 21:16:13.612] [main/ERROR] [net.minecraft.world.item.crafting.RecipeManager/]: Parsing error loading recipe rpgsmw:nca
com.google.gson.JsonSyntaxException: Unknown item 'rpgsmw:deleted_mod_element'
	at net.minecraftforge.common.crafting.CraftingHelper.getItem(CraftingHelper.java:160) ~[forge-1.20.1-47.3.7-universal.jar%23206!/:?]
	at net.minecraftforge.common.crafting.CraftingHelper.getItemStack(CraftingHelper.java:186) ~[forge-1.20.1-47.3.7-universal.jar%23206!/:?]
	at net.minecraft.world.item.crafting.ShapedRecipe.m_151274_(ShapedRecipe.java:286) ~[server-1.20.1-20230612.114412-srg.jar%23201!/:?]
	at net.minecraft.world.item.crafting.ShapedRecipe$Serializer.m_6729_(ShapedRecipe.java:311) ~[server-1.20.1-20230612.114412-srg.jar%23201!/:?]
	at net.minecraft.world.item.crafting.ShapedRecipe$Serializer.m_6729_(ShapedRecipe.java:301) ~[server-1.20.1-20230612.114412-srg.jar%23201!/:?]
	at net.minecraftforge.common.extensions.IForgeRecipeSerializer.fromJson(IForgeRecipeSerializer.java:23) ~[forge-1.20.1-47.3.7-universal.jar%23206!/:?]
	at net.minecraft.world.item.crafting.RecipeManager.fromJson(RecipeManager.java:171) ~[server-1.20.1-20230612.114412-srg.jar%23201!/:?]
	at net.minecraft.world.item.crafting.RecipeManager.m_5787_(RecipeManager.java:67) ~[server-1.20.1-20230612.114412-srg.jar%23201!/:?]
	at net.minecraft.world.item.crafting.RecipeManager.m_5787_(RecipeManager.java:34) ~[server-1.20.1-20230612.114412-srg.jar%23201!/:?]
	at net.minecraft.server.packs.resources.SimplePreparableReloadListener.m_10789_(SimplePreparableReloadListener.java:13) ~[server-1.20.1-20230612.114412-srg.jar%23201!/:?]
	at java.util.concurrent.CompletableFuture$UniAccept.tryFire(CompletableFuture.java:718) ~[?:?]
	at java.util.concurrent.CompletableFuture$Completion.run(CompletableFuture.java:482) ~[?:?]
	at net.minecraft.server.packs.resources.SimpleReloadInstance.m_143940_(SimpleReloadInstance.java:69) ~[server-1.20.1-20230612.114412-srg.jar%23201!/:?]
	at net.minecraft.Util.m_214652_(Util.java:783) ~[server-1.20.1-20230612.114412-srg.jar%23201!/:?]
	at net.minecraft.Util.m_214679_(Util.java:772) ~[server-1.20.1-20230612.114412-srg.jar%23201!/:?]
	at net.minecraft.server.Main.main(Main.java:166) ~[server-1.20.1-20230612.114412-srg.jar%23201!/:?]
	at jdk.internal.reflect.NativeMethodAccessorImpl.invoke0(Native Method) ~[?:?]
	at jdk.internal.reflect.NativeMethodAccessorImpl.invoke(NativeMethodAccessorImpl.java:77) ~[?:?]
	at jdk.internal.reflect.DelegatingMethodAccessorImpl.invoke(DelegatingMethodAccessorImpl.java:43) ~[?:?]
	at java.lang.reflect.Method.invoke(Method.java:569) ~[?:?]
	at net.minecraftforge.fml.loading.targets.CommonLaunchHandler.runTarget(CommonLaunchHandler.java:111) ~[fmlloader-1.20.1-47.3.7.jar%2369!/:?]
	at net.minecraftforge.fml.loading.targets.CommonLaunchHandler.serverService(CommonLaunchHandler.java:103) ~[fmlloader-1.20.1-47.3.7.jar%2369!/:?]
	at net.minecraftforge.fml.loading.targets.CommonServerLaunchHandler.lambda$makeService$0(CommonServerLaunchHandler.java:27) ~[fmlloader-1.20.1-47.3.7.jar%2369!/:?]
	at cpw.mods.modlauncher.LaunchServiceHandlerDecorator.launch(LaunchServiceHandlerDecorator.java:30) ~[modlauncher-10.0.9.jar%2355!/:?]
	at cpw.mods.modlauncher.LaunchServiceHandler.launch(LaunchServiceHandler.java:53) ~[modlauncher-10.0.9.jar%2355!/:?]
	at cpw.mods.modlauncher.LaunchServiceHandler.launch(LaunchServiceHandler.java:71) ~[modlauncher-10.0.9.jar%2355!/:?]
	at cpw.mods.modlauncher.Launcher.run(Launcher.java:108) ~[modlauncher-10.0.9.jar%2355!/:?]
	at cpw.mods.modlauncher.Launcher.main(Launcher.java:78) ~[modlauncher-10.0.9.jar%2355!/:?]
	at cpw.mods.modlauncher.BootstrapLaunchConsumer.accept(BootstrapLaunchConsumer.java:26) ~[modlauncher-10.0.9.jar%2355!/:?]
	at cpw.mods.modlauncher.BootstrapLaunchConsumer.accept(BootstrapLaunchConsumer.java:23) ~[modlauncher-10.0.9.jar%2355!/:?]
	at cpw.mods.bootstraplauncher.BootstrapLauncher.main(BootstrapLauncher.java:141) ~[bootstraplauncher-1.1.2.jar:?]
[23Feb2025 21:16:13.614] [main/ERROR] [net.minecraft.world.item.crafting.RecipeManager/]: Parsing error loading recipe rpgsmw:ncc
com.google.gson.JsonSyntaxException: Unknown item 'rpgsmw:deleted_mod_element'
	at net.minecraftforge.common.crafting.CraftingHelper.getItem(CraftingHelper.java:160) ~[forge-1.20.1-47.3.7-universal.jar%23206!/:?]
	at net.minecraftforge.common.crafting.CraftingHelper.getItemStack(CraftingHelper.java:186) ~[forge-1.20.1-47.3.7-universal.jar%23206!/:?]
	at net.minecraft.world.item.crafting.ShapedRecipe.m_151274_(ShapedRecipe.java:286) ~[server-1.20.1-20230612.114412-srg.jar%23201!/:?]
	at net.minecraft.world.item.crafting.ShapedRecipe$Serializer.m_6729_(ShapedRecipe.java:311) ~[server-1.20.1-20230612.114412-srg.jar%23201!/:?]
	at net.minecraft.world.item.crafting.ShapedRecipe$Serializer.m_6729_(ShapedRecipe.java:301) ~[server-1.20.1-20230612.114412-srg.jar%23201!/:?]
	at net.minecraftforge.common.extensions.IForgeRecipeSerializer.fromJson(IForgeRecipeSerializer.java:23) ~[forge-1.20.1-47.3.7-universal.jar%23206!/:?]
	at net.minecraft.world.item.crafting.RecipeManager.fromJson(RecipeManager.java:171) ~[server-1.20.1-20230612.114412-srg.jar%23201!/:?]
	at net.minecraft.world.item.crafting.RecipeManager.m_5787_(RecipeManager.java:67) ~[server-1.20.1-20230612.114412-srg.jar%23201!/:?]
	at net.minecraft.world.item.crafting.RecipeManager.m_5787_(RecipeManager.java:34) ~[server-1.20.1-20230612.114412-srg.jar%23201!/:?]
	at net.minecraft.server.packs.resources.SimplePreparableReloadListener.m_10789_(SimplePreparableReloadListener.java:13) ~[server-1.20.1-20230612.114412-srg.jar%23201!/:?]
	at java.util.concurrent.CompletableFuture$UniAccept.tryFire(CompletableFuture.java:718) ~[?:?]
	at java.util.concurrent.CompletableFuture$Completion.run(CompletableFuture.java:482) ~[?:?]
	at net.minecraft.server.packs.resources.SimpleReloadInstance.m_143940_(SimpleReloadInstance.java:69) ~[server-1.20.1-20230612.114412-srg.jar%23201!/:?]
	at net.minecraft.Util.m_214652_(Util.java:783) ~[server-1.20.1-20230612.114412-srg.jar%23201!/:?]
	at net.minecraft.Util.m_214679_(Util.java:772) ~[server-1.20.1-20230612.114412-srg.jar%23201!/:?]
	at net.minecraft.server.Main.main(Main.java:166) ~[server-1.20.1-20230612.114412-srg.jar%23201!/:?]
	at jdk.internal.reflect.NativeMethodAccessorImpl.invoke0(Native Method) ~[?:?]
	at jdk.internal.reflect.NativeMethodAccessorImpl.invoke(NativeMethodAccessorImpl.java:77) ~[?:?]
	at jdk.internal.reflect.DelegatingMethodAccessorImpl.invoke(DelegatingMethodAccessorImpl.java:43) ~[?:?]
	at java.lang.reflect.Method.invoke(Method.java:569) ~[?:?]
	at net.minecraftforge.fml.loading.targets.CommonLaunchHandler.runTarget(CommonLaunchHandler.java:111) ~[fmlloader-1.20.1-47.3.7.jar%2369!/:?]
	at net.minecraftforge.fml.loading.targets.CommonLaunchHandler.serverService(CommonLaunchHandler.java:103) ~[fmlloader-1.20.1-47.3.7.jar%2369!/:?]
	at net.minecraftforge.fml.loading.targets.CommonServerLaunchHandler.lambda$makeService$0(CommonServerLaunchHandler.java:27) ~[fmlloader-1.20.1-47.3.7.jar%2369!/:?]
	at cpw.mods.modlauncher.LaunchServiceHandlerDecorator.launch(LaunchServiceHandlerDecorator.java:30) ~[modlauncher-10.0.9.jar%2355!/:?]
	at cpw.mods.modlauncher.LaunchServiceHandler.launch(LaunchServiceHandler.java:53) ~[modlauncher-10.0.9.jar%2355!/:?]
	at cpw.mods.modlauncher.LaunchServiceHandler.launch(LaunchServiceHandler.java:71) ~[modlauncher-10.0.9.jar%2355!/:?]
	at cpw.mods.modlauncher.Launcher.run(Launcher.java:108) ~[modlauncher-10.0.9.jar%2355!/:?]
	at cpw.mods.modlauncher.Launcher.main(Launcher.java:78) ~[modlauncher-10.0.9.jar%2355!/:?]
	at cpw.mods.modlauncher.BootstrapLaunchConsumer.accept(BootstrapLaunchConsumer.java:26) ~[modlauncher-10.0.9.jar%2355!/:?]
	at cpw.mods.modlauncher.BootstrapLaunchConsumer.accept(BootstrapLaunchConsumer.java:23) ~[modlauncher-10.0.9.jar%2355!/:?]
	at cpw.mods.bootstraplauncher.BootstrapLauncher.main(BootstrapLauncher.java:141) ~[bootstraplauncher-1.1.2.jar:?]
[23Feb2025 21:16:13.630] [main/INFO] [net.minecraft.world.item.crafting.RecipeManager/]: Skipping loading recipe toolbelt:pouch_upgrade_1_via_sewing as it's serializer returned null
[23Feb2025 21:16:13.632] [main/ERROR] [net.minecraft.world.item.crafting.RecipeManager/]: Parsing error loading recipe rpgsmw:pb
com.google.gson.JsonSyntaxException: Unknown item 'rpgsmw:deleted_mod_element'
	at net.minecraftforge.common.crafting.CraftingHelper.getItem(CraftingHelper.java:160) ~[forge-1.20.1-47.3.7-universal.jar%23206!/:?]
	at net.minecraftforge.common.crafting.CraftingHelper.getItemStack(CraftingHelper.java:186) ~[forge-1.20.1-47.3.7-universal.jar%23206!/:?]
	at net.minecraft.world.item.crafting.ShapedRecipe.m_151274_(ShapedRecipe.java:286) ~[server-1.20.1-20230612.114412-srg.jar%23201!/:?]
	at net.minecraft.world.item.crafting.ShapedRecipe$Serializer.m_6729_(ShapedRecipe.java:311) ~[server-1.20.1-20230612.114412-srg.jar%23201!/:?]
	at net.minecraft.world.item.crafting.ShapedRecipe$Serializer.m_6729_(ShapedRecipe.java:301) ~[server-1.20.1-20230612.114412-srg.jar%23201!/:?]
	at net.minecraftforge.common.extensions.IForgeRecipeSerializer.fromJson(IForgeRecipeSerializer.java:23) ~[forge-1.20.1-47.3.7-universal.jar%23206!/:?]
	at net.minecraft.world.item.crafting.RecipeManager.fromJson(RecipeManager.java:171) ~[server-1.20.1-20230612.114412-srg.jar%23201!/:?]
	at net.minecraft.world.item.crafting.RecipeManager.m_5787_(RecipeManager.java:67) ~[server-1.20.1-20230612.114412-srg.jar%23201!/:?]
	at net.minecraft.world.item.crafting.RecipeManager.m_5787_(RecipeManager.java:34) ~[server-1.20.1-20230612.114412-srg.jar%23201!/:?]
	at net.minecraft.server.packs.resources.SimplePreparableReloadListener.m_10789_(SimplePreparableReloadListener.java:13) ~[server-1.20.1-20230612.114412-srg.jar%23201!/:?]
	at java.util.concurrent.CompletableFuture$UniAccept.tryFire(CompletableFuture.java:718) ~[?:?]
	at java.util.concurrent.CompletableFuture$Completion.run(CompletableFuture.java:482) ~[?:?]
	at net.minecraft.server.packs.resources.SimpleReloadInstance.m_143940_(SimpleReloadInstance.java:69) ~[server-1.20.1-20230612.114412-srg.jar%23201!/:?]
	at net.minecraft.Util.m_214652_(Util.java:783) ~[server-1.20.1-20230612.114412-srg.jar%23201!/:?]
	at net.minecraft.Util.m_214679_(Util.java:772) ~[server-1.20.1-20230612.114412-srg.jar%23201!/:?]
	at net.minecraft.server.Main.main(Main.java:166) ~[server-1.20.1-20230612.114412-srg.jar%23201!/:?]
	at jdk.internal.reflect.NativeMethodAccessorImpl.invoke0(Native Method) ~[?:?]
	at jdk.internal.reflect.NativeMethodAccessorImpl.invoke(NativeMethodAccessorImpl.java:77) ~[?:?]
	at jdk.internal.reflect.DelegatingMethodAccessorImpl.invoke(DelegatingMethodAccessorImpl.java:43) ~[?:?]
	at java.lang.reflect.Method.invoke(Method.java:569) ~[?:?]
	at net.minecraftforge.fml.loading.targets.CommonLaunchHandler.runTarget(CommonLaunchHandler.java:111) ~[fmlloader-1.20.1-47.3.7.jar%2369!/:?]
	at net.minecraftforge.fml.loading.targets.CommonLaunchHandler.serverService(CommonLaunchHandler.java:103) ~[fmlloader-1.20.1-47.3.7.jar%2369!/:?]
	at net.minecraftforge.fml.loading.targets.CommonServerLaunchHandler.lambda$makeService$0(CommonServerLaunchHandler.java:27) ~[fmlloader-1.20.1-47.3.7.jar%2369!/:?]
	at cpw.mods.modlauncher.LaunchServiceHandlerDecorator.launch(LaunchServiceHandlerDecorator.java:30) ~[modlauncher-10.0.9.jar%2355!/:?]
	at cpw.mods.modlauncher.LaunchServiceHandler.launch(LaunchServiceHandler.java:53) ~[modlauncher-10.0.9.jar%2355!/:?]
	at cpw.mods.modlauncher.LaunchServiceHandler.launch(LaunchServiceHandler.java:71) ~[modlauncher-10.0.9.jar%2355!/:?]
	at cpw.mods.modlauncher.Launcher.run(Launcher.java:108) ~[modlauncher-10.0.9.jar%2355!/:?]
	at cpw.mods.modlauncher.Launcher.main(Launcher.java:78) ~[modlauncher-10.0.9.jar%2355!/:?]
	at cpw.mods.modlauncher.BootstrapLaunchConsumer.accept(BootstrapLaunchConsumer.java:26) ~[modlauncher-10.0.9.jar%2355!/:?]
	at cpw.mods.modlauncher.BootstrapLaunchConsumer.accept(BootstrapLaunchConsumer.java:23) ~[modlauncher-10.0.9.jar%2355!/:?]
	at cpw.mods.bootstraplauncher.BootstrapLauncher.main(BootstrapLauncher.java:141) ~[bootstraplauncher-1.1.2.jar:?]
[23Feb2025 21:16:13.634] [main/INFO] [net.minecraft.world.item.crafting.RecipeManager/]: Skipping loading recipe toolbelt:pouch_upgrade_7_via_sewing as it's serializer returned null
[23Feb2025 21:16:13.636] [main/INFO] [net.minecraft.world.item.crafting.RecipeManager/]: Skipping loading recipe toolbelt:pouch_upgrade_2_via_sewing as it's serializer returned null
[23Feb2025 21:16:13.643] [main/ERROR] [net.minecraft.world.item.crafting.RecipeManager/]: Parsing error loading recipe warhammersmod:netherite_hammer_smith
com.google.gson.JsonSyntaxException: Invalid or unsupported recipe type 'minecraft:smithing'
	at net.minecraft.world.item.crafting.RecipeManager.m_220253_(RecipeManager.java:170) ~[server-1.20.1-20230612.114412-srg.jar%23201!/:?]
	at java.util.Optional.orElseThrow(Optional.java:403) ~[?:?]
	at net.minecraft.world.item.crafting.RecipeManager.fromJson(RecipeManager.java:169) ~[server-1.20.1-20230612.114412-srg.jar%23201!/:?]
	at net.minecraft.world.item.crafting.RecipeManager.m_5787_(RecipeManager.java:67) ~[server-1.20.1-20230612.114412-srg.jar%23201!/:?]
	at net.minecraft.world.item.crafting.RecipeManager.m_5787_(RecipeManager.java:34) ~[server-1.20.1-20230612.114412-srg.jar%23201!/:?]
	at net.minecraft.server.packs.resources.SimplePreparableReloadListener.m_10789_(SimplePreparableReloadListener.java:13) ~[server-1.20.1-20230612.114412-srg.jar%23201!/:?]
	at java.util.concurrent.CompletableFuture$UniAccept.tryFire(CompletableFuture.java:718) ~[?:?]
	at java.util.concurrent.CompletableFuture$Completion.run(CompletableFuture.java:482) ~[?:?]
	at net.minecraft.server.packs.resources.SimpleReloadInstance.m_143940_(SimpleReloadInstance.java:69) ~[server-1.20.1-20230612.114412-srg.jar%23201!/:?]
	at net.minecraft.Util.m_214652_(Util.java:783) ~[server-1.20.1-20230612.114412-srg.jar%23201!/:?]
	at net.minecraft.Util.m_214679_(Util.java:772) ~[server-1.20.1-20230612.114412-srg.jar%23201!/:?]
	at net.minecraft.server.Main.main(Main.java:166) ~[server-1.20.1-20230612.114412-srg.jar%23201!/:?]
	at jdk.internal.reflect.NativeMethodAccessorImpl.invoke0(Native Method) ~[?:?]
	at jdk.internal.reflect.NativeMethodAccessorImpl.invoke(NativeMethodAccessorImpl.java:77) ~[?:?]
	at jdk.internal.reflect.DelegatingMethodAccessorImpl.invoke(DelegatingMethodAccessorImpl.java:43) ~[?:?]
	at java.lang.reflect.Method.invoke(Method.java:569) ~[?:?]
	at net.minecraftforge.fml.loading.targets.CommonLaunchHandler.runTarget(CommonLaunchHandler.java:111) ~[fmlloader-1.20.1-47.3.7.jar%2369!/:?]
	at net.minecraftforge.fml.loading.targets.CommonLaunchHandler.serverService(CommonLaunchHandler.java:103) ~[fmlloader-1.20.1-47.3.7.jar%2369!/:?]
	at net.minecraftforge.fml.loading.targets.CommonServerLaunchHandler.lambda$makeService$0(CommonServerLaunchHandler.java:27) ~[fmlloader-1.20.1-47.3.7.jar%2369!/:?]
	at cpw.mods.modlauncher.LaunchServiceHandlerDecorator.launch(LaunchServiceHandlerDecorator.java:30) ~[modlauncher-10.0.9.jar%2355!/:?]
	at cpw.mods.modlauncher.LaunchServiceHandler.launch(LaunchServiceHandler.java:53) ~[modlauncher-10.0.9.jar%2355!/:?]
	at cpw.mods.modlauncher.LaunchServiceHandler.launch(LaunchServiceHandler.java:71) ~[modlauncher-10.0.9.jar%2355!/:?]
	at cpw.mods.modlauncher.Launcher.run(Launcher.java:108) ~[modlauncher-10.0.9.jar%2355!/:?]
	at cpw.mods.modlauncher.Launcher.main(Launcher.java:78) ~[modlauncher-10.0.9.jar%2355!/:?]
	at cpw.mods.modlauncher.BootstrapLaunchConsumer.accept(BootstrapLaunchConsumer.java:26) ~[modlauncher-10.0.9.jar%2355!/:?]
	at cpw.mods.modlauncher.BootstrapLaunchConsumer.accept(BootstrapLaunchConsumer.java:23) ~[modlauncher-10.0.9.jar%2355!/:?]
	at cpw.mods.bootstraplauncher.BootstrapLauncher.main(BootstrapLauncher.java:141) ~[bootstraplauncher-1.1.2.jar:?]
[23Feb2025 21:16:13.660] [main/ERROR] [net.minecraft.world.item.crafting.RecipeManager/]: Parsing error loading recipe rpgsmw:b
com.google.gson.JsonSyntaxException: Unknown item 'rpgsmw:deleted_mod_element'
	at net.minecraftforge.common.crafting.CraftingHelper.getItem(CraftingHelper.java:160) ~[forge-1.20.1-47.3.7-universal.jar%23206!/:?]
	at net.minecraftforge.common.crafting.CraftingHelper.getItemStack(CraftingHelper.java:186) ~[forge-1.20.1-47.3.7-universal.jar%23206!/:?]
	at net.minecraft.world.item.crafting.ShapedRecipe.m_151274_(ShapedRecipe.java:286) ~[server-1.20.1-20230612.114412-srg.jar%23201!/:?]
	at net.minecraft.world.item.crafting.ShapelessRecipe$Serializer.m_6729_(ShapelessRecipe.java:95) ~[server-1.20.1-20230612.114412-srg.jar%23201!/:?]
	at net.minecraft.world.item.crafting.ShapelessRecipe$Serializer.m_6729_(ShapelessRecipe.java:84) ~[server-1.20.1-20230612.114412-srg.jar%23201!/:?]
	at net.minecraftforge.common.extensions.IForgeRecipeSerializer.fromJson(IForgeRecipeSerializer.java:23) ~[forge-1.20.1-47.3.7-universal.jar%23206!/:?]
	at net.minecraft.world.item.crafting.RecipeManager.fromJson(RecipeManager.java:171) ~[server-1.20.1-20230612.114412-srg.jar%23201!/:?]
	at net.minecraft.world.item.crafting.RecipeManager.m_5787_(RecipeManager.java:67) ~[server-1.20.1-20230612.114412-srg.jar%23201!/:?]
	at net.minecraft.world.item.crafting.RecipeManager.m_5787_(RecipeManager.java:34) ~[server-1.20.1-20230612.114412-srg.jar%23201!/:?]
	at net.minecraft.server.packs.resources.SimplePreparableReloadListener.m_10789_(SimplePreparableReloadListener.java:13) ~[server-1.20.1-20230612.114412-srg.jar%23201!/:?]
	at java.util.concurrent.CompletableFuture$UniAccept.tryFire(CompletableFuture.java:718) ~[?:?]
	at java.util.concurrent.CompletableFuture$Completion.run(CompletableFuture.java:482) ~[?:?]
	at net.minecraft.server.packs.resources.SimpleReloadInstance.m_143940_(SimpleReloadInstance.java:69) ~[server-1.20.1-20230612.114412-srg.jar%23201!/:?]
	at net.minecraft.Util.m_214652_(Util.java:783) ~[server-1.20.1-20230612.114412-srg.jar%23201!/:?]
	at net.minecraft.Util.m_214679_(Util.java:772) ~[server-1.20.1-20230612.114412-srg.jar%23201!/:?]
	at net.minecraft.server.Main.main(Main.java:166) ~[server-1.20.1-20230612.114412-srg.jar%23201!/:?]
	at jdk.internal.reflect.NativeMethodAccessorImpl.invoke0(Native Method) ~[?:?]
	at jdk.internal.reflect.NativeMethodAccessorImpl.invoke(NativeMethodAccessorImpl.java:77) ~[?:?]
	at jdk.internal.reflect.DelegatingMethodAccessorImpl.invoke(DelegatingMethodAccessorImpl.java:43) ~[?:?]
	at java.lang.reflect.Method.invoke(Method.java:569) ~[?:?]
	at net.minecraftforge.fml.loading.targets.CommonLaunchHandler.runTarget(CommonLaunchHandler.java:111) ~[fmlloader-1.20.1-47.3.7.jar%2369!/:?]
	at net.minecraftforge.fml.loading.targets.CommonLaunchHandler.serverService(CommonLaunchHandler.java:103) ~[fmlloader-1.20.1-47.3.7.jar%2369!/:?]
	at net.minecraftforge.fml.loading.targets.CommonServerLaunchHandler.lambda$makeService$0(CommonServerLaunchHandler.java:27) ~[fmlloader-1.20.1-47.3.7.jar%2369!/:?]
	at cpw.mods.modlauncher.LaunchServiceHandlerDecorator.launch(LaunchServiceHandlerDecorator.java:30) ~[modlauncher-10.0.9.jar%2355!/:?]
	at cpw.mods.modlauncher.LaunchServiceHandler.launch(LaunchServiceHandler.java:53) ~[modlauncher-10.0.9.jar%2355!/:?]
	at cpw.mods.modlauncher.LaunchServiceHandler.launch(LaunchServiceHandler.java:71) ~[modlauncher-10.0.9.jar%2355!/:?]
	at cpw.mods.modlauncher.Launcher.run(Launcher.java:108) ~[modlauncher-10.0.9.jar%2355!/:?]
	at cpw.mods.modlauncher.Launcher.main(Launcher.java:78) ~[modlauncher-10.0.9.jar%2355!/:?]
	at cpw.mods.modlauncher.BootstrapLaunchConsumer.accept(BootstrapLaunchConsumer.java:26) ~[modlauncher-10.0.9.jar%2355!/:?]
	at cpw.mods.modlauncher.BootstrapLaunchConsumer.accept(BootstrapLaunchConsumer.java:23) ~[modlauncher-10.0.9.jar%2355!/:?]
	at cpw.mods.bootstraplauncher.BootstrapLauncher.main(BootstrapLauncher.java:141) ~[bootstraplauncher-1.1.2.jar:?]
[23Feb2025 21:16:13.664] [main/INFO] [net.minecraft.world.item.crafting.RecipeManager/]: Skipping loading recipe toolbelt:pouch_upgrade_3_via_sewing as it's serializer returned null
[23Feb2025 21:16:13.667] [main/INFO] [net.minecraft.world.item.crafting.RecipeManager/]: Loaded 10 recipes
[23Feb2025 21:16:13.675] [main/ERROR] [HammerLib/]: Register attachment for RegisterRecipesEvent: org.zeith.hammerlib.core.test.HammerLibRecipeExtension.
[23Feb2025 21:16:13.675] [main/ERROR] [HammerLib/]: Register attachment for RegisterRecipesEvent: org.zeith.improvableskills.api.recipe.Is3RecipeBuilderExtension.
[23Feb2025 21:16:13.694] [main/INFO] [HammerLib/]: Reloading HammerLib recipes...
[23Feb2025 21:16:13.694] [main/INFO] [HammerLib/]: HammerLib injected 16 recipes into recipe map. Removed 0 recipes from the game.
[23Feb2025 21:16:13.696] [main/INFO] [HammerLib/]: Registered 16 additional recipes.
[23Feb2025 21:16:13.696] [main/WARN] [HammerLib/]: Unable to find registry for tag directory tags/functions
[23Feb2025 21:16:13.725] [main/ERROR] [net.minecraft.server.ServerAdvancementManager/]: Parsing error loading custom advancement spartanshields:recipes/basic_mekanists_tower_shield: Unknown item id 'mekanism:energy_tablet'
[23Feb2025 21:16:13.739] [main/ERROR] [net.minecraft.server.ServerAdvancementManager/]: Parsing error loading custom advancement spartanshields:recipes/dark_steel_riot_basic_shield: Unknown item id 'enderio:octadic_capacitor'
[23Feb2025 21:16:13.786] [main/ERROR] [net.minecraft.server.ServerAdvancementManager/]: Parsing error loading custom advancement spartanshields:recipes/dark_steel_riot_tower_shield: Unknown item id 'enderio:octadic_capacitor'
[23Feb2025 21:16:13.796] [main/ERROR] [net.minecraft.server.ServerAdvancementManager/]: Parsing error loading custom advancement spartanshields:recipes/basic_mekanists_basic_shield: Unknown item id 'mekanism:energy_tablet'
[23Feb2025 21:16:13.849] [main/INFO] [net.minecraft.advancements.AdvancementList/]: Loaded 1964 advancements
[23Feb2025 21:16:13.871] [main/INFO] [top.theillusivec4.curios.Curios/]: Loaded 12 curio slots
[23Feb2025 21:16:13.879] [main/INFO] [top.theillusivec4.curios.Curios/]: Loaded 1 curio entities
[23Feb2025 21:16:14.491] [main/INFO] [evilcraft/]: 19 Broom modifiers can be applied!
[23Feb2025 21:16:14.625] [Server thread/INFO] [net.minecraft.server.dedicated.DedicatedServer/]: Starting minecraft server version 1.20.1
[23Feb2025 21:16:14.626] [Server thread/INFO] [net.minecraft.server.dedicated.DedicatedServer/]: Loading properties
[23Feb2025 21:16:14.626] [Server thread/INFO] [net.minecraft.server.dedicated.DedicatedServer/]: Default game type: SURVIVAL
[23Feb2025 21:16:14.626] [Server thread/INFO] [net.minecraft.server.MinecraftServer/]: Generating keypair
[23Feb2025 21:16:14.834] [Server thread/INFO] [net.minecraft.server.dedicated.DedicatedServer/]: Starting Minecraft server on *:25565
[23Feb2025 21:16:14.861] [Server thread/INFO] [net.minecraft.server.network.ServerConnectionListener/]: Using epoll channel type
[23Feb2025 21:16:14.971] [Server thread/WARN] [net.minecraft.server.dedicated.DedicatedServer/]: **** SERVER IS RUNNING IN OFFLINE/INSECURE MODE!
[23Feb2025 21:16:14.972] [Server thread/WARN] [net.minecraft.server.dedicated.DedicatedServer/]: The server will make no attempt to authenticate usernames. Beware.
[23Feb2025 21:16:14.972] [Server thread/WARN] [net.minecraft.server.dedicated.DedicatedServer/]: While this makes the game possible to play without internet access, it also opens up the ability for hackers to connect with any username they choose.
[23Feb2025 21:16:14.972] [Server thread/WARN] [net.minecraft.server.dedicated.DedicatedServer/]: To change this, set "online-mode" to "true" in the server.properties file.
[23Feb2025 21:16:15.137] [Server thread/INFO] [net.minecraft.server.dedicated.DedicatedServer/]: Preparing level "world"
[23Feb2025 21:16:19.139] [Server thread/INFO] [net.minecraft.server.MinecraftServer/]: Preparing start region for dimension minecraft:overworld
[23Feb2025 21:16:21.822] [Worker-Main-4/INFO] [net.minecraft.server.level.progress.LoggerChunkProgressListener/]: Preparing spawn area: 0%
[23Feb2025 21:16:22.053] [Worker-Main-3/INFO] [net.minecraft.server.level.progress.LoggerChunkProgressListener/]: Preparing spawn area: 0%
[23Feb2025 21:16:22.194] [Worker-Main-4/INFO] [net.minecraft.server.level.progress.LoggerChunkProgressListener/]: Preparing spawn area: 0%
[23Feb2025 21:16:22.218] [Worker-Main-4/INFO] [net.minecraft.server.level.progress.LoggerChunkProgressListener/]: Preparing spawn area: 0%
[23Feb2025 21:16:22.235] [Worker-Main-5/INFO] [net.minecraft.server.level.progress.LoggerChunkProgressListener/]: Preparing spawn area: 0%
[23Feb2025 21:16:22.257] [Worker-Main-3/INFO] [net.minecraft.server.level.progress.LoggerChunkProgressListener/]: Preparing spawn area: 0%
[23Feb2025 21:16:22.274] [Worker-Main-4/INFO] [net.minecraft.server.level.progress.LoggerChunkProgressListener/]: Preparing spawn area: 0%
[23Feb2025 21:16:22.643] [Worker-Main-3/INFO] [net.minecraft.server.level.progress.LoggerChunkProgressListener/]: Preparing spawn area: 0%
[23Feb2025 21:16:23.181] [Worker-Main-5/INFO] [net.minecraft.server.level.progress.LoggerChunkProgressListener/]: Preparing spawn area: 0%
[23Feb2025 21:16:23.650] [Worker-Main-3/INFO] [net.minecraft.server.level.progress.LoggerChunkProgressListener/]: Preparing spawn area: 0%
[23Feb2025 21:16:24.141] [Worker-Main-3/INFO] [net.minecraft.server.level.progress.LoggerChunkProgressListener/]: Preparing spawn area: 0%
[23Feb2025 21:16:24.645] [Worker-Main-3/INFO] [net.minecraft.server.level.progress.LoggerChunkProgressListener/]: Preparing spawn area: 0%
[23Feb2025 21:16:25.141] [Worker-Main-5/INFO] [net.minecraft.server.level.progress.LoggerChunkProgressListener/]: Preparing spawn area: 0%
[23Feb2025 21:16:25.642] [Worker-Main-3/INFO] [net.minecraft.server.level.progress.LoggerChunkProgressListener/]: Preparing spawn area: 23%
[23Feb2025 21:16:26.141] [Worker-Main-3/INFO] [net.minecraft.server.level.progress.LoggerChunkProgressListener/]: Preparing spawn area: 82%
[23Feb2025 21:16:26.369] [Server thread/INFO] [net.minecraft.server.level.progress.LoggerChunkProgressListener/]: Time elapsed: 7229 ms
[23Feb2025 21:16:26.370] [Server thread/INFO] [net.minecraft.server.dedicated.DedicatedServer/]: Done (11.378s)! For help, type "help"
[23Feb2025 21:16:26.425] [Server thread/INFO] [net.minecraftforge.server.permission.PermissionAPI/]: Successfully initialized permission handler forge:default_handler
[23Feb2025 21:16:26.440] [Server thread/INFO] [cyclopscore/]: Loading infobook /data/cyclopscore/info/test.xml
[23Feb2025 21:16:26.450] [Server thread/INFO] [evilcraft/]: Loading infobook /data/evilcraft/info/book.xml
[23Feb2025 21:16:26.491] [Server thread/WARN] [evilcraft/]: Invalid appendix info_book.evilcraft.second_age.tools.broom from mod evilcraft in an infobook: The broom modifier evilcraft:witherer has no valid items
[23Feb2025 21:16:26.492] [Server thread/WARN] [evilcraft/]: Invalid appendix info_book.evilcraft.second_age.tools.broom from mod evilcraft in an infobook: The broom modifier evilcraft:hungerer has no valid items
[23Feb2025 21:16:26.493] [Server thread/WARN] [evilcraft/]: Invalid appendix info_book.evilcraft.second_age.tools.broom from mod evilcraft in an infobook: The broom modifier evilcraft:kamikaze has no valid items
[23Feb2025 21:16:26.493] [Server thread/WARN] [evilcraft/]: Invalid appendix info_book.evilcraft.second_age.tools.broom from mod evilcraft in an infobook: The broom modifier evilcraft:withershield has no valid items
[23Feb2025 21:16:26.593] [Server thread/INFO] [net.bettercombat.logic.WeaponRegistry/]: Encoded Weapon Attribute registry size (with package overhead): 81133 bytes (in 9 string chunks with the size of 10000)
[23Feb2025 21:17:18.553] [Server thread/WARN] [net.minecraft.network.syncher.SynchedEntityData/]: defineId called for: class net.minecraft.world.entity.player.Player from class tschipp.carryon.common.carry.CarryOnDataManager
[23Feb2025 21:17:18.672] [Server thread/INFO] [net.minecraft.server.players.PlayerList/]: WositoGamer[/127.130.139.4:50867] logged in with entity id 568 at (-1892.30429483854, 130.0, -1792.3826255664053)
[23Feb2025 21:17:18.835] [Server thread/INFO] [net.minecraft.server.MinecraftServer/]: WositoGamer joined the game
[23Feb2025 21:17:18.896] [Server thread/INFO] [Jade/]: Syncing config to WositoGamer (5993af39-aee6-3b4b-ac3d-1585b8c41f97)
[23Feb2025 21:17:21.663] [Server thread/WARN] [ImprovableSkills/]: Skill tick took too long! (2519 ms, expected <50 ms!). Time map: [improvableskills:ladder_king=2519, improvableskills:luck_of_the_sea=0, improvableskills:silent_foot=0, improvableskills:obsidian_skin=0, improvableskills:attack_speed=0, improvableskills:dexterous_arms=0, improvableskills:huckster=0, improvableskills:fast_swimmer=0, improvableskills:growth=0, improvableskills:accelerated_furnace=0, improvableskills:pvp=0, improvableskills:xp_plus=0, improvableskills:soft_landing=0, improvableskills:cutting=0, improvableskills:treasure_sands=0, improvableskills:mob_repellent=0, improvableskills:mining=0, improvableskills:atkdmg_ranged=0, improvableskills:alchemist=0, improvableskills:leaper=0, improvableskills:atkdmg_melee=0, improvableskills:ender_manipulator=0, improvableskills:generic_protection=0, improvableskills:health=0, improvableskills:enchanter=0, improvableskills:digging=0, improvableskills:soul_speed=0]
[23Feb2025 21:17:21.718] [Server thread/WARN] [net.minecraft.server.MinecraftServer/]: Can't keep up! Is the server overloaded? Running 3075ms or 61 ticks behind
[23Feb2025 21:17:53.239] [Server thread/INFO] [ImprovableSkills/]: Sending skill data to WositoGamer (5993af39-aee6-3b4b-ac3d-1585b8c41f97)
[23Feb2025 21:26:16.955] [Server thread/INFO] [net.minecraft.server.MinecraftServer/]: Unknown or incomplete command, see below for error
[23Feb2025 21:26:16.955] [Server thread/INFO] [net.minecraft.server.MinecraftServer/]: _/msg WositoGamer El que juega se la co//msg WositoGamer el que juega se la come<--[HERE]
[23Feb2025 21:29:05.710] [Server thread/INFO] [net.minecraft.server.players.PlayerList/]: xVelnar[/127.76.203.57:54897] logged in with entity id 2513 at (-9.5, 65.0, -0.5)
[23Feb2025 21:29:05.717] [Server thread/INFO] [net.minecraft.server.MinecraftServer/]: xVelnar joined the game
[23Feb2025 21:29:05.762] [Server thread/INFO] [Jade/]: Syncing config to xVelnar (b1badfd8-430a-379c-9dbb-9dc03056976b)
[23Feb2025 21:29:05.764] [Server thread/INFO] [net.minecraft.server.MinecraftServer/]: xVelnar has reached the goal [Choose Your Class]
[23Feb2025 21:29:12.660] [Server thread/INFO] [ImprovableSkills/]: Sending skill data to xVelnar (b1badfd8-430a-379c-9dbb-9dc03056976b)
[23Feb2025 21:29:24.631] [Server thread/WARN] [net.minecraft.server.level.ServerPlayerGameMode/]: Mismatch in destroy block pos: BlockPos{x=0, y=0, z=0} BlockPos{x=-1, y=65, z=0}
[23Feb2025 21:29:25.030] [Server thread/WARN] [net.minecraft.server.level.ServerPlayerGameMode/]: Mismatch in destroy block pos: BlockPos{x=0, y=0, z=0} BlockPos{x=1, y=65, z=-1}
[23Feb2025 21:29:25.207] [Server thread/WARN] [net.minecraft.server.level.ServerPlayerGameMode/]: Mismatch in destroy block pos: BlockPos{x=0, y=0, z=0} BlockPos{x=1, y=65, z=-1}
[23Feb2025 21:29:44.179] [Server thread/WARN] [net.minecraft.server.level.ServerPlayerGameMode/]: Mismatch in destroy block pos: BlockPos{x=0, y=0, z=0} BlockPos{x=14, y=62, z=-15}
[23Feb2025 21:29:44.339] [Server thread/WARN] [net.minecraft.server.level.ServerPlayerGameMode/]: Mismatch in destroy block pos: BlockPos{x=0, y=0, z=0} BlockPos{x=14, y=62, z=-15}
[23Feb2025 21:30:29.385] [Server thread/INFO] [net.minecraft.server.MinecraftServer/]: [WositoGamer: Teleported xVelnar to WositoGamer]
[23Feb2025 21:30:55.131] [Server thread/INFO] [net.minecraft.server.MinecraftServer/]: xVelnar has completed the challenge [Assassin Class]
[23Feb2025 21:31:37.914] [Server thread/INFO] [net.minecraft.server.MinecraftServer/]: [WositoGamer: Teleported xVelnar to WositoGamer]
[23Feb2025 21:32:33.113] [Server thread/INFO] [net.minecraft.server.MinecraftServer/]: You whisper to xVelnar: I see toy
[23Feb2025 21:32:51.956] [Server thread/INFO] [net.minecraft.server.MinecraftServer/]: xVelnar has made the advancement [Acquire Hardware]
[23Feb2025 21:33:48.326] [Server thread/INFO] [net.minecraft.server.MinecraftServer/]: xVelnar has made the advancement [Suit Up]
[23Feb2025 21:35:02.231] [Server thread/WARN] [net.minecraft.server.network.ServerGamePacketListenerImpl/]: WositoGamer moved too quickly! 0.020901065343423397,-10.55660261462009,0.28482839830439843
[23Feb2025 21:35:39.672] [Server thread/INFO] [net.minecraft.server.MinecraftServer/]: xVelnar has made the advancement [Isn't It Iron Pick]
[23Feb2025 21:36:09.506] [Server thread/WARN] [net.minecraft.server.level.ServerPlayerGameMode/]: Mismatch in destroy block pos: BlockPos{x=-1969, y=64, z=-1869} BlockPos{x=-1971, y=63, z=-1868}
[23Feb2025 21:36:09.556] [Server thread/WARN] [net.minecraft.server.level.ServerPlayerGameMode/]: Mismatch in destroy block pos: BlockPos{x=-1970, y=64, z=-1869} BlockPos{x=-1971, y=63, z=-1868}
[23Feb2025 21:36:09.610] [Server thread/WARN] [net.minecraft.server.level.ServerPlayerGameMode/]: Mismatch in destroy block pos: BlockPos{x=-1970, y=64, z=-1869} BlockPos{x=-1971, y=63, z=-1868}
[23Feb2025 21:36:10.457] [Server thread/WARN] [net.minecraft.server.level.ServerPlayerGameMode/]: Mismatch in destroy block pos: BlockPos{x=-1968, y=62, z=-1869} BlockPos{x=-1970, y=62, z=-1868}
[23Feb2025 21:36:42.010] [Server thread/WARN] [net.minecraft.server.level.ServerPlayerGameMode/]: Mismatch in destroy block pos: BlockPos{x=-1960, y=61, z=-1866} BlockPos{x=-1960, y=59, z=-1865}
[23Feb2025 21:36:42.064] [Server thread/WARN] [net.minecraft.server.level.ServerPlayerGameMode/]: Mismatch in destroy block pos: BlockPos{x=-1960, y=61, z=-1866} BlockPos{x=-1960, y=59, z=-1865}
[23Feb2025 21:36:42.107] [Server thread/WARN] [net.minecraft.server.level.ServerPlayerGameMode/]: Mismatch in destroy block pos: BlockPos{x=-1960, y=61, z=-1866} BlockPos{x=-1960, y=59, z=-1865}
[23Feb2025 21:37:07.426] [Server thread/INFO] [net.minecraft.server.MinecraftServer/]: [WositoGamer: Teleported WositoGamer to xVelnar]
[23Feb2025 21:42:35.691] [Server thread/INFO] [net.minecraft.server.MinecraftServer/]: xVelnar has made the advancement [Monster Hunter]
[23Feb2025 21:44:54.577] [Server thread/INFO] [net.minecraft.server.players.PlayerList/]: KewexX07[/127.27.93.139:46573] logged in with entity id 6464 at (-1892.5749856368657, 128.5, -1790.991401410044)
[23Feb2025 21:44:54.595] [Server thread/INFO] [net.minecraft.server.MinecraftServer/]: KewexX07 joined the game
[23Feb2025 21:44:54.628] [Server thread/INFO] [Jade/]: Syncing config to KewexX07 (ae17d3a0-c4fb-3f82-a743-97d80067eb70)
[23Feb2025 21:45:02.211] [Server thread/INFO] [ImprovableSkills/]: Sending skill data to KewexX07 (ae17d3a0-c4fb-3f82-a743-97d80067eb70)
[23Feb2025 21:45:09.662] [Server thread/INFO] [net.minecraft.server.MinecraftServer/]: xVelnar has made the advancement [Stone Age]
[23Feb2025 21:45:49.913] [Server thread/INFO] [net.minecraft.server.MinecraftServer/]: [KewexX07: Teleported KewexX07 to WositoGamer]
[23Feb2025 21:48:11.381] [Server thread/INFO] [net.minecraft.server.MinecraftServer/]: [KewexX07: Created team [N]]
[23Feb2025 21:48:24.261] [Server thread/INFO] [net.minecraft.server.MinecraftServer/]: [KewexX07: Added xVelnar to team [nopvp]]
[23Feb2025 21:48:30.856] [Server thread/INFO] [net.minecraft.server.MinecraftServer/]: [KewexX07: Teleported KewexX07 to xVelnar]
[23Feb2025 21:48:51.877] [Server thread/INFO] [net.minecraft.server.MinecraftServer/]: [Not Secure] <KewexX07> cHE
[23Feb2025 21:48:55.265] [Server thread/INFO] [net.minecraft.server.MinecraftServer/]: [Not Secure] <xVelnar> dime
[23Feb2025 21:48:56.421] [Server thread/INFO] [net.minecraft.server.MinecraftServer/]: [WositoGamer: Teleported xVelnar to WositoGamer]
[23Feb2025 21:49:05.709] [Server thread/INFO] [net.minecraft.server.MinecraftServer/]: [Not Secure] <KewexX07> Le quedan 20 horas de vida al sever nada mas
[23Feb2025 21:49:09.065] [Server thread/INFO] [net.minecraft.server.MinecraftServer/]: [Not Secure] <WositoGamer> ?
[23Feb2025 21:49:13.781] [Server thread/INFO] [net.minecraft.server.MinecraftServer/]: [Not Secure] <KewexX07> No se si se apague antes
[23Feb2025 21:49:19.163] [Server thread/INFO] [net.minecraft.server.MinecraftServer/]: [Not Secure] <KewexX07> como un dia nos paso
[23Feb2025 21:49:30.085] [Server thread/INFO] [net.minecraft.server.MinecraftServer/]: [Not Secure] <WositoGamer> Verga
[23Feb2025 21:49:35.866] [Server thread/INFO] [net.minecraft.server.MinecraftServer/]: [Not Secure] <WositoGamer> Si tienes copia?
[23Feb2025 21:49:48.570] [Server thread/INFO] [net.minecraft.server.MinecraftServer/]: [Not Secure] <KewexX07> Si pero si jugamos y se apaga no hay backup
[23Feb2025 21:50:07.072] [Server thread/INFO] [net.minecraft.server.MinecraftServer/]: [Not Secure] <WositoGamer> Igual solo vamos a jugar unas 2 horas
[23Feb2025 21:50:13.576] [Server thread/INFO] [net.minecraft.server.MinecraftServer/]: [Not Secure] <KewexX07> bueno dale
[23Feb2025 21:50:14.574] [Server thread/INFO] [net.minecraft.server.MinecraftServer/]: [Not Secure] <WositoGamer> Asi haces copia
[23Feb2025 21:50:21.524] [Server thread/INFO] [net.minecraft.server.MinecraftServer/]: [Not Secure] <WositoGamer> Y que no nos pase lo de antes
[23Feb2025 21:52:06.974] [Server thread/INFO] [net.minecraft.world.entity.npc.Villager/]: Villager Villager['Unemployed'/8977, l='ServerLevel[world]', x=-1356.30, y=129.39, z=-1494.50] died, message: 'Unemployed froze to death'
[23Feb2025 21:52:24.527] [Server thread/INFO] [net.minecraft.server.MinecraftServer/]: [WositoGamer: Teleported WositoGamer to KewexX07]
[23Feb2025 21:52:34.183] [Server thread/INFO] [net.minecraft.server.MinecraftServer/]: [WositoGamer: Teleported xVelnar to WositoGamer]
[23Feb2025 21:54:05.163] [Server thread/INFO] [net.minecraft.server.MinecraftServer/]: xVelnar has reached the goal [Half a flight]
[23Feb2025 21:55:27.749] [Server thread/WARN] [net.minecraft.world.level.chunk.LevelChunk/]: Tried to load a DUMMY block entity @ BlockPos{x=-1962, y=21, z=-907} but found not block entity block Block{minecraft:water}[level=8] at location
[23Feb2025 21:55:27.749] [Server thread/WARN] [net.minecraft.world.level.chunk.LevelChunk/]: Tried to load a block entity for block Block{minecraft:water}[level=8] but failed at location BlockPos{x=-1962, y=21, z=-907}
[23Feb2025 21:55:57.139] [Server thread/INFO] [net.minecraft.server.MinecraftServer/]: [WositoGamer: Teleported xVelnar to WositoGamer]
[23Feb2025 21:56:09.270] [Server thread/INFO] [net.minecraft.server.MinecraftServer/]: You whisper to KewexX07: hola
[23Feb2025 21:56:09.959] [Worker-Main-5/ERROR] [net.minecraft.world.entity.decoration.HangingEntity/]: Hanging entity at invalid position: BlockPos{x=203, y=48, z=159}
[23Feb2025 21:59:52.479] [Server thread/INFO] [net.minecraft.server.MinecraftServer/]: [KewexX07: Teleported KewexX07 to WositoGamer]
[23Feb2025 22:00:07.505] [Server thread/INFO] [net.minecraft.server.MinecraftServer/]: xVelnar has made the advancement [Diamonds!]
[23Feb2025 22:00:15.723] [Server thread/INFO] [net.minecraft.server.MinecraftServer/]: [KewexX07: Teleported KewexX07 to xVelnar]
[23Feb2025 22:01:37.283] [Server thread/INFO] [net.minecraft.server.MinecraftServer/]: [KewexX07: Teleported KewexX07 to -4437.500000, 95.500000, -2259.500000]
[23Feb2025 22:02:31.126] [Server thread/INFO] [net.minecraft.server.MinecraftServer/]: [WositoGamer: Teleported xVelnar to WositoGamer]
[23Feb2025 22:08:34.514] [Server thread/INFO] [net.minecraft.server.MinecraftServer/]: xVelnar has made the advancement [First Age]
[23Feb2025 22:10:46.775] [Server thread/INFO] [net.minecraft.server.MinecraftServer/]: xVelnar has made the advancement [A Strange Grave Dust]
[23Feb2025 22:12:44.515] [Server thread/INFO] [net.minecraft.server.MinecraftServer/]: [WositoGamer: Teleported xVelnar to WositoGamer]
[23Feb2025 22:14:55.014] [Server thread/INFO] [net.minecraft.server.MinecraftServer/]: [WositoGamer: Teleported WositoGamer to KewexX07]
[23Feb2025 22:15:01.477] [Server thread/INFO] [net.minecraft.server.MinecraftServer/]: [WositoGamer: Teleported xVelnar to WositoGamer]
[23Feb2025 22:15:43.046] [Server thread/INFO] [net.minecraft.server.MinecraftServer/]: WositoGamer has made the advancement [Rigged from the Start]
[23Feb2025 22:16:31.535] [Server thread/INFO] [net.minecraft.server.MinecraftServer/]: xVelnar has made the advancement [Knowledge of Death]
[23Feb2025 22:16:31.535] [Server thread/INFO] [net.minecraft.server.MinecraftServer/]: xVelnar has made the advancement [Ashes 'n Bones]
[23Feb2025 22:17:02.203] [Server thread/INFO] [net.minecraft.server.MinecraftServer/]: xVelnar has made the advancement [Mine? Mine? Mine?]
[23Feb2025 22:17:43.238] [Server thread/INFO] [net.minecraft.server.MinecraftServer/]: xVelnar has made the advancement [Rigged from the Start]
[23Feb2025 22:18:16.487] [Server thread/INFO] [net.minecraft.server.MinecraftServer/]: xVelnar has made the advancement [No Step on Snake]
[23Feb2025 22:20:46.190] [Server thread/INFO] [net.minecraft.server.MinecraftServer/]: [WositoGamer: Teleported xVelnar to WositoGamer]
[23Feb2025 22:21:55.510] [Server thread/INFO] [net.minecraft.server.MinecraftServer/]: xVelnar has made the advancement [Take Aim]
[23Feb2025 22:24:56.647] [Worker-Main-3/ERROR] [net.minecraft.world.entity.decoration.HangingEntity/]: Hanging entity at invalid position: BlockPos{x=311, y=48, z=214}
[23Feb2025 22:24:56.648] [Worker-Main-3/ERROR] [net.minecraft.world.entity.decoration.HangingEntity/]: Hanging entity at invalid position: BlockPos{x=310, y=48, z=214}
[23Feb2025 22:24:56.649] [Worker-Main-3/ERROR] [net.minecraft.world.entity.decoration.HangingEntity/]: Hanging entity at invalid position: BlockPos{x=309, y=49, z=214}
[23Feb2025 22:24:56.650] [Worker-Main-3/ERROR] [net.minecraft.world.entity.decoration.HangingEntity/]: Hanging entity at invalid position: BlockPos{x=309, y=48, z=214}
[23Feb2025 22:24:56.651] [Worker-Main-3/ERROR] [net.minecraft.world.entity.decoration.HangingEntity/]: Hanging entity at invalid position: BlockPos{x=310, y=49, z=214}
[23Feb2025 22:24:56.652] [Worker-Main-3/ERROR] [net.minecraft.world.entity.decoration.HangingEntity/]: Hanging entity at invalid position: BlockPos{x=311, y=49, z=214}
[23Feb2025 22:24:56.653] [Worker-Main-3/ERROR] [net.minecraft.world.entity.decoration.HangingEntity/]: Hanging entity at invalid position: BlockPos{x=311, y=50, z=214}
[23Feb2025 22:24:56.655] [Worker-Main-3/ERROR] [net.minecraft.world.entity.decoration.HangingEntity/]: Hanging entity at invalid position: BlockPos{x=310, y=50, z=214}
[23Feb2025 22:24:56.655] [Worker-Main-3/ERROR] [net.minecraft.world.entity.decoration.HangingEntity/]: Hanging entity at invalid position: BlockPos{x=309, y=50, z=214}
[23Feb2025 22:24:56.999] [Server thread/INFO] [net.minecraft.server.MinecraftServer/]: [WositoGamer: Teleported WositoGamer to xVelnar]
[23Feb2025 22:24:59.402] [Worker-Main-5/ERROR] [net.minecraft.world.entity.decoration.HangingEntity/]: Hanging entity at invalid position: BlockPos{x=311, y=48, z=214}
[23Feb2025 22:24:59.403] [Worker-Main-5/ERROR] [net.minecraft.world.entity.decoration.HangingEntity/]: Hanging entity at invalid position: BlockPos{x=310, y=48, z=214}
[23Feb2025 22:24:59.403] [Worker-Main-5/ERROR] [net.minecraft.world.entity.decoration.HangingEntity/]: Hanging entity at invalid position: BlockPos{x=310, y=49, z=214}
[23Feb2025 22:24:59.403] [Worker-Main-5/ERROR] [net.minecraft.world.entity.decoration.HangingEntity/]: Hanging entity at invalid position: BlockPos{x=311, y=49, z=214}
[23Feb2025 22:24:59.403] [Worker-Main-5/ERROR] [net.minecraft.world.entity.decoration.HangingEntity/]: Hanging entity at invalid position: BlockPos{x=311, y=50, z=214}
[23Feb2025 22:24:59.404] [Worker-Main-5/ERROR] [net.minecraft.world.entity.decoration.HangingEntity/]: Hanging entity at invalid position: BlockPos{x=310, y=50, z=214}
[23Feb2025 22:24:59.525] [Worker-Main-3/ERROR] [net.minecraft.world.entity.decoration.HangingEntity/]: Hanging entity at invalid position: BlockPos{x=309, y=49, z=214}
[23Feb2025 22:24:59.526] [Worker-Main-3/ERROR] [net.minecraft.world.entity.decoration.HangingEntity/]: Hanging entity at invalid position: BlockPos{x=309, y=48, z=214}
[23Feb2025 22:24:59.526] [Worker-Main-3/ERROR] [net.minecraft.world.entity.decoration.HangingEntity/]: Hanging entity at invalid position: BlockPos{x=309, y=50, z=214}
[23Feb2025 22:26:42.814] [Server thread/INFO] [net.minecraft.server.MinecraftServer/]: xVelnar has made the advancement [It's an Emu!!!]
[23Feb2025 22:28:39.975] [Server thread/ERROR] [net.minecraftforge.eventbus.EventBus/EVENTBUS]: Exception caught during firing event: Cannot invoke "net.minecraft.world.entity.Entity.m_20206_()" because "entityHeld" is null
	Index: 3
	Listeners:
		0: HIGHEST
		1: ASM: class ovh.corail.tombstone.event.EventHandler onPlayerInteractEntity(Lnet/minecraftforge/event/entity/player/PlayerInteractEvent$EntityInteract;)V
		2: HIGH
		3: ASM: class tschipp.carryon.events.CommonEvents onEntityRightClick(Lnet/minecraftforge/event/entity/player/PlayerInteractEvent$EntityInteract;)V
		4: ASM: team.creative.playerrevive.server.ReviveEventServer@7ce51f3b playerInteract(Lnet/minecraftforge/event/entity/player/PlayerInteractEvent$EntityInteract;)V
		5: NORMAL
		6: ASM: com.bobmowzie.mowziesmobs.server.ServerEventHandler@13b44b18 onPlayerInteract(Lnet/minecraftforge/event/entity/player/PlayerInteractEvent$EntityInteract;)V
		7: ASM: com.bobmowzie.mowziesmobs.server.ability.AbilityCommonEventHandler@2a537c9d onPlayerRightClickEntity(Lnet/minecraftforge/event/entity/player/PlayerInteractEvent$EntityInteract;)V
		8: ASM: com.github.alexthe666.alexsmobs.event.ServerEvents@1ff643a9 onInteractWithEntity(Lnet/minecraftforge/event/entity/player/PlayerInteractEvent$EntityInteract;)V
		9: net.minecraftforge.eventbus.EventBus$$Lambda$4242/0x0000756618afea18@3d39c376
		10: net.minecraftforge.eventbus.EventBus$$Lambda$4242/0x0000756618afea18@47ae86cb
		11: ASM: class tictim.paraglider.forge.event.ParagliderEventHandler onPlayerInteract(Lnet/minecraftforge/event/entity/player/PlayerInteractEvent;)V
java.lang.NullPointerException: Cannot invoke "net.minecraft.world.entity.Entity.m_20206_()" because "entityHeld" is null
	at TRANSFORMER/carryon@2.1.2.7/tschipp.carryon.common.carry.PlacementHandler.tryStackEntity(PlacementHandler.java:199)
	at TRANSFORMER/carryon@2.1.2.7/tschipp.carryon.events.CommonEvents.onEntityRightClick(CommonEvents.java:124)
	at TRANSFORMER/carryon@2.1.2.7/tschipp.carryon.events.__CommonEvents_onEntityRightClick_EntityInteract.invoke(.dynamic)
	at MC-BOOTSTRAP/net.minecraftforge.eventbus/net.minecraftforge.eventbus.ASMEventHandler.invoke(ASMEventHandler.java:73)
	at MC-BOOTSTRAP/net.minecraftforge.eventbus/net.minecraftforge.eventbus.EventBus.post(EventBus.java:315)
	at MC-BOOTSTRAP/net.minecraftforge.eventbus/net.minecraftforge.eventbus.EventBus.post(EventBus.java:296)
	at TRANSFORMER/forge@47.3.7/net.minecraftforge.common.ForgeHooks.onInteractEntity(ForgeHooks.java:764)
	at TRANSFORMER/minecraft@1.20.1/net.minecraft.world.entity.player.Player.m_36157_(Player.java:975)
	at TRANSFORMER/minecraft@1.20.1/net.minecraft.server.network.ServerGamePacketListenerImpl$1.m_143678_(ServerGamePacketListenerImpl.java:1460)
	at TRANSFORMER/minecraft@1.20.1/net.minecraft.server.network.ServerGamePacketListenerImpl$1.m_142299_(ServerGamePacketListenerImpl.java:1472)
	at TRANSFORMER/minecraft@1.20.1/net.minecraft.network.protocol.game.ServerboundInteractPacket$InteractionAction.m_142457_(ServerboundInteractPacket.java:116)
	at TRANSFORMER/minecraft@1.20.1/net.minecraft.network.protocol.game.ServerboundInteractPacket.m_179617_(ServerboundInteractPacket.java:66)
	at TRANSFORMER/minecraft@1.20.1/net.minecraft.server.network.ServerGamePacketListenerImpl.m_6946_(ServerGamePacketListenerImpl.java:1455)
	at TRANSFORMER/minecraft@1.20.1/net.minecraft.network.protocol.game.ServerboundInteractPacket.m_5797_(ServerboundInteractPacket.java:53)
	at TRANSFORMER/minecraft@1.20.1/net.minecraft.network.protocol.game.ServerboundInteractPacket.m_5797_(ServerboundInteractPacket.java:13)
	at TRANSFORMER/minecraft@1.20.1/net.minecraft.network.protocol.PacketUtils.m_263899_(PacketUtils.java:22)
	at TRANSFORMER/minecraft@1.20.1/net.minecraft.server.TickTask.run(TickTask.java:18)
	at TRANSFORMER/minecraft@1.20.1/net.minecraft.util.thread.BlockableEventLoop.m_6367_(BlockableEventLoop.java:156)
	at TRANSFORMER/minecraft@1.20.1/net.minecraft.util.thread.ReentrantBlockableEventLoop.m_6367_(ReentrantBlockableEventLoop.java:23)
	at TRANSFORMER/minecraft@1.20.1/net.minecraft.server.MinecraftServer.m_6367_(MinecraftServer.java:770)
	at TRANSFORMER/minecraft@1.20.1/net.minecraft.server.MinecraftServer.m_6367_(MinecraftServer.java:161)
	at TRANSFORMER/minecraft@1.20.1/net.minecraft.util.thread.BlockableEventLoop.m_7245_(BlockableEventLoop.java:130)
	at TRANSFORMER/minecraft@1.20.1/net.minecraft.server.MinecraftServer.m_129961_(MinecraftServer.java:753)
	at TRANSFORMER/minecraft@1.20.1/net.minecraft.server.MinecraftServer.m_7245_(MinecraftServer.java:747)
	at TRANSFORMER/minecraft@1.20.1/net.minecraft.util.thread.BlockableEventLoop.m_18701_(BlockableEventLoop.java:139)
	at TRANSFORMER/minecraft@1.20.1/net.minecraft.server.MinecraftServer.m_130012_(MinecraftServer.java:733)
	at TRANSFORMER/minecraft@1.20.1/net.minecraft.server.MinecraftServer.m_130011_(MinecraftServer.java:665)
	at TRANSFORMER/minecraft@1.20.1/net.minecraft.server.MinecraftServer.m_206580_(MinecraftServer.java:251)
	at java.base/java.lang.Thread.run(Thread.java:840)

[23Feb2025 22:28:39.976] [Server thread/ERROR] [net.minecraft.network.protocol.PacketUtils/]: Failed to handle packet net.minecraft.network.protocol.game.ServerboundInteractPacket@6a5118a2, suppressing error
java.lang.NullPointerException: Cannot invoke "net.minecraft.world.entity.Entity.m_20206_()" because "entityHeld" is null
	at tschipp.carryon.common.carry.PlacementHandler.tryStackEntity(PlacementHandler.java:199) ~[carryon-forge-1.20.1-2.1.2.7.jar%23156!/:2.1.2.7]
	at tschipp.carryon.events.CommonEvents.onEntityRightClick(CommonEvents.java:124) ~[carryon-forge-1.20.1-2.1.2.7.jar%23156!/:2.1.2.7]
	at tschipp.carryon.events.__CommonEvents_onEntityRightClick_EntityInteract.invoke(.dynamic) ~[carryon-forge-1.20.1-2.1.2.7.jar%23156!/:2.1.2.7]
	at net.minecraftforge.eventbus.ASMEventHandler.invoke(ASMEventHandler.java:73) ~[eventbus-6.0.5.jar%2352!/:?]
	at net.minecraftforge.eventbus.EventBus.post(EventBus.java:315) ~[eventbus-6.0.5.jar%2352!/:?]
	at net.minecraftforge.eventbus.EventBus.post(EventBus.java:296) ~[eventbus-6.0.5.jar%2352!/:?]
	at net.minecraftforge.common.ForgeHooks.onInteractEntity(ForgeHooks.java:764) ~[forge-1.20.1-47.3.7-universal.jar%23206!/:?]
	at net.minecraft.world.entity.player.Player.m_36157_(Player.java:975) ~[server-1.20.1-20230612.114412-srg.jar%23201!/:?]
	at net.minecraft.server.network.ServerGamePacketListenerImpl$1.m_143678_(ServerGamePacketListenerImpl.java:1460) ~[server-1.20.1-20230612.114412-srg.jar%23201!/:?]
	at net.minecraft.server.network.ServerGamePacketListenerImpl$1.m_142299_(ServerGamePacketListenerImpl.java:1472) ~[server-1.20.1-20230612.114412-srg.jar%23201!/:?]
	at net.minecraft.network.protocol.game.ServerboundInteractPacket$InteractionAction.m_142457_(ServerboundInteractPacket.java:116) ~[server-1.20.1-20230612.114412-srg.jar%23201!/:?]
	at net.minecraft.network.protocol.game.ServerboundInteractPacket.m_179617_(ServerboundInteractPacket.java:66) ~[server-1.20.1-20230612.114412-srg.jar%23201!/:?]
	at net.minecraft.server.network.ServerGamePacketListenerImpl.m_6946_(ServerGamePacketListenerImpl.java:1455) ~[server-1.20.1-20230612.114412-srg.jar%23201!/:?]
	at net.minecraft.network.protocol.game.ServerboundInteractPacket.m_5797_(ServerboundInteractPacket.java:53) ~[server-1.20.1-20230612.114412-srg.jar%23201!/:?]
	at net.minecraft.network.protocol.game.ServerboundInteractPacket.m_5797_(ServerboundInteractPacket.java:13) ~[server-1.20.1-20230612.114412-srg.jar%23201!/:?]
	at net.minecraft.network.protocol.PacketUtils.m_263899_(PacketUtils.java:22) ~[server-1.20.1-20230612.114412-srg.jar%23201!/:?]
	at net.minecraft.server.TickTask.run(TickTask.java:18) ~[server-1.20.1-20230612.114412-srg.jar%23201!/:?]
	at net.minecraft.util.thread.BlockableEventLoop.m_6367_(BlockableEventLoop.java:156) ~[server-1.20.1-20230612.114412-srg.jar%23201!/:?]
	at net.minecraft.util.thread.ReentrantBlockableEventLoop.m_6367_(ReentrantBlockableEventLoop.java:23) ~[server-1.20.1-20230612.114412-srg.jar%23201!/:?]
	at net.minecraft.server.MinecraftServer.m_6367_(MinecraftServer.java:770) ~[server-1.20.1-20230612.114412-srg.jar%23201!/:?]
	at net.minecraft.server.MinecraftServer.m_6367_(MinecraftServer.java:161) ~[server-1.20.1-20230612.114412-srg.jar%23201!/:?]
	at net.minecraft.util.thread.BlockableEventLoop.m_7245_(BlockableEventLoop.java:130) ~[server-1.20.1-20230612.114412-srg.jar%23201!/:?]
	at net.minecraft.server.MinecraftServer.m_129961_(MinecraftServer.java:753) ~[server-1.20.1-20230612.114412-srg.jar%23201!/:?]
	at net.minecraft.server.MinecraftServer.m_7245_(MinecraftServer.java:747) ~[server-1.20.1-20230612.114412-srg.jar%23201!/:?]
	at net.minecraft.util.thread.BlockableEventLoop.m_18701_(BlockableEventLoop.java:139) ~[server-1.20.1-20230612.114412-srg.jar%23201!/:?]
	at net.minecraft.server.MinecraftServer.m_130012_(MinecraftServer.java:733) ~[server-1.20.1-20230612.114412-srg.jar%23201!/:?]
	at net.minecraft.server.MinecraftServer.m_130011_(MinecraftServer.java:665) ~[server-1.20.1-20230612.114412-srg.jar%23201!/:?]
	at net.minecraft.server.MinecraftServer.m_206580_(MinecraftServer.java:251) ~[server-1.20.1-20230612.114412-srg.jar%23201!/:?]
	at java.lang.Thread.run(Thread.java:840) ~[?:?]
[23Feb2025 22:28:40.475] [Server thread/ERROR] [net.minecraftforge.eventbus.EventBus/EVENTBUS]: Exception caught during firing event: Cannot invoke "net.minecraft.world.entity.Entity.m_20206_()" because "entityHeld" is null
	Index: 3
	Listeners:
		0: HIGHEST
		1: ASM: class ovh.corail.tombstone.event.EventHandler onPlayerInteractEntity(Lnet/minecraftforge/event/entity/player/PlayerInteractEvent$EntityInteract;)V
		2: HIGH
		3: ASM: class tschipp.carryon.events.CommonEvents onEntityRightClick(Lnet/minecraftforge/event/entity/player/PlayerInteractEvent$EntityInteract;)V
		4: ASM: team.creative.playerrevive.server.ReviveEventServer@7ce51f3b playerInteract(Lnet/minecraftforge/event/entity/player/PlayerInteractEvent$EntityInteract;)V
		5: NORMAL
		6: ASM: com.bobmowzie.mowziesmobs.server.ServerEventHandler@13b44b18 onPlayerInteract(Lnet/minecraftforge/event/entity/player/PlayerInteractEvent$EntityInteract;)V
		7: ASM: com.bobmowzie.mowziesmobs.server.ability.AbilityCommonEventHandler@2a537c9d onPlayerRightClickEntity(Lnet/minecraftforge/event/entity/player/PlayerInteractEvent$EntityInteract;)V
		8: ASM: com.github.alexthe666.alexsmobs.event.ServerEvents@1ff643a9 onInteractWithEntity(Lnet/minecraftforge/event/entity/player/PlayerInteractEvent$EntityInteract;)V
		9: net.minecraftforge.eventbus.EventBus$$Lambda$4242/0x0000756618afea18@3d39c376
		10: net.minecraftforge.eventbus.EventBus$$Lambda$4242/0x0000756618afea18@47ae86cb
		11: ASM: class tictim.paraglider.forge.event.ParagliderEventHandler onPlayerInteract(Lnet/minecraftforge/event/entity/player/PlayerInteractEvent;)V
java.lang.NullPointerException: Cannot invoke "net.minecraft.world.entity.Entity.m_20206_()" because "entityHeld" is null
	at TRANSFORMER/carryon@2.1.2.7/tschipp.carryon.common.carry.PlacementHandler.tryStackEntity(PlacementHandler.java:199)
	at TRANSFORMER/carryon@2.1.2.7/tschipp.carryon.events.CommonEvents.onEntityRightClick(CommonEvents.java:124)
	at TRANSFORMER/carryon@2.1.2.7/tschipp.carryon.events.__CommonEvents_onEntityRightClick_EntityInteract.invoke(.dynamic)
	at MC-BOOTSTRAP/net.minecraftforge.eventbus/net.minecraftforge.eventbus.ASMEventHandler.invoke(ASMEventHandler.java:73)
	at MC-BOOTSTRAP/net.minecraftforge.eventbus/net.minecraftforge.eventbus.EventBus.post(EventBus.java:315)
	at MC-BOOTSTRAP/net.minecraftforge.eventbus/net.minecraftforge.eventbus.EventBus.post(EventBus.java:296)
	at TRANSFORMER/forge@47.3.7/net.minecraftforge.common.ForgeHooks.onInteractEntity(ForgeHooks.java:764)
	at TRANSFORMER/minecraft@1.20.1/net.minecraft.world.entity.player.Player.m_36157_(Player.java:975)
	at TRANSFORMER/minecraft@1.20.1/net.minecraft.server.network.ServerGamePacketListenerImpl$1.m_143678_(ServerGamePacketListenerImpl.java:1460)
	at TRANSFORMER/minecraft@1.20.1/net.minecraft.server.network.ServerGamePacketListenerImpl$1.m_142299_(ServerGamePacketListenerImpl.java:1472)
	at TRANSFORMER/minecraft@1.20.1/net.minecraft.network.protocol.game.ServerboundInteractPacket$InteractionAction.m_142457_(ServerboundInteractPacket.java:116)
	at TRANSFORMER/minecraft@1.20.1/net.minecraft.network.protocol.game.ServerboundInteractPacket.m_179617_(ServerboundInteractPacket.java:66)
	at TRANSFORMER/minecraft@1.20.1/net.minecraft.server.network.ServerGamePacketListenerImpl.m_6946_(ServerGamePacketListenerImpl.java:1455)
	at TRANSFORMER/minecraft@1.20.1/net.minecraft.network.protocol.game.ServerboundInteractPacket.m_5797_(ServerboundInteractPacket.java:53)
	at TRANSFORMER/minecraft@1.20.1/net.minecraft.network.protocol.game.ServerboundInteractPacket.m_5797_(ServerboundInteractPacket.java:13)
	at TRANSFORMER/minecraft@1.20.1/net.minecraft.network.protocol.PacketUtils.m_263899_(PacketUtils.java:22)
	at TRANSFORMER/minecraft@1.20.1/net.minecraft.server.TickTask.run(TickTask.java:18)
	at TRANSFORMER/minecraft@1.20.1/net.minecraft.util.thread.BlockableEventLoop.m_6367_(BlockableEventLoop.java:156)
	at TRANSFORMER/minecraft@1.20.1/net.minecraft.util.thread.ReentrantBlockableEventLoop.m_6367_(ReentrantBlockableEventLoop.java:23)
	at TRANSFORMER/minecraft@1.20.1/net.minecraft.server.MinecraftServer.m_6367_(MinecraftServer.java:770)
	at TRANSFORMER/minecraft@1.20.1/net.minecraft.server.MinecraftServer.m_6367_(MinecraftServer.java:161)
	at TRANSFORMER/minecraft@1.20.1/net.minecraft.util.thread.BlockableEventLoop.m_7245_(BlockableEventLoop.java:130)
	at TRANSFORMER/minecraft@1.20.1/net.minecraft.server.MinecraftServer.m_129961_(MinecraftServer.java:753)
	at TRANSFORMER/minecraft@1.20.1/net.minecraft.server.MinecraftServer.m_7245_(MinecraftServer.java:747)
	at TRANSFORMER/minecraft@1.20.1/net.minecraft.util.thread.BlockableEventLoop.m_18701_(BlockableEventLoop.java:139)
	at TRANSFORMER/minecraft@1.20.1/net.minecraft.server.MinecraftServer.m_130012_(MinecraftServer.java:733)
	at TRANSFORMER/minecraft@1.20.1/net.minecraft.server.MinecraftServer.m_130011_(MinecraftServer.java:665)
	at TRANSFORMER/minecraft@1.20.1/net.minecraft.server.MinecraftServer.m_206580_(MinecraftServer.java:251)
	at java.base/java.lang.Thread.run(Thread.java:840)

[23Feb2025 22:28:40.476] [Server thread/ERROR] [net.minecraft.network.protocol.PacketUtils/]: Failed to handle packet net.minecraft.network.protocol.game.ServerboundInteractPacket@48e26d35, suppressing error
java.lang.NullPointerException: Cannot invoke "net.minecraft.world.entity.Entity.m_20206_()" because "entityHeld" is null
	at tschipp.carryon.common.carry.PlacementHandler.tryStackEntity(PlacementHandler.java:199) ~[carryon-forge-1.20.1-2.1.2.7.jar%23156!/:2.1.2.7]
	at tschipp.carryon.events.CommonEvents.onEntityRightClick(CommonEvents.java:124) ~[carryon-forge-1.20.1-2.1.2.7.jar%23156!/:2.1.2.7]
	at tschipp.carryon.events.__CommonEvents_onEntityRightClick_EntityInteract.invoke(.dynamic) ~[carryon-forge-1.20.1-2.1.2.7.jar%23156!/:2.1.2.7]
	at net.minecraftforge.eventbus.ASMEventHandler.invoke(ASMEventHandler.java:73) ~[eventbus-6.0.5.jar%2352!/:?]
	at net.minecraftforge.eventbus.EventBus.post(EventBus.java:315) ~[eventbus-6.0.5.jar%2352!/:?]
	at net.minecraftforge.eventbus.EventBus.post(EventBus.java:296) ~[eventbus-6.0.5.jar%2352!/:?]
	at net.minecraftforge.common.ForgeHooks.onInteractEntity(ForgeHooks.java:764) ~[forge-1.20.1-47.3.7-universal.jar%23206!/:?]
	at net.minecraft.world.entity.player.Player.m_36157_(Player.java:975) ~[server-1.20.1-20230612.114412-srg.jar%23201!/:?]
	at net.minecraft.server.network.ServerGamePacketListenerImpl$1.m_143678_(ServerGamePacketListenerImpl.java:1460) ~[server-1.20.1-20230612.114412-srg.jar%23201!/:?]
	at net.minecraft.server.network.ServerGamePacketListenerImpl$1.m_142299_(ServerGamePacketListenerImpl.java:1472) ~[server-1.20.1-20230612.114412-srg.jar%23201!/:?]
	at net.minecraft.network.protocol.game.ServerboundInteractPacket$InteractionAction.m_142457_(ServerboundInteractPacket.java:116) ~[server-1.20.1-20230612.114412-srg.jar%23201!/:?]
	at net.minecraft.network.protocol.game.ServerboundInteractPacket.m_179617_(ServerboundInteractPacket.java:66) ~[server-1.20.1-20230612.114412-srg.jar%23201!/:?]
	at net.minecraft.server.network.ServerGamePacketListenerImpl.m_6946_(ServerGamePacketListenerImpl.java:1455) ~[server-1.20.1-20230612.114412-srg.jar%23201!/:?]
	at net.minecraft.network.protocol.game.ServerboundInteractPacket.m_5797_(ServerboundInteractPacket.java:53) ~[server-1.20.1-20230612.114412-srg.jar%23201!/:?]
	at net.minecraft.network.protocol.game.ServerboundInteractPacket.m_5797_(ServerboundInteractPacket.java:13) ~[server-1.20.1-20230612.114412-srg.jar%23201!/:?]
	at net.minecraft.network.protocol.PacketUtils.m_263899_(PacketUtils.java:22) ~[server-1.20.1-20230612.114412-srg.jar%23201!/:?]
	at net.minecraft.server.TickTask.run(TickTask.java:18) ~[server-1.20.1-20230612.114412-srg.jar%23201!/:?]
	at net.minecraft.util.thread.BlockableEventLoop.m_6367_(BlockableEventLoop.java:156) ~[server-1.20.1-20230612.114412-srg.jar%23201!/:?]
	at net.minecraft.util.thread.ReentrantBlockableEventLoop.m_6367_(ReentrantBlockableEventLoop.java:23) ~[server-1.20.1-20230612.114412-srg.jar%23201!/:?]
	at net.minecraft.server.MinecraftServer.m_6367_(MinecraftServer.java:770) ~[server-1.20.1-20230612.114412-srg.jar%23201!/:?]
	at net.minecraft.server.MinecraftServer.m_6367_(MinecraftServer.java:161) ~[server-1.20.1-20230612.114412-srg.jar%23201!/:?]
	at net.minecraft.util.thread.BlockableEventLoop.m_7245_(BlockableEventLoop.java:130) ~[server-1.20.1-20230612.114412-srg.jar%23201!/:?]
	at net.minecraft.server.MinecraftServer.m_129961_(MinecraftServer.java:753) ~[server-1.20.1-20230612.114412-srg.jar%23201!/:?]
	at net.minecraft.server.MinecraftServer.m_7245_(MinecraftServer.java:747) ~[server-1.20.1-20230612.114412-srg.jar%23201!/:?]
	at net.minecraft.util.thread.BlockableEventLoop.m_18701_(BlockableEventLoop.java:139) ~[server-1.20.1-20230612.114412-srg.jar%23201!/:?]
	at net.minecraft.server.MinecraftServer.m_130012_(MinecraftServer.java:733) ~[server-1.20.1-20230612.114412-srg.jar%23201!/:?]
	at net.minecraft.server.MinecraftServer.m_130011_(MinecraftServer.java:665) ~[server-1.20.1-20230612.114412-srg.jar%23201!/:?]
	at net.minecraft.server.MinecraftServer.m_206580_(MinecraftServer.java:251) ~[server-1.20.1-20230612.114412-srg.jar%23201!/:?]
	at java.lang.Thread.run(Thread.java:840) ~[?:?]
[23Feb2025 22:28:40.477] [Server thread/ERROR] [net.minecraftforge.eventbus.EventBus/EVENTBUS]: Exception caught during firing event: Cannot invoke "net.minecraft.world.entity.Entity.m_20206_()" because "entityHeld" is null
	Index: 3
	Listeners:
		0: HIGHEST
		1: ASM: class ovh.corail.tombstone.event.EventHandler onPlayerInteractEntity(Lnet/minecraftforge/event/entity/player/PlayerInteractEvent$EntityInteract;)V
		2: HIGH
		3: ASM: class tschipp.carryon.events.CommonEvents onEntityRightClick(Lnet/minecraftforge/event/entity/player/PlayerInteractEvent$EntityInteract;)V
		4: ASM: team.creative.playerrevive.server.ReviveEventServer@7ce51f3b playerInteract(Lnet/minecraftforge/event/entity/player/PlayerInteractEvent$EntityInteract;)V
		5: NORMAL
		6: ASM: com.bobmowzie.mowziesmobs.server.ServerEventHandler@13b44b18 onPlayerInteract(Lnet/minecraftforge/event/entity/player/PlayerInteractEvent$EntityInteract;)V
		7: ASM: com.bobmowzie.mowziesmobs.server.ability.AbilityCommonEventHandler@2a537c9d onPlayerRightClickEntity(Lnet/minecraftforge/event/entity/player/PlayerInteractEvent$EntityInteract;)V
		8: ASM: com.github.alexthe666.alexsmobs.event.ServerEvents@1ff643a9 onInteractWithEntity(Lnet/minecraftforge/event/entity/player/PlayerInteractEvent$EntityInteract;)V
		9: net.minecraftforge.eventbus.EventBus$$Lambda$4242/0x0000756618afea18@3d39c376
		10: net.minecraftforge.eventbus.EventBus$$Lambda$4242/0x0000756618afea18@47ae86cb
		11: ASM: class tictim.paraglider.forge.event.ParagliderEventHandler onPlayerInteract(Lnet/minecraftforge/event/entity/player/PlayerInteractEvent;)V
java.lang.NullPointerException: Cannot invoke "net.minecraft.world.entity.Entity.m_20206_()" because "entityHeld" is null
	at TRANSFORMER/carryon@2.1.2.7/tschipp.carryon.common.carry.PlacementHandler.tryStackEntity(PlacementHandler.java:199)
	at TRANSFORMER/carryon@2.1.2.7/tschipp.carryon.events.CommonEvents.onEntityRightClick(CommonEvents.java:124)
	at TRANSFORMER/carryon@2.1.2.7/tschipp.carryon.events.__CommonEvents_onEntityRightClick_EntityInteract.invoke(.dynamic)
	at MC-BOOTSTRAP/net.minecraftforge.eventbus/net.minecraftforge.eventbus.ASMEventHandler.invoke(ASMEventHandler.java:73)
	at MC-BOOTSTRAP/net.minecraftforge.eventbus/net.minecraftforge.eventbus.EventBus.post(EventBus.java:315)
	at MC-BOOTSTRAP/net.minecraftforge.eventbus/net.minecraftforge.eventbus.EventBus.post(EventBus.java:296)
	at TRANSFORMER/forge@47.3.7/net.minecraftforge.common.ForgeHooks.onInteractEntity(ForgeHooks.java:764)
	at TRANSFORMER/minecraft@1.20.1/net.minecraft.world.entity.player.Player.m_36157_(Player.java:975)
	at TRANSFORMER/minecraft@1.20.1/net.minecraft.server.network.ServerGamePacketListenerImpl$1.m_143678_(ServerGamePacketListenerImpl.java:1460)
	at TRANSFORMER/minecraft@1.20.1/net.minecraft.server.network.ServerGamePacketListenerImpl$1.m_142299_(ServerGamePacketListenerImpl.java:1472)
	at TRANSFORMER/minecraft@1.20.1/net.minecraft.network.protocol.game.ServerboundInteractPacket$InteractionAction.m_142457_(ServerboundInteractPacket.java:116)
	at TRANSFORMER/minecraft@1.20.1/net.minecraft.network.protocol.game.ServerboundInteractPacket.m_179617_(ServerboundInteractPacket.java:66)
	at TRANSFORMER/minecraft@1.20.1/net.minecraft.server.network.ServerGamePacketListenerImpl.m_6946_(ServerGamePacketListenerImpl.java:1455)
	at TRANSFORMER/minecraft@1.20.1/net.minecraft.network.protocol.game.ServerboundInteractPacket.m_5797_(ServerboundInteractPacket.java:53)
	at TRANSFORMER/minecraft@1.20.1/net.minecraft.network.protocol.game.ServerboundInteractPacket.m_5797_(ServerboundInteractPacket.java:13)
	at TRANSFORMER/minecraft@1.20.1/net.minecraft.network.protocol.PacketUtils.m_263899_(PacketUtils.java:22)
	at TRANSFORMER/minecraft@1.20.1/net.minecraft.server.TickTask.run(TickTask.java:18)
	at TRANSFORMER/minecraft@1.20.1/net.minecraft.util.thread.BlockableEventLoop.m_6367_(BlockableEventLoop.java:156)
	at TRANSFORMER/minecraft@1.20.1/net.minecraft.util.thread.ReentrantBlockableEventLoop.m_6367_(ReentrantBlockableEventLoop.java:23)
	at TRANSFORMER/minecraft@1.20.1/net.minecraft.server.MinecraftServer.m_6367_(MinecraftServer.java:770)
	at TRANSFORMER/minecraft@1.20.1/net.minecraft.server.MinecraftServer.m_6367_(MinecraftServer.java:161)
	at TRANSFORMER/minecraft@1.20.1/net.minecraft.util.thread.BlockableEventLoop.m_7245_(BlockableEventLoop.java:130)
	at TRANSFORMER/minecraft@1.20.1/net.minecraft.server.MinecraftServer.m_129961_(MinecraftServer.java:753)
	at TRANSFORMER/minecraft@1.20.1/net.minecraft.server.MinecraftServer.m_7245_(MinecraftServer.java:747)
	at TRANSFORMER/minecraft@1.20.1/net.minecraft.util.thread.BlockableEventLoop.m_18701_(BlockableEventLoop.java:139)
	at TRANSFORMER/minecraft@1.20.1/net.minecraft.server.MinecraftServer.m_130012_(MinecraftServer.java:733)
	at TRANSFORMER/minecraft@1.20.1/net.minecraft.server.MinecraftServer.m_130011_(MinecraftServer.java:665)
	at TRANSFORMER/minecraft@1.20.1/net.minecraft.server.MinecraftServer.m_206580_(MinecraftServer.java:251)
	at java.base/java.lang.Thread.run(Thread.java:840)

[23Feb2025 22:28:40.478] [Server thread/ERROR] [net.minecraft.network.protocol.PacketUtils/]: Failed to handle packet net.minecraft.network.protocol.game.ServerboundInteractPacket@7be99690, suppressing error
java.lang.NullPointerException: Cannot invoke "net.minecraft.world.entity.Entity.m_20206_()" because "entityHeld" is null
	at tschipp.carryon.common.carry.PlacementHandler.tryStackEntity(PlacementHandler.java:199) ~[carryon-forge-1.20.1-2.1.2.7.jar%23156!/:2.1.2.7]
	at tschipp.carryon.events.CommonEvents.onEntityRightClick(CommonEvents.java:124) ~[carryon-forge-1.20.1-2.1.2.7.jar%23156!/:2.1.2.7]
	at tschipp.carryon.events.__CommonEvents_onEntityRightClick_EntityInteract.invoke(.dynamic) ~[carryon-forge-1.20.1-2.1.2.7.jar%23156!/:2.1.2.7]
	at net.minecraftforge.eventbus.ASMEventHandler.invoke(ASMEventHandler.java:73) ~[eventbus-6.0.5.jar%2352!/:?]
	at net.minecraftforge.eventbus.EventBus.post(EventBus.java:315) ~[eventbus-6.0.5.jar%2352!/:?]
	at net.minecraftforge.eventbus.EventBus.post(EventBus.java:296) ~[eventbus-6.0.5.jar%2352!/:?]
	at net.minecraftforge.common.ForgeHooks.onInteractEntity(ForgeHooks.java:764) ~[forge-1.20.1-47.3.7-universal.jar%23206!/:?]
	at net.minecraft.world.entity.player.Player.m_36157_(Player.java:975) ~[server-1.20.1-20230612.114412-srg.jar%23201!/:?]
	at net.minecraft.server.network.ServerGamePacketListenerImpl$1.m_143678_(ServerGamePacketListenerImpl.java:1460) ~[server-1.20.1-20230612.114412-srg.jar%23201!/:?]
	at net.minecraft.server.network.ServerGamePacketListenerImpl$1.m_142299_(ServerGamePacketListenerImpl.java:1472) ~[server-1.20.1-20230612.114412-srg.jar%23201!/:?]
	at net.minecraft.network.protocol.game.ServerboundInteractPacket$InteractionAction.m_142457_(ServerboundInteractPacket.java:116) ~[server-1.20.1-20230612.114412-srg.jar%23201!/:?]
	at net.minecraft.network.protocol.game.ServerboundInteractPacket.m_179617_(ServerboundInteractPacket.java:66) ~[server-1.20.1-20230612.114412-srg.jar%23201!/:?]
	at net.minecraft.server.network.ServerGamePacketListenerImpl.m_6946_(ServerGamePacketListenerImpl.java:1455) ~[server-1.20.1-20230612.114412-srg.jar%23201!/:?]
	at net.minecraft.network.protocol.game.ServerboundInteractPacket.m_5797_(ServerboundInteractPacket.java:53) ~[server-1.20.1-20230612.114412-srg.jar%23201!/:?]
	at net.minecraft.network.protocol.game.ServerboundInteractPacket.m_5797_(ServerboundInteractPacket.java:13) ~[server-1.20.1-20230612.114412-srg.jar%23201!/:?]
	at net.minecraft.network.protocol.PacketUtils.m_263899_(PacketUtils.java:22) ~[server-1.20.1-20230612.114412-srg.jar%23201!/:?]
	at net.minecraft.server.TickTask.run(TickTask.java:18) ~[server-1.20.1-20230612.114412-srg.jar%23201!/:?]
	at net.minecraft.util.thread.BlockableEventLoop.m_6367_(BlockableEventLoop.java:156) ~[server-1.20.1-20230612.114412-srg.jar%23201!/:?]
	at net.minecraft.util.thread.ReentrantBlockableEventLoop.m_6367_(ReentrantBlockableEventLoop.java:23) ~[server-1.20.1-20230612.114412-srg.jar%23201!/:?]
	at net.minecraft.server.MinecraftServer.m_6367_(MinecraftServer.java:770) ~[server-1.20.1-20230612.114412-srg.jar%23201!/:?]
	at net.minecraft.server.MinecraftServer.m_6367_(MinecraftServer.java:161) ~[server-1.20.1-20230612.114412-srg.jar%23201!/:?]
	at net.minecraft.util.thread.BlockableEventLoop.m_7245_(BlockableEventLoop.java:130) ~[server-1.20.1-20230612.114412-srg.jar%23201!/:?]
	at net.minecraft.server.MinecraftServer.m_129961_(MinecraftServer.java:753) ~[server-1.20.1-20230612.114412-srg.jar%23201!/:?]
	at net.minecraft.server.MinecraftServer.m_7245_(MinecraftServer.java:747) ~[server-1.20.1-20230612.114412-srg.jar%23201!/:?]
	at net.minecraft.util.thread.BlockableEventLoop.m_18701_(BlockableEventLoop.java:139) ~[server-1.20.1-20230612.114412-srg.jar%23201!/:?]
	at net.minecraft.server.MinecraftServer.m_130012_(MinecraftServer.java:733) ~[server-1.20.1-20230612.114412-srg.jar%23201!/:?]
	at net.minecraft.server.MinecraftServer.m_130011_(MinecraftServer.java:665) ~[server-1.20.1-20230612.114412-srg.jar%23201!/:?]
	at net.minecraft.server.MinecraftServer.m_206580_(MinecraftServer.java:251) ~[server-1.20.1-20230612.114412-srg.jar%23201!/:?]
	at java.lang.Thread.run(Thread.java:840) ~[?:?]
[23Feb2025 22:28:50.212] [Server thread/ERROR] [net.minecraftforge.eventbus.EventBus/EVENTBUS]: Exception caught during firing event: Cannot invoke "net.minecraft.world.entity.Entity.m_20206_()" because "entityHeld" is null
	Index: 3
	Listeners:
		0: HIGHEST
		1: ASM: class ovh.corail.tombstone.event.EventHandler onPlayerInteractEntity(Lnet/minecraftforge/event/entity/player/PlayerInteractEvent$EntityInteract;)V
		2: HIGH
		3: ASM: class tschipp.carryon.events.CommonEvents onEntityRightClick(Lnet/minecraftforge/event/entity/player/PlayerInteractEvent$EntityInteract;)V
		4: ASM: team.creative.playerrevive.server.ReviveEventServer@7ce51f3b playerInteract(Lnet/minecraftforge/event/entity/player/PlayerInteractEvent$EntityInteract;)V
		5: NORMAL
		6: ASM: com.bobmowzie.mowziesmobs.server.ServerEventHandler@13b44b18 onPlayerInteract(Lnet/minecraftforge/event/entity/player/PlayerInteractEvent$EntityInteract;)V
		7: ASM: com.bobmowzie.mowziesmobs.server.ability.AbilityCommonEventHandler@2a537c9d onPlayerRightClickEntity(Lnet/minecraftforge/event/entity/player/PlayerInteractEvent$EntityInteract;)V
		8: ASM: com.github.alexthe666.alexsmobs.event.ServerEvents@1ff643a9 onInteractWithEntity(Lnet/minecraftforge/event/entity/player/PlayerInteractEvent$EntityInteract;)V
		9: net.minecraftforge.eventbus.EventBus$$Lambda$4242/0x0000756618afea18@3d39c376
		10: net.minecraftforge.eventbus.EventBus$$Lambda$4242/0x0000756618afea18@47ae86cb
		11: ASM: class tictim.paraglider.forge.event.ParagliderEventHandler onPlayerInteract(Lnet/minecraftforge/event/entity/player/PlayerInteractEvent;)V
java.lang.NullPointerException: Cannot invoke "net.minecraft.world.entity.Entity.m_20206_()" because "entityHeld" is null
	at TRANSFORMER/carryon@2.1.2.7/tschipp.carryon.common.carry.PlacementHandler.tryStackEntity(PlacementHandler.java:199)
	at TRANSFORMER/carryon@2.1.2.7/tschipp.carryon.events.CommonEvents.onEntityRightClick(CommonEvents.java:124)
	at TRANSFORMER/carryon@2.1.2.7/tschipp.carryon.events.__CommonEvents_onEntityRightClick_EntityInteract.invoke(.dynamic)
	at MC-BOOTSTRAP/net.minecraftforge.eventbus/net.minecraftforge.eventbus.ASMEventHandler.invoke(ASMEventHandler.java:73)
	at MC-BOOTSTRAP/net.minecraftforge.eventbus/net.minecraftforge.eventbus.EventBus.post(EventBus.java:315)
	at MC-BOOTSTRAP/net.minecraftforge.eventbus/net.minecraftforge.eventbus.EventBus.post(EventBus.java:296)
	at TRANSFORMER/forge@47.3.7/net.minecraftforge.common.ForgeHooks.onInteractEntity(ForgeHooks.java:764)
	at TRANSFORMER/minecraft@1.20.1/net.minecraft.world.entity.player.Player.m_36157_(Player.java:975)
	at TRANSFORMER/minecraft@1.20.1/net.minecraft.server.network.ServerGamePacketListenerImpl$1.m_143678_(ServerGamePacketListenerImpl.java:1460)
	at TRANSFORMER/minecraft@1.20.1/net.minecraft.server.network.ServerGamePacketListenerImpl$1.m_142299_(ServerGamePacketListenerImpl.java:1472)
	at TRANSFORMER/minecraft@1.20.1/net.minecraft.network.protocol.game.ServerboundInteractPacket$InteractionAction.m_142457_(ServerboundInteractPacket.java:116)
	at TRANSFORMER/minecraft@1.20.1/net.minecraft.network.protocol.game.ServerboundInteractPacket.m_179617_(ServerboundInteractPacket.java:66)
	at TRANSFORMER/minecraft@1.20.1/net.minecraft.server.network.ServerGamePacketListenerImpl.m_6946_(ServerGamePacketListenerImpl.java:1455)
	at TRANSFORMER/minecraft@1.20.1/net.minecraft.network.protocol.game.ServerboundInteractPacket.m_5797_(ServerboundInteractPacket.java:53)
	at TRANSFORMER/minecraft@1.20.1/net.minecraft.network.protocol.game.ServerboundInteractPacket.m_5797_(ServerboundInteractPacket.java:13)
	at TRANSFORMER/minecraft@1.20.1/net.minecraft.network.protocol.PacketUtils.m_263899_(PacketUtils.java:22)
	at TRANSFORMER/minecraft@1.20.1/net.minecraft.server.TickTask.run(TickTask.java:18)
	at TRANSFORMER/minecraft@1.20.1/net.minecraft.util.thread.BlockableEventLoop.m_6367_(BlockableEventLoop.java:156)
	at TRANSFORMER/minecraft@1.20.1/net.minecraft.util.thread.ReentrantBlockableEventLoop.m_6367_(ReentrantBlockableEventLoop.java:23)
	at TRANSFORMER/minecraft@1.20.1/net.minecraft.server.MinecraftServer.m_6367_(MinecraftServer.java:770)
	at TRANSFORMER/minecraft@1.20.1/net.minecraft.server.MinecraftServer.m_6367_(MinecraftServer.java:161)
	at TRANSFORMER/minecraft@1.20.1/net.minecraft.util.thread.BlockableEventLoop.m_7245_(BlockableEventLoop.java:130)
	at TRANSFORMER/minecraft@1.20.1/net.minecraft.server.MinecraftServer.m_129961_(MinecraftServer.java:753)
	at TRANSFORMER/minecraft@1.20.1/net.minecraft.server.MinecraftServer.m_7245_(MinecraftServer.java:747)
	at TRANSFORMER/minecraft@1.20.1/net.minecraft.util.thread.BlockableEventLoop.m_18699_(BlockableEventLoop.java:115)
	at TRANSFORMER/minecraft@1.20.1/net.minecraft.server.MinecraftServer.m_130012_(MinecraftServer.java:732)
	at TRANSFORMER/minecraft@1.20.1/net.minecraft.server.MinecraftServer.m_130011_(MinecraftServer.java:665)
	at TRANSFORMER/minecraft@1.20.1/net.minecraft.server.MinecraftServer.m_206580_(MinecraftServer.java:251)
	at java.base/java.lang.Thread.run(Thread.java:840)

[23Feb2025 22:28:50.214] [Server thread/ERROR] [net.minecraft.network.protocol.PacketUtils/]: Failed to handle packet net.minecraft.network.protocol.game.ServerboundInteractPacket@40167e55, suppressing error
java.lang.NullPointerException: Cannot invoke "net.minecraft.world.entity.Entity.m_20206_()" because "entityHeld" is null
	at tschipp.carryon.common.carry.PlacementHandler.tryStackEntity(PlacementHandler.java:199) ~[carryon-forge-1.20.1-2.1.2.7.jar%23156!/:2.1.2.7]
	at tschipp.carryon.events.CommonEvents.onEntityRightClick(CommonEvents.java:124) ~[carryon-forge-1.20.1-2.1.2.7.jar%23156!/:2.1.2.7]
	at tschipp.carryon.events.__CommonEvents_onEntityRightClick_EntityInteract.invoke(.dynamic) ~[carryon-forge-1.20.1-2.1.2.7.jar%23156!/:2.1.2.7]
	at net.minecraftforge.eventbus.ASMEventHandler.invoke(ASMEventHandler.java:73) ~[eventbus-6.0.5.jar%2352!/:?]
	at net.minecraftforge.eventbus.EventBus.post(EventBus.java:315) ~[eventbus-6.0.5.jar%2352!/:?]
	at net.minecraftforge.eventbus.EventBus.post(EventBus.java:296) ~[eventbus-6.0.5.jar%2352!/:?]
	at net.minecraftforge.common.ForgeHooks.onInteractEntity(ForgeHooks.java:764) ~[forge-1.20.1-47.3.7-universal.jar%23206!/:?]
	at net.minecraft.world.entity.player.Player.m_36157_(Player.java:975) ~[server-1.20.1-20230612.114412-srg.jar%23201!/:?]
	at net.minecraft.server.network.ServerGamePacketListenerImpl$1.m_143678_(ServerGamePacketListenerImpl.java:1460) ~[server-1.20.1-20230612.114412-srg.jar%23201!/:?]
	at net.minecraft.server.network.ServerGamePacketListenerImpl$1.m_142299_(ServerGamePacketListenerImpl.java:1472) ~[server-1.20.1-20230612.114412-srg.jar%23201!/:?]
	at net.minecraft.network.protocol.game.ServerboundInteractPacket$InteractionAction.m_142457_(ServerboundInteractPacket.java:116) ~[server-1.20.1-20230612.114412-srg.jar%23201!/:?]
	at net.minecraft.network.protocol.game.ServerboundInteractPacket.m_179617_(ServerboundInteractPacket.java:66) ~[server-1.20.1-20230612.114412-srg.jar%23201!/:?]
	at net.minecraft.server.network.ServerGamePacketListenerImpl.m_6946_(ServerGamePacketListenerImpl.java:1455) ~[server-1.20.1-20230612.114412-srg.jar%23201!/:?]
	at net.minecraft.network.protocol.game.ServerboundInteractPacket.m_5797_(ServerboundInteractPacket.java:53) ~[server-1.20.1-20230612.114412-srg.jar%23201!/:?]
	at net.minecraft.network.protocol.game.ServerboundInteractPacket.m_5797_(ServerboundInteractPacket.java:13) ~[server-1.20.1-20230612.114412-srg.jar%23201!/:?]
	at net.minecraft.network.protocol.PacketUtils.m_263899_(PacketUtils.java:22) ~[server-1.20.1-20230612.114412-srg.jar%23201!/:?]
	at net.minecraft.server.TickTask.run(TickTask.java:18) ~[server-1.20.1-20230612.114412-srg.jar%23201!/:?]
	at net.minecraft.util.thread.BlockableEventLoop.m_6367_(BlockableEventLoop.java:156) ~[server-1.20.1-20230612.114412-srg.jar%23201!/:?]
	at net.minecraft.util.thread.ReentrantBlockableEventLoop.m_6367_(ReentrantBlockableEventLoop.java:23) ~[server-1.20.1-20230612.114412-srg.jar%23201!/:?]
	at net.minecraft.server.MinecraftServer.m_6367_(MinecraftServer.java:770) ~[server-1.20.1-20230612.114412-srg.jar%23201!/:?]
	at net.minecraft.server.MinecraftServer.m_6367_(MinecraftServer.java:161) ~[server-1.20.1-20230612.114412-srg.jar%23201!/:?]
	at net.minecraft.util.thread.BlockableEventLoop.m_7245_(BlockableEventLoop.java:130) ~[server-1.20.1-20230612.114412-srg.jar%23201!/:?]
	at net.minecraft.server.MinecraftServer.m_129961_(MinecraftServer.java:753) ~[server-1.20.1-20230612.114412-srg.jar%23201!/:?]
	at net.minecraft.server.MinecraftServer.m_7245_(MinecraftServer.java:747) ~[server-1.20.1-20230612.114412-srg.jar%23201!/:?]
	at net.minecraft.util.thread.BlockableEventLoop.m_18699_(BlockableEventLoop.java:115) ~[server-1.20.1-20230612.114412-srg.jar%23201!/:?]
	at net.minecraft.server.MinecraftServer.m_130012_(MinecraftServer.java:732) ~[server-1.20.1-20230612.114412-srg.jar%23201!/:?]
	at net.minecraft.server.MinecraftServer.m_130011_(MinecraftServer.java:665) ~[server-1.20.1-20230612.114412-srg.jar%23201!/:?]
	at net.minecraft.server.MinecraftServer.m_206580_(MinecraftServer.java:251) ~[server-1.20.1-20230612.114412-srg.jar%23201!/:?]
	at java.lang.Thread.run(Thread.java:840) ~[?:?]
[23Feb2025 22:28:51.313] [Server thread/ERROR] [net.minecraftforge.eventbus.EventBus/EVENTBUS]: Exception caught during firing event: Cannot invoke "net.minecraft.world.entity.Entity.m_20206_()" because "entityHeld" is null
	Index: 3
	Listeners:
		0: HIGHEST
		1: ASM: class ovh.corail.tombstone.event.EventHandler onPlayerInteractEntity(Lnet/minecraftforge/event/entity/player/PlayerInteractEvent$EntityInteract;)V
		2: HIGH
		3: ASM: class tschipp.carryon.events.CommonEvents onEntityRightClick(Lnet/minecraftforge/event/entity/player/PlayerInteractEvent$EntityInteract;)V
		4: ASM: team.creative.playerrevive.server.ReviveEventServer@7ce51f3b playerInteract(Lnet/minecraftforge/event/entity/player/PlayerInteractEvent$EntityInteract;)V
		5: NORMAL
		6: ASM: com.bobmowzie.mowziesmobs.server.ServerEventHandler@13b44b18 onPlayerInteract(Lnet/minecraftforge/event/entity/player/PlayerInteractEvent$EntityInteract;)V
		7: ASM: com.bobmowzie.mowziesmobs.server.ability.AbilityCommonEventHandler@2a537c9d onPlayerRightClickEntity(Lnet/minecraftforge/event/entity/player/PlayerInteractEvent$EntityInteract;)V
		8: ASM: com.github.alexthe666.alexsmobs.event.ServerEvents@1ff643a9 onInteractWithEntity(Lnet/minecraftforge/event/entity/player/PlayerInteractEvent$EntityInteract;)V
		9: net.minecraftforge.eventbus.EventBus$$Lambda$4242/0x0000756618afea18@3d39c376
		10: net.minecraftforge.eventbus.EventBus$$Lambda$4242/0x0000756618afea18@47ae86cb
		11: ASM: class tictim.paraglider.forge.event.ParagliderEventHandler onPlayerInteract(Lnet/minecraftforge/event/entity/player/PlayerInteractEvent;)V
java.lang.NullPointerException: Cannot invoke "net.minecraft.world.entity.Entity.m_20206_()" because "entityHeld" is null
	at TRANSFORMER/carryon@2.1.2.7/tschipp.carryon.common.carry.PlacementHandler.tryStackEntity(PlacementHandler.java:199)
	at TRANSFORMER/carryon@2.1.2.7/tschipp.carryon.events.CommonEvents.onEntityRightClick(CommonEvents.java:124)
	at TRANSFORMER/carryon@2.1.2.7/tschipp.carryon.events.__CommonEvents_onEntityRightClick_EntityInteract.invoke(.dynamic)
	at MC-BOOTSTRAP/net.minecraftforge.eventbus/net.minecraftforge.eventbus.ASMEventHandler.invoke(ASMEventHandler.java:73)
	at MC-BOOTSTRAP/net.minecraftforge.eventbus/net.minecraftforge.eventbus.EventBus.post(EventBus.java:315)
	at MC-BOOTSTRAP/net.minecraftforge.eventbus/net.minecraftforge.eventbus.EventBus.post(EventBus.java:296)
	at TRANSFORMER/forge@47.3.7/net.minecraftforge.common.ForgeHooks.onInteractEntity(ForgeHooks.java:764)
	at TRANSFORMER/minecraft@1.20.1/net.minecraft.world.entity.player.Player.m_36157_(Player.java:975)
	at TRANSFORMER/minecraft@1.20.1/net.minecraft.server.network.ServerGamePacketListenerImpl$1.m_143678_(ServerGamePacketListenerImpl.java:1460)
	at TRANSFORMER/minecraft@1.20.1/net.minecraft.server.network.ServerGamePacketListenerImpl$1.m_142299_(ServerGamePacketListenerImpl.java:1472)
	at TRANSFORMER/minecraft@1.20.1/net.minecraft.network.protocol.game.ServerboundInteractPacket$InteractionAction.m_142457_(ServerboundInteractPacket.java:116)
	at TRANSFORMER/minecraft@1.20.1/net.minecraft.network.protocol.game.ServerboundInteractPacket.m_179617_(ServerboundInteractPacket.java:66)
	at TRANSFORMER/minecraft@1.20.1/net.minecraft.server.network.ServerGamePacketListenerImpl.m_6946_(ServerGamePacketListenerImpl.java:1455)
	at TRANSFORMER/minecraft@1.20.1/net.minecraft.network.protocol.game.ServerboundInteractPacket.m_5797_(ServerboundInteractPacket.java:53)
	at TRANSFORMER/minecraft@1.20.1/net.minecraft.network.protocol.game.ServerboundInteractPacket.m_5797_(ServerboundInteractPacket.java:13)
	at TRANSFORMER/minecraft@1.20.1/net.minecraft.network.protocol.PacketUtils.m_263899_(PacketUtils.java:22)
	at TRANSFORMER/minecraft@1.20.1/net.minecraft.server.TickTask.run(TickTask.java:18)
	at TRANSFORMER/minecraft@1.20.1/net.minecraft.util.thread.BlockableEventLoop.m_6367_(BlockableEventLoop.java:156)
	at TRANSFORMER/minecraft@1.20.1/net.minecraft.util.thread.ReentrantBlockableEventLoop.m_6367_(ReentrantBlockableEventLoop.java:23)
	at TRANSFORMER/minecraft@1.20.1/net.minecraft.server.MinecraftServer.m_6367_(MinecraftServer.java:770)
	at TRANSFORMER/minecraft@1.20.1/net.minecraft.server.MinecraftServer.m_6367_(MinecraftServer.java:161)
	at TRANSFORMER/minecraft@1.20.1/net.minecraft.util.thread.BlockableEventLoop.m_7245_(BlockableEventLoop.java:130)
	at TRANSFORMER/minecraft@1.20.1/net.minecraft.server.MinecraftServer.m_129961_(MinecraftServer.java:753)
	at TRANSFORMER/minecraft@1.20.1/net.minecraft.server.MinecraftServer.m_7245_(MinecraftServer.java:747)
	at TRANSFORMER/minecraft@1.20.1/net.minecraft.util.thread.BlockableEventLoop.m_18699_(BlockableEventLoop.java:115)
	at TRANSFORMER/minecraft@1.20.1/net.minecraft.server.MinecraftServer.m_130012_(MinecraftServer.java:732)
	at TRANSFORMER/minecraft@1.20.1/net.minecraft.server.MinecraftServer.m_130011_(MinecraftServer.java:665)
	at TRANSFORMER/minecraft@1.20.1/net.minecraft.server.MinecraftServer.m_206580_(MinecraftServer.java:251)
	at java.base/java.lang.Thread.run(Thread.java:840)

[23Feb2025 22:28:51.315] [Server thread/ERROR] [net.minecraft.network.protocol.PacketUtils/]: Failed to handle packet net.minecraft.network.protocol.game.ServerboundInteractPacket@5ea6b74a, suppressing error
java.lang.NullPointerException: Cannot invoke "net.minecraft.world.entity.Entity.m_20206_()" because "entityHeld" is null
	at tschipp.carryon.common.carry.PlacementHandler.tryStackEntity(PlacementHandler.java:199) ~[carryon-forge-1.20.1-2.1.2.7.jar%23156!/:2.1.2.7]
	at tschipp.carryon.events.CommonEvents.onEntityRightClick(CommonEvents.java:124) ~[carryon-forge-1.20.1-2.1.2.7.jar%23156!/:2.1.2.7]
	at tschipp.carryon.events.__CommonEvents_onEntityRightClick_EntityInteract.invoke(.dynamic) ~[carryon-forge-1.20.1-2.1.2.7.jar%23156!/:2.1.2.7]
	at net.minecraftforge.eventbus.ASMEventHandler.invoke(ASMEventHandler.java:73) ~[eventbus-6.0.5.jar%2352!/:?]
	at net.minecraftforge.eventbus.EventBus.post(EventBus.java:315) ~[eventbus-6.0.5.jar%2352!/:?]
	at net.minecraftforge.eventbus.EventBus.post(EventBus.java:296) ~[eventbus-6.0.5.jar%2352!/:?]
	at net.minecraftforge.common.ForgeHooks.onInteractEntity(ForgeHooks.java:764) ~[forge-1.20.1-47.3.7-universal.jar%23206!/:?]
	at net.minecraft.world.entity.player.Player.m_36157_(Player.java:975) ~[server-1.20.1-20230612.114412-srg.jar%23201!/:?]
	at net.minecraft.server.network.ServerGamePacketListenerImpl$1.m_143678_(ServerGamePacketListenerImpl.java:1460) ~[server-1.20.1-20230612.114412-srg.jar%23201!/:?]
	at net.minecraft.server.network.ServerGamePacketListenerImpl$1.m_142299_(ServerGamePacketListenerImpl.java:1472) ~[server-1.20.1-20230612.114412-srg.jar%23201!/:?]
	at net.minecraft.network.protocol.game.ServerboundInteractPacket$InteractionAction.m_142457_(ServerboundInteractPacket.java:116) ~[server-1.20.1-20230612.114412-srg.jar%23201!/:?]
	at net.minecraft.network.protocol.game.ServerboundInteractPacket.m_179617_(ServerboundInteractPacket.java:66) ~[server-1.20.1-20230612.114412-srg.jar%23201!/:?]
	at net.minecraft.server.network.ServerGamePacketListenerImpl.m_6946_(ServerGamePacketListenerImpl.java:1455) ~[server-1.20.1-20230612.114412-srg.jar%23201!/:?]
	at net.minecraft.network.protocol.game.ServerboundInteractPacket.m_5797_(ServerboundInteractPacket.java:53) ~[server-1.20.1-20230612.114412-srg.jar%23201!/:?]
	at net.minecraft.network.protocol.game.ServerboundInteractPacket.m_5797_(ServerboundInteractPacket.java:13) ~[server-1.20.1-20230612.114412-srg.jar%23201!/:?]
	at net.minecraft.network.protocol.PacketUtils.m_263899_(PacketUtils.java:22) ~[server-1.20.1-20230612.114412-srg.jar%23201!/:?]
	at net.minecraft.server.TickTask.run(TickTask.java:18) ~[server-1.20.1-20230612.114412-srg.jar%23201!/:?]
	at net.minecraft.util.thread.BlockableEventLoop.m_6367_(BlockableEventLoop.java:156) ~[server-1.20.1-20230612.114412-srg.jar%23201!/:?]
	at net.minecraft.util.thread.ReentrantBlockableEventLoop.m_6367_(ReentrantBlockableEventLoop.java:23) ~[server-1.20.1-20230612.114412-srg.jar%23201!/:?]
	at net.minecraft.server.MinecraftServer.m_6367_(MinecraftServer.java:770) ~[server-1.20.1-20230612.114412-srg.jar%23201!/:?]
	at net.minecraft.server.MinecraftServer.m_6367_(MinecraftServer.java:161) ~[server-1.20.1-20230612.114412-srg.jar%23201!/:?]
	at net.minecraft.util.thread.BlockableEventLoop.m_7245_(BlockableEventLoop.java:130) ~[server-1.20.1-20230612.114412-srg.jar%23201!/:?]
	at net.minecraft.server.MinecraftServer.m_129961_(MinecraftServer.java:753) ~[server-1.20.1-20230612.114412-srg.jar%23201!/:?]
	at net.minecraft.server.MinecraftServer.m_7245_(MinecraftServer.java:747) ~[server-1.20.1-20230612.114412-srg.jar%23201!/:?]
	at net.minecraft.util.thread.BlockableEventLoop.m_18699_(BlockableEventLoop.java:115) ~[server-1.20.1-20230612.114412-srg.jar%23201!/:?]
	at net.minecraft.server.MinecraftServer.m_130012_(MinecraftServer.java:732) ~[server-1.20.1-20230612.114412-srg.jar%23201!/:?]
	at net.minecraft.server.MinecraftServer.m_130011_(MinecraftServer.java:665) ~[server-1.20.1-20230612.114412-srg.jar%23201!/:?]
	at net.minecraft.server.MinecraftServer.m_206580_(MinecraftServer.java:251) ~[server-1.20.1-20230612.114412-srg.jar%23201!/:?]
	at java.lang.Thread.run(Thread.java:840) ~[?:?]
[23Feb2025 22:28:51.316] [Server thread/ERROR] [net.minecraftforge.eventbus.EventBus/EVENTBUS]: Exception caught during firing event: Cannot invoke "net.minecraft.world.entity.Entity.m_20206_()" because "entityHeld" is null
	Index: 3
	Listeners:
		0: HIGHEST
		1: ASM: class ovh.corail.tombstone.event.EventHandler onPlayerInteractEntity(Lnet/minecraftforge/event/entity/player/PlayerInteractEvent$EntityInteract;)V
		2: HIGH
		3: ASM: class tschipp.carryon.events.CommonEvents onEntityRightClick(Lnet/minecraftforge/event/entity/player/PlayerInteractEvent$EntityInteract;)V
		4: ASM: team.creative.playerrevive.server.ReviveEventServer@7ce51f3b playerInteract(Lnet/minecraftforge/event/entity/player/PlayerInteractEvent$EntityInteract;)V
		5: NORMAL
		6: ASM: com.bobmowzie.mowziesmobs.server.ServerEventHandler@13b44b18 onPlayerInteract(Lnet/minecraftforge/event/entity/player/PlayerInteractEvent$EntityInteract;)V
		7: ASM: com.bobmowzie.mowziesmobs.server.ability.AbilityCommonEventHandler@2a537c9d onPlayerRightClickEntity(Lnet/minecraftforge/event/entity/player/PlayerInteractEvent$EntityInteract;)V
		8: ASM: com.github.alexthe666.alexsmobs.event.ServerEvents@1ff643a9 onInteractWithEntity(Lnet/minecraftforge/event/entity/player/PlayerInteractEvent$EntityInteract;)V
		9: net.minecraftforge.eventbus.EventBus$$Lambda$4242/0x0000756618afea18@3d39c376
		10: net.minecraftforge.eventbus.EventBus$$Lambda$4242/0x0000756618afea18@47ae86cb
		11: ASM: class tictim.paraglider.forge.event.ParagliderEventHandler onPlayerInteract(Lnet/minecraftforge/event/entity/player/PlayerInteractEvent;)V
java.lang.NullPointerException: Cannot invoke "net.minecraft.world.entity.Entity.m_20206_()" because "entityHeld" is null
	at TRANSFORMER/carryon@2.1.2.7/tschipp.carryon.common.carry.PlacementHandler.tryStackEntity(PlacementHandler.java:199)
	at TRANSFORMER/carryon@2.1.2.7/tschipp.carryon.events.CommonEvents.onEntityRightClick(CommonEvents.java:124)
	at TRANSFORMER/carryon@2.1.2.7/tschipp.carryon.events.__CommonEvents_onEntityRightClick_EntityInteract.invoke(.dynamic)
	at MC-BOOTSTRAP/net.minecraftforge.eventbus/net.minecraftforge.eventbus.ASMEventHandler.invoke(ASMEventHandler.java:73)
	at MC-BOOTSTRAP/net.minecraftforge.eventbus/net.minecraftforge.eventbus.EventBus.post(EventBus.java:315)
	at MC-BOOTSTRAP/net.minecraftforge.eventbus/net.minecraftforge.eventbus.EventBus.post(EventBus.java:296)
	at TRANSFORMER/forge@47.3.7/net.minecraftforge.common.ForgeHooks.onInteractEntity(ForgeHooks.java:764)
	at TRANSFORMER/minecraft@1.20.1/net.minecraft.world.entity.player.Player.m_36157_(Player.java:975)
	at TRANSFORMER/minecraft@1.20.1/net.minecraft.server.network.ServerGamePacketListenerImpl$1.m_143678_(ServerGamePacketListenerImpl.java:1460)
	at TRANSFORMER/minecraft@1.20.1/net.minecraft.server.network.ServerGamePacketListenerImpl$1.m_142299_(ServerGamePacketListenerImpl.java:1472)
	at TRANSFORMER/minecraft@1.20.1/net.minecraft.network.protocol.game.ServerboundInteractPacket$InteractionAction.m_142457_(ServerboundInteractPacket.java:116)
	at TRANSFORMER/minecraft@1.20.1/net.minecraft.network.protocol.game.ServerboundInteractPacket.m_179617_(ServerboundInteractPacket.java:66)
	at TRANSFORMER/minecraft@1.20.1/net.minecraft.server.network.ServerGamePacketListenerImpl.m_6946_(ServerGamePacketListenerImpl.java:1455)
	at TRANSFORMER/minecraft@1.20.1/net.minecraft.network.protocol.game.ServerboundInteractPacket.m_5797_(ServerboundInteractPacket.java:53)
	at TRANSFORMER/minecraft@1.20.1/net.minecraft.network.protocol.game.ServerboundInteractPacket.m_5797_(ServerboundInteractPacket.java:13)
	at TRANSFORMER/minecraft@1.20.1/net.minecraft.network.protocol.PacketUtils.m_263899_(PacketUtils.java:22)
	at TRANSFORMER/minecraft@1.20.1/net.minecraft.server.TickTask.run(TickTask.java:18)
	at TRANSFORMER/minecraft@1.20.1/net.minecraft.util.thread.BlockableEventLoop.m_6367_(BlockableEventLoop.java:156)
	at TRANSFORMER/minecraft@1.20.1/net.minecraft.util.thread.ReentrantBlockableEventLoop.m_6367_(ReentrantBlockableEventLoop.java:23)
	at TRANSFORMER/minecraft@1.20.1/net.minecraft.server.MinecraftServer.m_6367_(MinecraftServer.java:770)
	at TRANSFORMER/minecraft@1.20.1/net.minecraft.server.MinecraftServer.m_6367_(MinecraftServer.java:161)
	at TRANSFORMER/minecraft@1.20.1/net.minecraft.util.thread.BlockableEventLoop.m_7245_(BlockableEventLoop.java:130)
	at TRANSFORMER/minecraft@1.20.1/net.minecraft.server.MinecraftServer.m_129961_(MinecraftServer.java:753)
	at TRANSFORMER/minecraft@1.20.1/net.minecraft.server.MinecraftServer.m_7245_(MinecraftServer.java:747)
	at TRANSFORMER/minecraft@1.20.1/net.minecraft.util.thread.BlockableEventLoop.m_18699_(BlockableEventLoop.java:115)
	at TRANSFORMER/minecraft@1.20.1/net.minecraft.server.MinecraftServer.m_130012_(MinecraftServer.java:732)
	at TRANSFORMER/minecraft@1.20.1/net.minecraft.server.MinecraftServer.m_130011_(MinecraftServer.java:665)
	at TRANSFORMER/minecraft@1.20.1/net.minecraft.server.MinecraftServer.m_206580_(MinecraftServer.java:251)
	at java.base/java.lang.Thread.run(Thread.java:840)

[23Feb2025 22:28:51.317] [Server thread/ERROR] [net.minecraft.network.protocol.PacketUtils/]: Failed to handle packet net.minecraft.network.protocol.game.ServerboundInteractPacket@3b1acae1, suppressing error
java.lang.NullPointerException: Cannot invoke "net.minecraft.world.entity.Entity.m_20206_()" because "entityHeld" is null
	at tschipp.carryon.common.carry.PlacementHandler.tryStackEntity(PlacementHandler.java:199) ~[carryon-forge-1.20.1-2.1.2.7.jar%23156!/:2.1.2.7]
	at tschipp.carryon.events.CommonEvents.onEntityRightClick(CommonEvents.java:124) ~[carryon-forge-1.20.1-2.1.2.7.jar%23156!/:2.1.2.7]
	at tschipp.carryon.events.__CommonEvents_onEntityRightClick_EntityInteract.invoke(.dynamic) ~[carryon-forge-1.20.1-2.1.2.7.jar%23156!/:2.1.2.7]
	at net.minecraftforge.eventbus.ASMEventHandler.invoke(ASMEventHandler.java:73) ~[eventbus-6.0.5.jar%2352!/:?]
	at net.minecraftforge.eventbus.EventBus.post(EventBus.java:315) ~[eventbus-6.0.5.jar%2352!/:?]
	at net.minecraftforge.eventbus.EventBus.post(EventBus.java:296) ~[eventbus-6.0.5.jar%2352!/:?]
	at net.minecraftforge.common.ForgeHooks.onInteractEntity(ForgeHooks.java:764) ~[forge-1.20.1-47.3.7-universal.jar%23206!/:?]
	at net.minecraft.world.entity.player.Player.m_36157_(Player.java:975) ~[server-1.20.1-20230612.114412-srg.jar%23201!/:?]
	at net.minecraft.server.network.ServerGamePacketListenerImpl$1.m_143678_(ServerGamePacketListenerImpl.java:1460) ~[server-1.20.1-20230612.114412-srg.jar%23201!/:?]
	at net.minecraft.server.network.ServerGamePacketListenerImpl$1.m_142299_(ServerGamePacketListenerImpl.java:1472) ~[server-1.20.1-20230612.114412-srg.jar%23201!/:?]
	at net.minecraft.network.protocol.game.ServerboundInteractPacket$InteractionAction.m_142457_(ServerboundInteractPacket.java:116) ~[server-1.20.1-20230612.114412-srg.jar%23201!/:?]
	at net.minecraft.network.protocol.game.ServerboundInteractPacket.m_179617_(ServerboundInteractPacket.java:66) ~[server-1.20.1-20230612.114412-srg.jar%23201!/:?]
	at net.minecraft.server.network.ServerGamePacketListenerImpl.m_6946_(ServerGamePacketListenerImpl.java:1455) ~[server-1.20.1-20230612.114412-srg.jar%23201!/:?]
	at net.minecraft.network.protocol.game.ServerboundInteractPacket.m_5797_(ServerboundInteractPacket.java:53) ~[server-1.20.1-20230612.114412-srg.jar%23201!/:?]
	at net.minecraft.network.protocol.game.ServerboundInteractPacket.m_5797_(ServerboundInteractPacket.java:13) ~[server-1.20.1-20230612.114412-srg.jar%23201!/:?]
	at net.minecraft.network.protocol.PacketUtils.m_263899_(PacketUtils.java:22) ~[server-1.20.1-20230612.114412-srg.jar%23201!/:?]
	at net.minecraft.server.TickTask.run(TickTask.java:18) ~[server-1.20.1-20230612.114412-srg.jar%23201!/:?]
	at net.minecraft.util.thread.BlockableEventLoop.m_6367_(BlockableEventLoop.java:156) ~[server-1.20.1-20230612.114412-srg.jar%23201!/:?]
	at net.minecraft.util.thread.ReentrantBlockableEventLoop.m_6367_(ReentrantBlockableEventLoop.java:23) ~[server-1.20.1-20230612.114412-srg.jar%23201!/:?]
	at net.minecraft.server.MinecraftServer.m_6367_(MinecraftServer.java:770) ~[server-1.20.1-20230612.114412-srg.jar%23201!/:?]
	at net.minecraft.server.MinecraftServer.m_6367_(MinecraftServer.java:161) ~[server-1.20.1-20230612.114412-srg.jar%23201!/:?]
	at net.minecraft.util.thread.BlockableEventLoop.m_7245_(BlockableEventLoop.java:130) ~[server-1.20.1-20230612.114412-srg.jar%23201!/:?]
	at net.minecraft.server.MinecraftServer.m_129961_(MinecraftServer.java:753) ~[server-1.20.1-20230612.114412-srg.jar%23201!/:?]
	at net.minecraft.server.MinecraftServer.m_7245_(MinecraftServer.java:747) ~[server-1.20.1-20230612.114412-srg.jar%23201!/:?]
	at net.minecraft.util.thread.BlockableEventLoop.m_18699_(BlockableEventLoop.java:115) ~[server-1.20.1-20230612.114412-srg.jar%23201!/:?]
	at net.minecraft.server.MinecraftServer.m_130012_(MinecraftServer.java:732) ~[server-1.20.1-20230612.114412-srg.jar%23201!/:?]
	at net.minecraft.server.MinecraftServer.m_130011_(MinecraftServer.java:665) ~[server-1.20.1-20230612.114412-srg.jar%23201!/:?]
	at net.minecraft.server.MinecraftServer.m_206580_(MinecraftServer.java:251) ~[server-1.20.1-20230612.114412-srg.jar%23201!/:?]
	at java.lang.Thread.run(Thread.java:840) ~[?:?]
[23Feb2025 22:28:51.514] [Server thread/ERROR] [net.minecraftforge.eventbus.EventBus/EVENTBUS]: Exception caught during firing event: Cannot invoke "net.minecraft.world.entity.Entity.m_20206_()" because "entityHeld" is null
	Index: 3
	Listeners:
		0: HIGHEST
		1: ASM: class ovh.corail.tombstone.event.EventHandler onPlayerInteractEntity(Lnet/minecraftforge/event/entity/player/PlayerInteractEvent$EntityInteract;)V
		2: HIGH
		3: ASM: class tschipp.carryon.events.CommonEvents onEntityRightClick(Lnet/minecraftforge/event/entity/player/PlayerInteractEvent$EntityInteract;)V
		4: ASM: team.creative.playerrevive.server.ReviveEventServer@7ce51f3b playerInteract(Lnet/minecraftforge/event/entity/player/PlayerInteractEvent$EntityInteract;)V
		5: NORMAL
		6: ASM: com.bobmowzie.mowziesmobs.server.ServerEventHandler@13b44b18 onPlayerInteract(Lnet/minecraftforge/event/entity/player/PlayerInteractEvent$EntityInteract;)V
		7: ASM: com.bobmowzie.mowziesmobs.server.ability.AbilityCommonEventHandler@2a537c9d onPlayerRightClickEntity(Lnet/minecraftforge/event/entity/player/PlayerInteractEvent$EntityInteract;)V
		8: ASM: com.github.alexthe666.alexsmobs.event.ServerEvents@1ff643a9 onInteractWithEntity(Lnet/minecraftforge/event/entity/player/PlayerInteractEvent$EntityInteract;)V
		9: net.minecraftforge.eventbus.EventBus$$Lambda$4242/0x0000756618afea18@3d39c376
		10: net.minecraftforge.eventbus.EventBus$$Lambda$4242/0x0000756618afea18@47ae86cb
		11: ASM: class tictim.paraglider.forge.event.ParagliderEventHandler onPlayerInteract(Lnet/minecraftforge/event/entity/player/PlayerInteractEvent;)V
java.lang.NullPointerException: Cannot invoke "net.minecraft.world.entity.Entity.m_20206_()" because "entityHeld" is null
	at TRANSFORMER/carryon@2.1.2.7/tschipp.carryon.common.carry.PlacementHandler.tryStackEntity(PlacementHandler.java:199)
	at TRANSFORMER/carryon@2.1.2.7/tschipp.carryon.events.CommonEvents.onEntityRightClick(CommonEvents.java:124)
	at TRANSFORMER/carryon@2.1.2.7/tschipp.carryon.events.__CommonEvents_onEntityRightClick_EntityInteract.invoke(.dynamic)
	at MC-BOOTSTRAP/net.minecraftforge.eventbus/net.minecraftforge.eventbus.ASMEventHandler.invoke(ASMEventHandler.java:73)
	at MC-BOOTSTRAP/net.minecraftforge.eventbus/net.minecraftforge.eventbus.EventBus.post(EventBus.java:315)
	at MC-BOOTSTRAP/net.minecraftforge.eventbus/net.minecraftforge.eventbus.EventBus.post(EventBus.java:296)
	at TRANSFORMER/forge@47.3.7/net.minecraftforge.common.ForgeHooks.onInteractEntity(ForgeHooks.java:764)
	at TRANSFORMER/minecraft@1.20.1/net.minecraft.world.entity.player.Player.m_36157_(Player.java:975)
	at TRANSFORMER/minecraft@1.20.1/net.minecraft.server.network.ServerGamePacketListenerImpl$1.m_143678_(ServerGamePacketListenerImpl.java:1460)
	at TRANSFORMER/minecraft@1.20.1/net.minecraft.server.network.ServerGamePacketListenerImpl$1.m_142299_(ServerGamePacketListenerImpl.java:1472)
	at TRANSFORMER/minecraft@1.20.1/net.minecraft.network.protocol.game.ServerboundInteractPacket$InteractionAction.m_142457_(ServerboundInteractPacket.java:116)
	at TRANSFORMER/minecraft@1.20.1/net.minecraft.network.protocol.game.ServerboundInteractPacket.m_179617_(ServerboundInteractPacket.java:66)
	at TRANSFORMER/minecraft@1.20.1/net.minecraft.server.network.ServerGamePacketListenerImpl.m_6946_(ServerGamePacketListenerImpl.java:1455)
	at TRANSFORMER/minecraft@1.20.1/net.minecraft.network.protocol.game.ServerboundInteractPacket.m_5797_(ServerboundInteractPacket.java:53)
	at TRANSFORMER/minecraft@1.20.1/net.minecraft.network.protocol.game.ServerboundInteractPacket.m_5797_(ServerboundInteractPacket.java:13)
	at TRANSFORMER/minecraft@1.20.1/net.minecraft.network.protocol.PacketUtils.m_263899_(PacketUtils.java:22)
	at TRANSFORMER/minecraft@1.20.1/net.minecraft.server.TickTask.run(TickTask.java:18)
	at TRANSFORMER/minecraft@1.20.1/net.minecraft.util.thread.BlockableEventLoop.m_6367_(BlockableEventLoop.java:156)
	at TRANSFORMER/minecraft@1.20.1/net.minecraft.util.thread.ReentrantBlockableEventLoop.m_6367_(ReentrantBlockableEventLoop.java:23)
	at TRANSFORMER/minecraft@1.20.1/net.minecraft.server.MinecraftServer.m_6367_(MinecraftServer.java:770)
	at TRANSFORMER/minecraft@1.20.1/net.minecraft.server.MinecraftServer.m_6367_(MinecraftServer.java:161)
	at TRANSFORMER/minecraft@1.20.1/net.minecraft.util.thread.BlockableEventLoop.m_7245_(BlockableEventLoop.java:130)
	at TRANSFORMER/minecraft@1.20.1/net.minecraft.server.MinecraftServer.m_129961_(MinecraftServer.java:753)
	at TRANSFORMER/minecraft@1.20.1/net.minecraft.server.MinecraftServer.m_7245_(MinecraftServer.java:747)
	at TRANSFORMER/minecraft@1.20.1/net.minecraft.util.thread.BlockableEventLoop.m_18699_(BlockableEventLoop.java:115)
	at TRANSFORMER/minecraft@1.20.1/net.minecraft.server.MinecraftServer.m_130012_(MinecraftServer.java:732)
	at TRANSFORMER/minecraft@1.20.1/net.minecraft.server.MinecraftServer.m_130011_(MinecraftServer.java:665)
	at TRANSFORMER/minecraft@1.20.1/net.minecraft.server.MinecraftServer.m_206580_(MinecraftServer.java:251)
	at java.base/java.lang.Thread.run(Thread.java:840)

[23Feb2025 22:28:51.515] [Server thread/ERROR] [net.minecraft.network.protocol.PacketUtils/]: Failed to handle packet net.minecraft.network.protocol.game.ServerboundInteractPacket@405e6c6c, suppressing error
java.lang.NullPointerException: Cannot invoke "net.minecraft.world.entity.Entity.m_20206_()" because "entityHeld" is null
	at tschipp.carryon.common.carry.PlacementHandler.tryStackEntity(PlacementHandler.java:199) ~[carryon-forge-1.20.1-2.1.2.7.jar%23156!/:2.1.2.7]
	at tschipp.carryon.events.CommonEvents.onEntityRightClick(CommonEvents.java:124) ~[carryon-forge-1.20.1-2.1.2.7.jar%23156!/:2.1.2.7]
	at tschipp.carryon.events.__CommonEvents_onEntityRightClick_EntityInteract.invoke(.dynamic) ~[carryon-forge-1.20.1-2.1.2.7.jar%23156!/:2.1.2.7]
	at net.minecraftforge.eventbus.ASMEventHandler.invoke(ASMEventHandler.java:73) ~[eventbus-6.0.5.jar%2352!/:?]
	at net.minecraftforge.eventbus.EventBus.post(EventBus.java:315) ~[eventbus-6.0.5.jar%2352!/:?]
	at net.minecraftforge.eventbus.EventBus.post(EventBus.java:296) ~[eventbus-6.0.5.jar%2352!/:?]
	at net.minecraftforge.common.ForgeHooks.onInteractEntity(ForgeHooks.java:764) ~[forge-1.20.1-47.3.7-universal.jar%23206!/:?]
	at net.minecraft.world.entity.player.Player.m_36157_(Player.java:975) ~[server-1.20.1-20230612.114412-srg.jar%23201!/:?]
	at net.minecraft.server.network.ServerGamePacketListenerImpl$1.m_143678_(ServerGamePacketListenerImpl.java:1460) ~[server-1.20.1-20230612.114412-srg.jar%23201!/:?]
	at net.minecraft.server.network.ServerGamePacketListenerImpl$1.m_142299_(ServerGamePacketListenerImpl.java:1472) ~[server-1.20.1-20230612.114412-srg.jar%23201!/:?]
	at net.minecraft.network.protocol.game.ServerboundInteractPacket$InteractionAction.m_142457_(ServerboundInteractPacket.java:116) ~[server-1.20.1-20230612.114412-srg.jar%23201!/:?]
	at net.minecraft.network.protocol.game.ServerboundInteractPacket.m_179617_(ServerboundInteractPacket.java:66) ~[server-1.20.1-20230612.114412-srg.jar%23201!/:?]
	at net.minecraft.server.network.ServerGamePacketListenerImpl.m_6946_(ServerGamePacketListenerImpl.java:1455) ~[server-1.20.1-20230612.114412-srg.jar%23201!/:?]
	at net.minecraft.network.protocol.game.ServerboundInteractPacket.m_5797_(ServerboundInteractPacket.java:53) ~[server-1.20.1-20230612.114412-srg.jar%23201!/:?]
	at net.minecraft.network.protocol.game.ServerboundInteractPacket.m_5797_(ServerboundInteractPacket.java:13) ~[server-1.20.1-20230612.114412-srg.jar%23201!/:?]
	at net.minecraft.network.protocol.PacketUtils.m_263899_(PacketUtils.java:22) ~[server-1.20.1-20230612.114412-srg.jar%23201!/:?]
	at net.minecraft.server.TickTask.run(TickTask.java:18) ~[server-1.20.1-20230612.114412-srg.jar%23201!/:?]
	at net.minecraft.util.thread.BlockableEventLoop.m_6367_(BlockableEventLoop.java:156) ~[server-1.20.1-20230612.114412-srg.jar%23201!/:?]
	at net.minecraft.util.thread.ReentrantBlockableEventLoop.m_6367_(ReentrantBlockableEventLoop.java:23) ~[server-1.20.1-20230612.114412-srg.jar%23201!/:?]
	at net.minecraft.server.MinecraftServer.m_6367_(MinecraftServer.java:770) ~[server-1.20.1-20230612.114412-srg.jar%23201!/:?]
	at net.minecraft.server.MinecraftServer.m_6367_(MinecraftServer.java:161) ~[server-1.20.1-20230612.114412-srg.jar%23201!/:?]
	at net.minecraft.util.thread.BlockableEventLoop.m_7245_(BlockableEventLoop.java:130) ~[server-1.20.1-20230612.114412-srg.jar%23201!/:?]
	at net.minecraft.server.MinecraftServer.m_129961_(MinecraftServer.java:753) ~[server-1.20.1-20230612.114412-srg.jar%23201!/:?]
	at net.minecraft.server.MinecraftServer.m_7245_(MinecraftServer.java:747) ~[server-1.20.1-20230612.114412-srg.jar%23201!/:?]
	at net.minecraft.util.thread.BlockableEventLoop.m_18699_(BlockableEventLoop.java:115) ~[server-1.20.1-20230612.114412-srg.jar%23201!/:?]
	at net.minecraft.server.MinecraftServer.m_130012_(MinecraftServer.java:732) ~[server-1.20.1-20230612.114412-srg.jar%23201!/:?]
	at net.minecraft.server.MinecraftServer.m_130011_(MinecraftServer.java:665) ~[server-1.20.1-20230612.114412-srg.jar%23201!/:?]
	at net.minecraft.server.MinecraftServer.m_206580_(MinecraftServer.java:251) ~[server-1.20.1-20230612.114412-srg.jar%23201!/:?]
	at java.lang.Thread.run(Thread.java:840) ~[?:?]
[23Feb2025 22:28:51.516] [Server thread/ERROR] [net.minecraftforge.eventbus.EventBus/EVENTBUS]: Exception caught during firing event: Cannot invoke "net.minecraft.world.entity.Entity.m_20206_()" because "entityHeld" is null
	Index: 3
	Listeners:
		0: HIGHEST
		1: ASM: class ovh.corail.tombstone.event.EventHandler onPlayerInteractEntity(Lnet/minecraftforge/event/entity/player/PlayerInteractEvent$EntityInteract;)V
		2: HIGH
		3: ASM: class tschipp.carryon.events.CommonEvents onEntityRightClick(Lnet/minecraftforge/event/entity/player/PlayerInteractEvent$EntityInteract;)V
		4: ASM: team.creative.playerrevive.server.ReviveEventServer@7ce51f3b playerInteract(Lnet/minecraftforge/event/entity/player/PlayerInteractEvent$EntityInteract;)V
		5: NORMAL
		6: ASM: com.bobmowzie.mowziesmobs.server.ServerEventHandler@13b44b18 onPlayerInteract(Lnet/minecraftforge/event/entity/player/PlayerInteractEvent$EntityInteract;)V
		7: ASM: com.bobmowzie.mowziesmobs.server.ability.AbilityCommonEventHandler@2a537c9d onPlayerRightClickEntity(Lnet/minecraftforge/event/entity/player/PlayerInteractEvent$EntityInteract;)V
		8: ASM: com.github.alexthe666.alexsmobs.event.ServerEvents@1ff643a9 onInteractWithEntity(Lnet/minecraftforge/event/entity/player/PlayerInteractEvent$EntityInteract;)V
		9: net.minecraftforge.eventbus.EventBus$$Lambda$4242/0x0000756618afea18@3d39c376
		10: net.minecraftforge.eventbus.EventBus$$Lambda$4242/0x0000756618afea18@47ae86cb
		11: ASM: class tictim.paraglider.forge.event.ParagliderEventHandler onPlayerInteract(Lnet/minecraftforge/event/entity/player/PlayerInteractEvent;)V
java.lang.NullPointerException: Cannot invoke "net.minecraft.world.entity.Entity.m_20206_()" because "entityHeld" is null
	at TRANSFORMER/carryon@2.1.2.7/tschipp.carryon.common.carry.PlacementHandler.tryStackEntity(PlacementHandler.java:199)
	at TRANSFORMER/carryon@2.1.2.7/tschipp.carryon.events.CommonEvents.onEntityRightClick(CommonEvents.java:124)
	at TRANSFORMER/carryon@2.1.2.7/tschipp.carryon.events.__CommonEvents_onEntityRightClick_EntityInteract.invoke(.dynamic)
	at MC-BOOTSTRAP/net.minecraftforge.eventbus/net.minecraftforge.eventbus.ASMEventHandler.invoke(ASMEventHandler.java:73)
	at MC-BOOTSTRAP/net.minecraftforge.eventbus/net.minecraftforge.eventbus.EventBus.post(EventBus.java:315)
	at MC-BOOTSTRAP/net.minecraftforge.eventbus/net.minecraftforge.eventbus.EventBus.post(EventBus.java:296)
	at TRANSFORMER/forge@47.3.7/net.minecraftforge.common.ForgeHooks.onInteractEntity(ForgeHooks.java:764)
	at TRANSFORMER/minecraft@1.20.1/net.minecraft.world.entity.player.Player.m_36157_(Player.java:975)
	at TRANSFORMER/minecraft@1.20.1/net.minecraft.server.network.ServerGamePacketListenerImpl$1.m_143678_(ServerGamePacketListenerImpl.java:1460)
	at TRANSFORMER/minecraft@1.20.1/net.minecraft.server.network.ServerGamePacketListenerImpl$1.m_142299_(ServerGamePacketListenerImpl.java:1472)
	at TRANSFORMER/minecraft@1.20.1/net.minecraft.network.protocol.game.ServerboundInteractPacket$InteractionAction.m_142457_(ServerboundInteractPacket.java:116)
	at TRANSFORMER/minecraft@1.20.1/net.minecraft.network.protocol.game.ServerboundInteractPacket.m_179617_(ServerboundInteractPacket.java:66)
	at TRANSFORMER/minecraft@1.20.1/net.minecraft.server.network.ServerGamePacketListenerImpl.m_6946_(ServerGamePacketListenerImpl.java:1455)
	at TRANSFORMER/minecraft@1.20.1/net.minecraft.network.protocol.game.ServerboundInteractPacket.m_5797_(ServerboundInteractPacket.java:53)
	at TRANSFORMER/minecraft@1.20.1/net.minecraft.network.protocol.game.ServerboundInteractPacket.m_5797_(ServerboundInteractPacket.java:13)
	at TRANSFORMER/minecraft@1.20.1/net.minecraft.network.protocol.PacketUtils.m_263899_(PacketUtils.java:22)
	at TRANSFORMER/minecraft@1.20.1/net.minecraft.server.TickTask.run(TickTask.java:18)
	at TRANSFORMER/minecraft@1.20.1/net.minecraft.util.thread.BlockableEventLoop.m_6367_(BlockableEventLoop.java:156)
	at TRANSFORMER/minecraft@1.20.1/net.minecraft.util.thread.ReentrantBlockableEventLoop.m_6367_(ReentrantBlockableEventLoop.java:23)
	at TRANSFORMER/minecraft@1.20.1/net.minecraft.server.MinecraftServer.m_6367_(MinecraftServer.java:770)
	at TRANSFORMER/minecraft@1.20.1/net.minecraft.server.MinecraftServer.m_6367_(MinecraftServer.java:161)
	at TRANSFORMER/minecraft@1.20.1/net.minecraft.util.thread.BlockableEventLoop.m_7245_(BlockableEventLoop.java:130)
	at TRANSFORMER/minecraft@1.20.1/net.minecraft.server.MinecraftServer.m_129961_(MinecraftServer.java:753)
	at TRANSFORMER/minecraft@1.20.1/net.minecraft.server.MinecraftServer.m_7245_(MinecraftServer.java:747)
	at TRANSFORMER/minecraft@1.20.1/net.minecraft.util.thread.BlockableEventLoop.m_18699_(BlockableEventLoop.java:115)
	at TRANSFORMER/minecraft@1.20.1/net.minecraft.server.MinecraftServer.m_130012_(MinecraftServer.java:732)
	at TRANSFORMER/minecraft@1.20.1/net.minecraft.server.MinecraftServer.m_130011_(MinecraftServer.java:665)
	at TRANSFORMER/minecraft@1.20.1/net.minecraft.server.MinecraftServer.m_206580_(MinecraftServer.java:251)
	at java.base/java.lang.Thread.run(Thread.java:840)

[23Feb2025 22:28:51.517] [Server thread/ERROR] [net.minecraft.network.protocol.PacketUtils/]: Failed to handle packet net.minecraft.network.protocol.game.ServerboundInteractPacket@14e294c1, suppressing error
java.lang.NullPointerException: Cannot invoke "net.minecraft.world.entity.Entity.m_20206_()" because "entityHeld" is null
	at tschipp.carryon.common.carry.PlacementHandler.tryStackEntity(PlacementHandler.java:199) ~[carryon-forge-1.20.1-2.1.2.7.jar%23156!/:2.1.2.7]
	at tschipp.carryon.events.CommonEvents.onEntityRightClick(CommonEvents.java:124) ~[carryon-forge-1.20.1-2.1.2.7.jar%23156!/:2.1.2.7]
	at tschipp.carryon.events.__CommonEvents_onEntityRightClick_EntityInteract.invoke(.dynamic) ~[carryon-forge-1.20.1-2.1.2.7.jar%23156!/:2.1.2.7]
	at net.minecraftforge.eventbus.ASMEventHandler.invoke(ASMEventHandler.java:73) ~[eventbus-6.0.5.jar%2352!/:?]
	at net.minecraftforge.eventbus.EventBus.post(EventBus.java:315) ~[eventbus-6.0.5.jar%2352!/:?]
	at net.minecraftforge.eventbus.EventBus.post(EventBus.java:296) ~[eventbus-6.0.5.jar%2352!/:?]
	at net.minecraftforge.common.ForgeHooks.onInteractEntity(ForgeHooks.java:764) ~[forge-1.20.1-47.3.7-universal.jar%23206!/:?]
	at net.minecraft.world.entity.player.Player.m_36157_(Player.java:975) ~[server-1.20.1-20230612.114412-srg.jar%23201!/:?]
	at net.minecraft.server.network.ServerGamePacketListenerImpl$1.m_143678_(ServerGamePacketListenerImpl.java:1460) ~[server-1.20.1-20230612.114412-srg.jar%23201!/:?]
	at net.minecraft.server.network.ServerGamePacketListenerImpl$1.m_142299_(ServerGamePacketListenerImpl.java:1472) ~[server-1.20.1-20230612.114412-srg.jar%23201!/:?]
	at net.minecraft.network.protocol.game.ServerboundInteractPacket$InteractionAction.m_142457_(ServerboundInteractPacket.java:116) ~[server-1.20.1-20230612.114412-srg.jar%23201!/:?]
	at net.minecraft.network.protocol.game.ServerboundInteractPacket.m_179617_(ServerboundInteractPacket.java:66) ~[server-1.20.1-20230612.114412-srg.jar%23201!/:?]
	at net.minecraft.server.network.ServerGamePacketListenerImpl.m_6946_(ServerGamePacketListenerImpl.java:1455) ~[server-1.20.1-20230612.114412-srg.jar%23201!/:?]
	at net.minecraft.network.protocol.game.ServerboundInteractPacket.m_5797_(ServerboundInteractPacket.java:53) ~[server-1.20.1-20230612.114412-srg.jar%23201!/:?]
	at net.minecraft.network.protocol.game.ServerboundInteractPacket.m_5797_(ServerboundInteractPacket.java:13) ~[server-1.20.1-20230612.114412-srg.jar%23201!/:?]
	at net.minecraft.network.protocol.PacketUtils.m_263899_(PacketUtils.java:22) ~[server-1.20.1-20230612.114412-srg.jar%23201!/:?]
	at net.minecraft.server.TickTask.run(TickTask.java:18) ~[server-1.20.1-20230612.114412-srg.jar%23201!/:?]
	at net.minecraft.util.thread.BlockableEventLoop.m_6367_(BlockableEventLoop.java:156) ~[server-1.20.1-20230612.114412-srg.jar%23201!/:?]
	at net.minecraft.util.thread.ReentrantBlockableEventLoop.m_6367_(ReentrantBlockableEventLoop.java:23) ~[server-1.20.1-20230612.114412-srg.jar%23201!/:?]
	at net.minecraft.server.MinecraftServer.m_6367_(MinecraftServer.java:770) ~[server-1.20.1-20230612.114412-srg.jar%23201!/:?]
	at net.minecraft.server.MinecraftServer.m_6367_(MinecraftServer.java:161) ~[server-1.20.1-20230612.114412-srg.jar%23201!/:?]
	at net.minecraft.util.thread.BlockableEventLoop.m_7245_(BlockableEventLoop.java:130) ~[server-1.20.1-20230612.114412-srg.jar%23201!/:?]
	at net.minecraft.server.MinecraftServer.m_129961_(MinecraftServer.java:753) ~[server-1.20.1-20230612.114412-srg.jar%23201!/:?]
	at net.minecraft.server.MinecraftServer.m_7245_(MinecraftServer.java:747) ~[server-1.20.1-20230612.114412-srg.jar%23201!/:?]
	at net.minecraft.util.thread.BlockableEventLoop.m_18699_(BlockableEventLoop.java:115) ~[server-1.20.1-20230612.114412-srg.jar%23201!/:?]
	at net.minecraft.server.MinecraftServer.m_130012_(MinecraftServer.java:732) ~[server-1.20.1-20230612.114412-srg.jar%23201!/:?]
	at net.minecraft.server.MinecraftServer.m_130011_(MinecraftServer.java:665) ~[server-1.20.1-20230612.114412-srg.jar%23201!/:?]
	at net.minecraft.server.MinecraftServer.m_206580_(MinecraftServer.java:251) ~[server-1.20.1-20230612.114412-srg.jar%23201!/:?]
	at java.lang.Thread.run(Thread.java:840) ~[?:?]
[23Feb2025 22:28:52.264] [Server thread/ERROR] [net.minecraftforge.eventbus.EventBus/EVENTBUS]: Exception caught during firing event: Cannot invoke "net.minecraft.world.entity.Entity.m_20206_()" because "entityHeld" is null
	Index: 3
	Listeners:
		0: HIGHEST
		1: ASM: class ovh.corail.tombstone.event.EventHandler onPlayerInteractEntity(Lnet/minecraftforge/event/entity/player/PlayerInteractEvent$EntityInteract;)V
		2: HIGH
		3: ASM: class tschipp.carryon.events.CommonEvents onEntityRightClick(Lnet/minecraftforge/event/entity/player/PlayerInteractEvent$EntityInteract;)V
		4: ASM: team.creative.playerrevive.server.ReviveEventServer@7ce51f3b playerInteract(Lnet/minecraftforge/event/entity/player/PlayerInteractEvent$EntityInteract;)V
		5: NORMAL
		6: ASM: com.bobmowzie.mowziesmobs.server.ServerEventHandler@13b44b18 onPlayerInteract(Lnet/minecraftforge/event/entity/player/PlayerInteractEvent$EntityInteract;)V
		7: ASM: com.bobmowzie.mowziesmobs.server.ability.AbilityCommonEventHandler@2a537c9d onPlayerRightClickEntity(Lnet/minecraftforge/event/entity/player/PlayerInteractEvent$EntityInteract;)V
		8: ASM: com.github.alexthe666.alexsmobs.event.ServerEvents@1ff643a9 onInteractWithEntity(Lnet/minecraftforge/event/entity/player/PlayerInteractEvent$EntityInteract;)V
		9: net.minecraftforge.eventbus.EventBus$$Lambda$4242/0x0000756618afea18@3d39c376
		10: net.minecraftforge.eventbus.EventBus$$Lambda$4242/0x0000756618afea18@47ae86cb
		11: ASM: class tictim.paraglider.forge.event.ParagliderEventHandler onPlayerInteract(Lnet/minecraftforge/event/entity/player/PlayerInteractEvent;)V
java.lang.NullPointerException: Cannot invoke "net.minecraft.world.entity.Entity.m_20206_()" because "entityHeld" is null
	at TRANSFORMER/carryon@2.1.2.7/tschipp.carryon.common.carry.PlacementHandler.tryStackEntity(PlacementHandler.java:199)
	at TRANSFORMER/carryon@2.1.2.7/tschipp.carryon.events.CommonEvents.onEntityRightClick(CommonEvents.java:124)
	at TRANSFORMER/carryon@2.1.2.7/tschipp.carryon.events.__CommonEvents_onEntityRightClick_EntityInteract.invoke(.dynamic)
	at MC-BOOTSTRAP/net.minecraftforge.eventbus/net.minecraftforge.eventbus.ASMEventHandler.invoke(ASMEventHandler.java:73)
	at MC-BOOTSTRAP/net.minecraftforge.eventbus/net.minecraftforge.eventbus.EventBus.post(EventBus.java:315)
	at MC-BOOTSTRAP/net.minecraftforge.eventbus/net.minecraftforge.eventbus.EventBus.post(EventBus.java:296)
	at TRANSFORMER/forge@47.3.7/net.minecraftforge.common.ForgeHooks.onInteractEntity(ForgeHooks.java:764)
	at TRANSFORMER/minecraft@1.20.1/net.minecraft.world.entity.player.Player.m_36157_(Player.java:975)
	at TRANSFORMER/minecraft@1.20.1/net.minecraft.server.network.ServerGamePacketListenerImpl$1.m_143678_(ServerGamePacketListenerImpl.java:1460)
	at TRANSFORMER/minecraft@1.20.1/net.minecraft.server.network.ServerGamePacketListenerImpl$1.m_142299_(ServerGamePacketListenerImpl.java:1472)
	at TRANSFORMER/minecraft@1.20.1/net.minecraft.network.protocol.game.ServerboundInteractPacket$InteractionAction.m_142457_(ServerboundInteractPacket.java:116)
	at TRANSFORMER/minecraft@1.20.1/net.minecraft.network.protocol.game.ServerboundInteractPacket.m_179617_(ServerboundInteractPacket.java:66)
	at TRANSFORMER/minecraft@1.20.1/net.minecraft.server.network.ServerGamePacketListenerImpl.m_6946_(ServerGamePacketListenerImpl.java:1455)
	at TRANSFORMER/minecraft@1.20.1/net.minecraft.network.protocol.game.ServerboundInteractPacket.m_5797_(ServerboundInteractPacket.java:53)
	at TRANSFORMER/minecraft@1.20.1/net.minecraft.network.protocol.game.ServerboundInteractPacket.m_5797_(ServerboundInteractPacket.java:13)
	at TRANSFORMER/minecraft@1.20.1/net.minecraft.network.protocol.PacketUtils.m_263899_(PacketUtils.java:22)
	at TRANSFORMER/minecraft@1.20.1/net.minecraft.server.TickTask.run(TickTask.java:18)
	at TRANSFORMER/minecraft@1.20.1/net.minecraft.util.thread.BlockableEventLoop.m_6367_(BlockableEventLoop.java:156)
	at TRANSFORMER/minecraft@1.20.1/net.minecraft.util.thread.ReentrantBlockableEventLoop.m_6367_(ReentrantBlockableEventLoop.java:23)
	at TRANSFORMER/minecraft@1.20.1/net.minecraft.server.MinecraftServer.m_6367_(MinecraftServer.java:770)
	at TRANSFORMER/minecraft@1.20.1/net.minecraft.server.MinecraftServer.m_6367_(MinecraftServer.java:161)
	at TRANSFORMER/minecraft@1.20.1/net.minecraft.util.thread.BlockableEventLoop.m_7245_(BlockableEventLoop.java:130)
	at TRANSFORMER/minecraft@1.20.1/net.minecraft.server.MinecraftServer.m_129961_(MinecraftServer.java:753)
	at TRANSFORMER/minecraft@1.20.1/net.minecraft.server.MinecraftServer.m_7245_(MinecraftServer.java:747)
	at TRANSFORMER/minecraft@1.20.1/net.minecraft.util.thread.BlockableEventLoop.m_18699_(BlockableEventLoop.java:115)
	at TRANSFORMER/minecraft@1.20.1/net.minecraft.server.MinecraftServer.m_130012_(MinecraftServer.java:732)
	at TRANSFORMER/minecraft@1.20.1/net.minecraft.server.MinecraftServer.m_130011_(MinecraftServer.java:665)
	at TRANSFORMER/minecraft@1.20.1/net.minecraft.server.MinecraftServer.m_206580_(MinecraftServer.java:251)
	at java.base/java.lang.Thread.run(Thread.java:840)

[23Feb2025 22:28:52.265] [Server thread/ERROR] [net.minecraft.network.protocol.PacketUtils/]: Failed to handle packet net.minecraft.network.protocol.game.ServerboundInteractPacket@72cd0b00, suppressing error
java.lang.NullPointerException: Cannot invoke "net.minecraft.world.entity.Entity.m_20206_()" because "entityHeld" is null
	at tschipp.carryon.common.carry.PlacementHandler.tryStackEntity(PlacementHandler.java:199) ~[carryon-forge-1.20.1-2.1.2.7.jar%23156!/:2.1.2.7]
	at tschipp.carryon.events.CommonEvents.onEntityRightClick(CommonEvents.java:124) ~[carryon-forge-1.20.1-2.1.2.7.jar%23156!/:2.1.2.7]
	at tschipp.carryon.events.__CommonEvents_onEntityRightClick_EntityInteract.invoke(.dynamic) ~[carryon-forge-1.20.1-2.1.2.7.jar%23156!/:2.1.2.7]
	at net.minecraftforge.eventbus.ASMEventHandler.invoke(ASMEventHandler.java:73) ~[eventbus-6.0.5.jar%2352!/:?]
	at net.minecraftforge.eventbus.EventBus.post(EventBus.java:315) ~[eventbus-6.0.5.jar%2352!/:?]
	at net.minecraftforge.eventbus.EventBus.post(EventBus.java:296) ~[eventbus-6.0.5.jar%2352!/:?]
	at net.minecraftforge.common.ForgeHooks.onInteractEntity(ForgeHooks.java:764) ~[forge-1.20.1-47.3.7-universal.jar%23206!/:?]
	at net.minecraft.world.entity.player.Player.m_36157_(Player.java:975) ~[server-1.20.1-20230612.114412-srg.jar%23201!/:?]
	at net.minecraft.server.network.ServerGamePacketListenerImpl$1.m_143678_(ServerGamePacketListenerImpl.java:1460) ~[server-1.20.1-20230612.114412-srg.jar%23201!/:?]
	at net.minecraft.server.network.ServerGamePacketListenerImpl$1.m_142299_(ServerGamePacketListenerImpl.java:1472) ~[server-1.20.1-20230612.114412-srg.jar%23201!/:?]
	at net.minecraft.network.protocol.game.ServerboundInteractPacket$InteractionAction.m_142457_(ServerboundInteractPacket.java:116) ~[server-1.20.1-20230612.114412-srg.jar%23201!/:?]
	at net.minecraft.network.protocol.game.ServerboundInteractPacket.m_179617_(ServerboundInteractPacket.java:66) ~[server-1.20.1-20230612.114412-srg.jar%23201!/:?]
	at net.minecraft.server.network.ServerGamePacketListenerImpl.m_6946_(ServerGamePacketListenerImpl.java:1455) ~[server-1.20.1-20230612.114412-srg.jar%23201!/:?]
	at net.minecraft.network.protocol.game.ServerboundInteractPacket.m_5797_(ServerboundInteractPacket.java:53) ~[server-1.20.1-20230612.114412-srg.jar%23201!/:?]
	at net.minecraft.network.protocol.game.ServerboundInteractPacket.m_5797_(ServerboundInteractPacket.java:13) ~[server-1.20.1-20230612.114412-srg.jar%23201!/:?]
	at net.minecraft.network.protocol.PacketUtils.m_263899_(PacketUtils.java:22) ~[server-1.20.1-20230612.114412-srg.jar%23201!/:?]
	at net.minecraft.server.TickTask.run(TickTask.java:18) ~[server-1.20.1-20230612.114412-srg.jar%23201!/:?]
	at net.minecraft.util.thread.BlockableEventLoop.m_6367_(BlockableEventLoop.java:156) ~[server-1.20.1-20230612.114412-srg.jar%23201!/:?]
	at net.minecraft.util.thread.ReentrantBlockableEventLoop.m_6367_(ReentrantBlockableEventLoop.java:23) ~[server-1.20.1-20230612.114412-srg.jar%23201!/:?]
	at net.minecraft.server.MinecraftServer.m_6367_(MinecraftServer.java:770) ~[server-1.20.1-20230612.114412-srg.jar%23201!/:?]
	at net.minecraft.server.MinecraftServer.m_6367_(MinecraftServer.java:161) ~[server-1.20.1-20230612.114412-srg.jar%23201!/:?]
	at net.minecraft.util.thread.BlockableEventLoop.m_7245_(BlockableEventLoop.java:130) ~[server-1.20.1-20230612.114412-srg.jar%23201!/:?]
	at net.minecraft.server.MinecraftServer.m_129961_(MinecraftServer.java:753) ~[server-1.20.1-20230612.114412-srg.jar%23201!/:?]
	at net.minecraft.server.MinecraftServer.m_7245_(MinecraftServer.java:747) ~[server-1.20.1-20230612.114412-srg.jar%23201!/:?]
	at net.minecraft.util.thread.BlockableEventLoop.m_18699_(BlockableEventLoop.java:115) ~[server-1.20.1-20230612.114412-srg.jar%23201!/:?]
	at net.minecraft.server.MinecraftServer.m_130012_(MinecraftServer.java:732) ~[server-1.20.1-20230612.114412-srg.jar%23201!/:?]
	at net.minecraft.server.MinecraftServer.m_130011_(MinecraftServer.java:665) ~[server-1.20.1-20230612.114412-srg.jar%23201!/:?]
	at net.minecraft.server.MinecraftServer.m_206580_(MinecraftServer.java:251) ~[server-1.20.1-20230612.114412-srg.jar%23201!/:?]
	at java.lang.Thread.run(Thread.java:840) ~[?:?]
[23Feb2025 22:28:52.267] [Server thread/ERROR] [net.minecraftforge.eventbus.EventBus/EVENTBUS]: Exception caught during firing event: Cannot invoke "net.minecraft.world.entity.Entity.m_20206_()" because "entityHeld" is null
	Index: 3
	Listeners:
		0: HIGHEST
		1: ASM: class ovh.corail.tombstone.event.EventHandler onPlayerInteractEntity(Lnet/minecraftforge/event/entity/player/PlayerInteractEvent$EntityInteract;)V
		2: HIGH
		3: ASM: class tschipp.carryon.events.CommonEvents onEntityRightClick(Lnet/minecraftforge/event/entity/player/PlayerInteractEvent$EntityInteract;)V
		4: ASM: team.creative.playerrevive.server.ReviveEventServer@7ce51f3b playerInteract(Lnet/minecraftforge/event/entity/player/PlayerInteractEvent$EntityInteract;)V
		5: NORMAL
		6: ASM: com.bobmowzie.mowziesmobs.server.ServerEventHandler@13b44b18 onPlayerInteract(Lnet/minecraftforge/event/entity/player/PlayerInteractEvent$EntityInteract;)V
		7: ASM: com.bobmowzie.mowziesmobs.server.ability.AbilityCommonEventHandler@2a537c9d onPlayerRightClickEntity(Lnet/minecraftforge/event/entity/player/PlayerInteractEvent$EntityInteract;)V
		8: ASM: com.github.alexthe666.alexsmobs.event.ServerEvents@1ff643a9 onInteractWithEntity(Lnet/minecraftforge/event/entity/player/PlayerInteractEvent$EntityInteract;)V
		9: net.minecraftforge.eventbus.EventBus$$Lambda$4242/0x0000756618afea18@3d39c376
		10: net.minecraftforge.eventbus.EventBus$$Lambda$4242/0x0000756618afea18@47ae86cb
		11: ASM: class tictim.paraglider.forge.event.ParagliderEventHandler onPlayerInteract(Lnet/minecraftforge/event/entity/player/PlayerInteractEvent;)V
java.lang.NullPointerException: Cannot invoke "net.minecraft.world.entity.Entity.m_20206_()" because "entityHeld" is null
	at TRANSFORMER/carryon@2.1.2.7/tschipp.carryon.common.carry.PlacementHandler.tryStackEntity(PlacementHandler.java:199)
	at TRANSFORMER/carryon@2.1.2.7/tschipp.carryon.events.CommonEvents.onEntityRightClick(CommonEvents.java:124)
	at TRANSFORMER/carryon@2.1.2.7/tschipp.carryon.events.__CommonEvents_onEntityRightClick_EntityInteract.invoke(.dynamic)
	at MC-BOOTSTRAP/net.minecraftforge.eventbus/net.minecraftforge.eventbus.ASMEventHandler.invoke(ASMEventHandler.java:73)
	at MC-BOOTSTRAP/net.minecraftforge.eventbus/net.minecraftforge.eventbus.EventBus.post(EventBus.java:315)
	at MC-BOOTSTRAP/net.minecraftforge.eventbus/net.minecraftforge.eventbus.EventBus.post(EventBus.java:296)
	at TRANSFORMER/forge@47.3.7/net.minecraftforge.common.ForgeHooks.onInteractEntity(ForgeHooks.java:764)
	at TRANSFORMER/minecraft@1.20.1/net.minecraft.world.entity.player.Player.m_36157_(Player.java:975)
	at TRANSFORMER/minecraft@1.20.1/net.minecraft.server.network.ServerGamePacketListenerImpl$1.m_143678_(ServerGamePacketListenerImpl.java:1460)
	at TRANSFORMER/minecraft@1.20.1/net.minecraft.server.network.ServerGamePacketListenerImpl$1.m_142299_(ServerGamePacketListenerImpl.java:1472)
	at TRANSFORMER/minecraft@1.20.1/net.minecraft.network.protocol.game.ServerboundInteractPacket$InteractionAction.m_142457_(ServerboundInteractPacket.java:116)
	at TRANSFORMER/minecraft@1.20.1/net.minecraft.network.protocol.game.ServerboundInteractPacket.m_179617_(ServerboundInteractPacket.java:66)
	at TRANSFORMER/minecraft@1.20.1/net.minecraft.server.network.ServerGamePacketListenerImpl.m_6946_(ServerGamePacketListenerImpl.java:1455)
	at TRANSFORMER/minecraft@1.20.1/net.minecraft.network.protocol.game.ServerboundInteractPacket.m_5797_(ServerboundInteractPacket.java:53)
	at TRANSFORMER/minecraft@1.20.1/net.minecraft.network.protocol.game.ServerboundInteractPacket.m_5797_(ServerboundInteractPacket.java:13)
	at TRANSFORMER/minecraft@1.20.1/net.minecraft.network.protocol.PacketUtils.m_263899_(PacketUtils.java:22)
	at TRANSFORMER/minecraft@1.20.1/net.minecraft.server.TickTask.run(TickTask.java:18)
	at TRANSFORMER/minecraft@1.20.1/net.minecraft.util.thread.BlockableEventLoop.m_6367_(BlockableEventLoop.java:156)
	at TRANSFORMER/minecraft@1.20.1/net.minecraft.util.thread.ReentrantBlockableEventLoop.m_6367_(ReentrantBlockableEventLoop.java:23)
	at TRANSFORMER/minecraft@1.20.1/net.minecraft.server.MinecraftServer.m_6367_(MinecraftServer.java:770)
	at TRANSFORMER/minecraft@1.20.1/net.minecraft.server.MinecraftServer.m_6367_(MinecraftServer.java:161)
	at TRANSFORMER/minecraft@1.20.1/net.minecraft.util.thread.BlockableEventLoop.m_7245_(BlockableEventLoop.java:130)
	at TRANSFORMER/minecraft@1.20.1/net.minecraft.server.MinecraftServer.m_129961_(MinecraftServer.java:753)
	at TRANSFORMER/minecraft@1.20.1/net.minecraft.server.MinecraftServer.m_7245_(MinecraftServer.java:747)
	at TRANSFORMER/minecraft@1.20.1/net.minecraft.util.thread.BlockableEventLoop.m_18699_(BlockableEventLoop.java:115)
	at TRANSFORMER/minecraft@1.20.1/net.minecraft.server.MinecraftServer.m_130012_(MinecraftServer.java:732)
	at TRANSFORMER/minecraft@1.20.1/net.minecraft.server.MinecraftServer.m_130011_(MinecraftServer.java:665)
	at TRANSFORMER/minecraft@1.20.1/net.minecraft.server.MinecraftServer.m_206580_(MinecraftServer.java:251)
	at java.base/java.lang.Thread.run(Thread.java:840)

[23Feb2025 22:28:52.268] [Server thread/ERROR] [net.minecraft.network.protocol.PacketUtils/]: Failed to handle packet net.minecraft.network.protocol.game.ServerboundInteractPacket@59feb174, suppressing error
java.lang.NullPointerException: Cannot invoke "net.minecraft.world.entity.Entity.m_20206_()" because "entityHeld" is null
	at tschipp.carryon.common.carry.PlacementHandler.tryStackEntity(PlacementHandler.java:199) ~[carryon-forge-1.20.1-2.1.2.7.jar%23156!/:2.1.2.7]
	at tschipp.carryon.events.CommonEvents.onEntityRightClick(CommonEvents.java:124) ~[carryon-forge-1.20.1-2.1.2.7.jar%23156!/:2.1.2.7]
	at tschipp.carryon.events.__CommonEvents_onEntityRightClick_EntityInteract.invoke(.dynamic) ~[carryon-forge-1.20.1-2.1.2.7.jar%23156!/:2.1.2.7]
	at net.minecraftforge.eventbus.ASMEventHandler.invoke(ASMEventHandler.java:73) ~[eventbus-6.0.5.jar%2352!/:?]
	at net.minecraftforge.eventbus.EventBus.post(EventBus.java:315) ~[eventbus-6.0.5.jar%2352!/:?]
	at net.minecraftforge.eventbus.EventBus.post(EventBus.java:296) ~[eventbus-6.0.5.jar%2352!/:?]
	at net.minecraftforge.common.ForgeHooks.onInteractEntity(ForgeHooks.java:764) ~[forge-1.20.1-47.3.7-universal.jar%23206!/:?]
	at net.minecraft.world.entity.player.Player.m_36157_(Player.java:975) ~[server-1.20.1-20230612.114412-srg.jar%23201!/:?]
	at net.minecraft.server.network.ServerGamePacketListenerImpl$1.m_143678_(ServerGamePacketListenerImpl.java:1460) ~[server-1.20.1-20230612.114412-srg.jar%23201!/:?]
	at net.minecraft.server.network.ServerGamePacketListenerImpl$1.m_142299_(ServerGamePacketListenerImpl.java:1472) ~[server-1.20.1-20230612.114412-srg.jar%23201!/:?]
	at net.minecraft.network.protocol.game.ServerboundInteractPacket$InteractionAction.m_142457_(ServerboundInteractPacket.java:116) ~[server-1.20.1-20230612.114412-srg.jar%23201!/:?]
	at net.minecraft.network.protocol.game.ServerboundInteractPacket.m_179617_(ServerboundInteractPacket.java:66) ~[server-1.20.1-20230612.114412-srg.jar%23201!/:?]
	at net.minecraft.server.network.ServerGamePacketListenerImpl.m_6946_(ServerGamePacketListenerImpl.java:1455) ~[server-1.20.1-20230612.114412-srg.jar%23201!/:?]
	at net.minecraft.network.protocol.game.ServerboundInteractPacket.m_5797_(ServerboundInteractPacket.java:53) ~[server-1.20.1-20230612.114412-srg.jar%23201!/:?]
	at net.minecraft.network.protocol.game.ServerboundInteractPacket.m_5797_(ServerboundInteractPacket.java:13) ~[server-1.20.1-20230612.114412-srg.jar%23201!/:?]
	at net.minecraft.network.protocol.PacketUtils.m_263899_(PacketUtils.java:22) ~[server-1.20.1-20230612.114412-srg.jar%23201!/:?]
	at net.minecraft.server.TickTask.run(TickTask.java:18) ~[server-1.20.1-20230612.114412-srg.jar%23201!/:?]
	at net.minecraft.util.thread.BlockableEventLoop.m_6367_(BlockableEventLoop.java:156) ~[server-1.20.1-20230612.114412-srg.jar%23201!/:?]
	at net.minecraft.util.thread.ReentrantBlockableEventLoop.m_6367_(ReentrantBlockableEventLoop.java:23) ~[server-1.20.1-20230612.114412-srg.jar%23201!/:?]
	at net.minecraft.server.MinecraftServer.m_6367_(MinecraftServer.java:770) ~[server-1.20.1-20230612.114412-srg.jar%23201!/:?]
	at net.minecraft.server.MinecraftServer.m_6367_(MinecraftServer.java:161) ~[server-1.20.1-20230612.114412-srg.jar%23201!/:?]
	at net.minecraft.util.thread.BlockableEventLoop.m_7245_(BlockableEventLoop.java:130) ~[server-1.20.1-20230612.114412-srg.jar%23201!/:?]
	at net.minecraft.server.MinecraftServer.m_129961_(MinecraftServer.java:753) ~[server-1.20.1-20230612.114412-srg.jar%23201!/:?]
	at net.minecraft.server.MinecraftServer.m_7245_(MinecraftServer.java:747) ~[server-1.20.1-20230612.114412-srg.jar%23201!/:?]
	at net.minecraft.util.thread.BlockableEventLoop.m_18699_(BlockableEventLoop.java:115) ~[server-1.20.1-20230612.114412-srg.jar%23201!/:?]
	at net.minecraft.server.MinecraftServer.m_130012_(MinecraftServer.java:732) ~[server-1.20.1-20230612.114412-srg.jar%23201!/:?]
	at net.minecraft.server.MinecraftServer.m_130011_(MinecraftServer.java:665) ~[server-1.20.1-20230612.114412-srg.jar%23201!/:?]
	at net.minecraft.server.MinecraftServer.m_206580_(MinecraftServer.java:251) ~[server-1.20.1-20230612.114412-srg.jar%23201!/:?]
	at java.lang.Thread.run(Thread.java:840) ~[?:?]
[23Feb2025 22:28:52.462] [Server thread/ERROR] [net.minecraftforge.eventbus.EventBus/EVENTBUS]: Exception caught during firing event: Cannot invoke "net.minecraft.world.entity.Entity.m_20206_()" because "entityHeld" is null
	Index: 3
	Listeners:
		0: HIGHEST
		1: ASM: class ovh.corail.tombstone.event.EventHandler onPlayerInteractEntity(Lnet/minecraftforge/event/entity/player/PlayerInteractEvent$EntityInteract;)V
		2: HIGH
		3: ASM: class tschipp.carryon.events.CommonEvents onEntityRightClick(Lnet/minecraftforge/event/entity/player/PlayerInteractEvent$EntityInteract;)V
		4: ASM: team.creative.playerrevive.server.ReviveEventServer@7ce51f3b playerInteract(Lnet/minecraftforge/event/entity/player/PlayerInteractEvent$EntityInteract;)V
		5: NORMAL
		6: ASM: com.bobmowzie.mowziesmobs.server.ServerEventHandler@13b44b18 onPlayerInteract(Lnet/minecraftforge/event/entity/player/PlayerInteractEvent$EntityInteract;)V
		7: ASM: com.bobmowzie.mowziesmobs.server.ability.AbilityCommonEventHandler@2a537c9d onPlayerRightClickEntity(Lnet/minecraftforge/event/entity/player/PlayerInteractEvent$EntityInteract;)V
		8: ASM: com.github.alexthe666.alexsmobs.event.ServerEvents@1ff643a9 onInteractWithEntity(Lnet/minecraftforge/event/entity/player/PlayerInteractEvent$EntityInteract;)V
		9: net.minecraftforge.eventbus.EventBus$$Lambda$4242/0x0000756618afea18@3d39c376
		10: net.minecraftforge.eventbus.EventBus$$Lambda$4242/0x0000756618afea18@47ae86cb
		11: ASM: class tictim.paraglider.forge.event.ParagliderEventHandler onPlayerInteract(Lnet/minecraftforge/event/entity/player/PlayerInteractEvent;)V
java.lang.NullPointerException: Cannot invoke "net.minecraft.world.entity.Entity.m_20206_()" because "entityHeld" is null
	at TRANSFORMER/carryon@2.1.2.7/tschipp.carryon.common.carry.PlacementHandler.tryStackEntity(PlacementHandler.java:199)
	at TRANSFORMER/carryon@2.1.2.7/tschipp.carryon.events.CommonEvents.onEntityRightClick(CommonEvents.java:124)
	at TRANSFORMER/carryon@2.1.2.7/tschipp.carryon.events.__CommonEvents_onEntityRightClick_EntityInteract.invoke(.dynamic)
	at MC-BOOTSTRAP/net.minecraftforge.eventbus/net.minecraftforge.eventbus.ASMEventHandler.invoke(ASMEventHandler.java:73)
	at MC-BOOTSTRAP/net.minecraftforge.eventbus/net.minecraftforge.eventbus.EventBus.post(EventBus.java:315)
	at MC-BOOTSTRAP/net.minecraftforge.eventbus/net.minecraftforge.eventbus.EventBus.post(EventBus.java:296)
	at TRANSFORMER/forge@47.3.7/net.minecraftforge.common.ForgeHooks.onInteractEntity(ForgeHooks.java:764)
	at TRANSFORMER/minecraft@1.20.1/net.minecraft.world.entity.player.Player.m_36157_(Player.java:975)
	at TRANSFORMER/minecraft@1.20.1/net.minecraft.server.network.ServerGamePacketListenerImpl$1.m_143678_(ServerGamePacketListenerImpl.java:1460)
	at TRANSFORMER/minecraft@1.20.1/net.minecraft.server.network.ServerGamePacketListenerImpl$1.m_142299_(ServerGamePacketListenerImpl.java:1472)
	at TRANSFORMER/minecraft@1.20.1/net.minecraft.network.protocol.game.ServerboundInteractPacket$InteractionAction.m_142457_(ServerboundInteractPacket.java:116)
	at TRANSFORMER/minecraft@1.20.1/net.minecraft.network.protocol.game.ServerboundInteractPacket.m_179617_(ServerboundInteractPacket.java:66)
	at TRANSFORMER/minecraft@1.20.1/net.minecraft.server.network.ServerGamePacketListenerImpl.m_6946_(ServerGamePacketListenerImpl.java:1455)
	at TRANSFORMER/minecraft@1.20.1/net.minecraft.network.protocol.game.ServerboundInteractPacket.m_5797_(ServerboundInteractPacket.java:53)
	at TRANSFORMER/minecraft@1.20.1/net.minecraft.network.protocol.game.ServerboundInteractPacket.m_5797_(ServerboundInteractPacket.java:13)
	at TRANSFORMER/minecraft@1.20.1/net.minecraft.network.protocol.PacketUtils.m_263899_(PacketUtils.java:22)
	at TRANSFORMER/minecraft@1.20.1/net.minecraft.server.TickTask.run(TickTask.java:18)
	at TRANSFORMER/minecraft@1.20.1/net.minecraft.util.thread.BlockableEventLoop.m_6367_(BlockableEventLoop.java:156)
	at TRANSFORMER/minecraft@1.20.1/net.minecraft.util.thread.ReentrantBlockableEventLoop.m_6367_(ReentrantBlockableEventLoop.java:23)
	at TRANSFORMER/minecraft@1.20.1/net.minecraft.server.MinecraftServer.m_6367_(MinecraftServer.java:770)
	at TRANSFORMER/minecraft@1.20.1/net.minecraft.server.MinecraftServer.m_6367_(MinecraftServer.java:161)
	at TRANSFORMER/minecraft@1.20.1/net.minecraft.util.thread.BlockableEventLoop.m_7245_(BlockableEventLoop.java:130)
	at TRANSFORMER/minecraft@1.20.1/net.minecraft.server.MinecraftServer.m_129961_(MinecraftServer.java:753)
	at TRANSFORMER/minecraft@1.20.1/net.minecraft.server.MinecraftServer.m_7245_(MinecraftServer.java:747)
	at TRANSFORMER/minecraft@1.20.1/net.minecraft.util.thread.BlockableEventLoop.m_18699_(BlockableEventLoop.java:115)
	at TRANSFORMER/minecraft@1.20.1/net.minecraft.server.MinecraftServer.m_130012_(MinecraftServer.java:732)
	at TRANSFORMER/minecraft@1.20.1/net.minecraft.server.MinecraftServer.m_130011_(MinecraftServer.java:665)
	at TRANSFORMER/minecraft@1.20.1/net.minecraft.server.MinecraftServer.m_206580_(MinecraftServer.java:251)
	at java.base/java.lang.Thread.run(Thread.java:840)

[23Feb2025 22:28:52.463] [Server thread/ERROR] [net.minecraft.network.protocol.PacketUtils/]: Failed to handle packet net.minecraft.network.protocol.game.ServerboundInteractPacket@694b9efa, suppressing error
java.lang.NullPointerException: Cannot invoke "net.minecraft.world.entity.Entity.m_20206_()" because "entityHeld" is null
	at tschipp.carryon.common.carry.PlacementHandler.tryStackEntity(PlacementHandler.java:199) ~[carryon-forge-1.20.1-2.1.2.7.jar%23156!/:2.1.2.7]
	at tschipp.carryon.events.CommonEvents.onEntityRightClick(CommonEvents.java:124) ~[carryon-forge-1.20.1-2.1.2.7.jar%23156!/:2.1.2.7]
	at tschipp.carryon.events.__CommonEvents_onEntityRightClick_EntityInteract.invoke(.dynamic) ~[carryon-forge-1.20.1-2.1.2.7.jar%23156!/:2.1.2.7]
	at net.minecraftforge.eventbus.ASMEventHandler.invoke(ASMEventHandler.java:73) ~[eventbus-6.0.5.jar%2352!/:?]
	at net.minecraftforge.eventbus.EventBus.post(EventBus.java:315) ~[eventbus-6.0.5.jar%2352!/:?]
	at net.minecraftforge.eventbus.EventBus.post(EventBus.java:296) ~[eventbus-6.0.5.jar%2352!/:?]
	at net.minecraftforge.common.ForgeHooks.onInteractEntity(ForgeHooks.java:764) ~[forge-1.20.1-47.3.7-universal.jar%23206!/:?]
	at net.minecraft.world.entity.player.Player.m_36157_(Player.java:975) ~[server-1.20.1-20230612.114412-srg.jar%23201!/:?]
	at net.minecraft.server.network.ServerGamePacketListenerImpl$1.m_143678_(ServerGamePacketListenerImpl.java:1460) ~[server-1.20.1-20230612.114412-srg.jar%23201!/:?]
	at net.minecraft.server.network.ServerGamePacketListenerImpl$1.m_142299_(ServerGamePacketListenerImpl.java:1472) ~[server-1.20.1-20230612.114412-srg.jar%23201!/:?]
	at net.minecraft.network.protocol.game.ServerboundInteractPacket$InteractionAction.m_142457_(ServerboundInteractPacket.java:116) ~[server-1.20.1-20230612.114412-srg.jar%23201!/:?]
	at net.minecraft.network.protocol.game.ServerboundInteractPacket.m_179617_(ServerboundInteractPacket.java:66) ~[server-1.20.1-20230612.114412-srg.jar%23201!/:?]
	at net.minecraft.server.network.ServerGamePacketListenerImpl.m_6946_(ServerGamePacketListenerImpl.java:1455) ~[server-1.20.1-20230612.114412-srg.jar%23201!/:?]
	at net.minecraft.network.protocol.game.ServerboundInteractPacket.m_5797_(ServerboundInteractPacket.java:53) ~[server-1.20.1-20230612.114412-srg.jar%23201!/:?]
	at net.minecraft.network.protocol.game.ServerboundInteractPacket.m_5797_(ServerboundInteractPacket.java:13) ~[server-1.20.1-20230612.114412-srg.jar%23201!/:?]
	at net.minecraft.network.protocol.PacketUtils.m_263899_(PacketUtils.java:22) ~[server-1.20.1-20230612.114412-srg.jar%23201!/:?]
	at net.minecraft.server.TickTask.run(TickTask.java:18) ~[server-1.20.1-20230612.114412-srg.jar%23201!/:?]
	at net.minecraft.util.thread.BlockableEventLoop.m_6367_(BlockableEventLoop.java:156) ~[server-1.20.1-20230612.114412-srg.jar%23201!/:?]
	at net.minecraft.util.thread.ReentrantBlockableEventLoop.m_6367_(ReentrantBlockableEventLoop.java:23) ~[server-1.20.1-20230612.114412-srg.jar%23201!/:?]
	at net.minecraft.server.MinecraftServer.m_6367_(MinecraftServer.java:770) ~[server-1.20.1-20230612.114412-srg.jar%23201!/:?]
	at net.minecraft.server.MinecraftServer.m_6367_(MinecraftServer.java:161) ~[server-1.20.1-20230612.114412-srg.jar%23201!/:?]
	at net.minecraft.util.thread.BlockableEventLoop.m_7245_(BlockableEventLoop.java:130) ~[server-1.20.1-20230612.114412-srg.jar%23201!/:?]
	at net.minecraft.server.MinecraftServer.m_129961_(MinecraftServer.java:753) ~[server-1.20.1-20230612.114412-srg.jar%23201!/:?]
	at net.minecraft.server.MinecraftServer.m_7245_(MinecraftServer.java:747) ~[server-1.20.1-20230612.114412-srg.jar%23201!/:?]
	at net.minecraft.util.thread.BlockableEventLoop.m_18699_(BlockableEventLoop.java:115) ~[server-1.20.1-20230612.114412-srg.jar%23201!/:?]
	at net.minecraft.server.MinecraftServer.m_130012_(MinecraftServer.java:732) ~[server-1.20.1-20230612.114412-srg.jar%23201!/:?]
	at net.minecraft.server.MinecraftServer.m_130011_(MinecraftServer.java:665) ~[server-1.20.1-20230612.114412-srg.jar%23201!/:?]
	at net.minecraft.server.MinecraftServer.m_206580_(MinecraftServer.java:251) ~[server-1.20.1-20230612.114412-srg.jar%23201!/:?]
	at java.lang.Thread.run(Thread.java:840) ~[?:?]
[23Feb2025 22:28:52.464] [Server thread/ERROR] [net.minecraftforge.eventbus.EventBus/EVENTBUS]: Exception caught during firing event: Cannot invoke "net.minecraft.world.entity.Entity.m_20206_()" because "entityHeld" is null
	Index: 3
	Listeners:
		0: HIGHEST
		1: ASM: class ovh.corail.tombstone.event.EventHandler onPlayerInteractEntity(Lnet/minecraftforge/event/entity/player/PlayerInteractEvent$EntityInteract;)V
		2: HIGH
		3: ASM: class tschipp.carryon.events.CommonEvents onEntityRightClick(Lnet/minecraftforge/event/entity/player/PlayerInteractEvent$EntityInteract;)V
		4: ASM: team.creative.playerrevive.server.ReviveEventServer@7ce51f3b playerInteract(Lnet/minecraftforge/event/entity/player/PlayerInteractEvent$EntityInteract;)V
		5: NORMAL
		6: ASM: com.bobmowzie.mowziesmobs.server.ServerEventHandler@13b44b18 onPlayerInteract(Lnet/minecraftforge/event/entity/player/PlayerInteractEvent$EntityInteract;)V
		7: ASM: com.bobmowzie.mowziesmobs.server.ability.AbilityCommonEventHandler@2a537c9d onPlayerRightClickEntity(Lnet/minecraftforge/event/entity/player/PlayerInteractEvent$EntityInteract;)V
		8: ASM: com.github.alexthe666.alexsmobs.event.ServerEvents@1ff643a9 onInteractWithEntity(Lnet/minecraftforge/event/entity/player/PlayerInteractEvent$EntityInteract;)V
		9: net.minecraftforge.eventbus.EventBus$$Lambda$4242/0x0000756618afea18@3d39c376
		10: net.minecraftforge.eventbus.EventBus$$Lambda$4242/0x0000756618afea18@47ae86cb
		11: ASM: class tictim.paraglider.forge.event.ParagliderEventHandler onPlayerInteract(Lnet/minecraftforge/event/entity/player/PlayerInteractEvent;)V
java.lang.NullPointerException: Cannot invoke "net.minecraft.world.entity.Entity.m_20206_()" because "entityHeld" is null
	at TRANSFORMER/carryon@2.1.2.7/tschipp.carryon.common.carry.PlacementHandler.tryStackEntity(PlacementHandler.java:199)
	at TRANSFORMER/carryon@2.1.2.7/tschipp.carryon.events.CommonEvents.onEntityRightClick(CommonEvents.java:124)
	at TRANSFORMER/carryon@2.1.2.7/tschipp.carryon.events.__CommonEvents_onEntityRightClick_EntityInteract.invoke(.dynamic)
	at MC-BOOTSTRAP/net.minecraftforge.eventbus/net.minecraftforge.eventbus.ASMEventHandler.invoke(ASMEventHandler.java:73)
	at MC-BOOTSTRAP/net.minecraftforge.eventbus/net.minecraftforge.eventbus.EventBus.post(EventBus.java:315)
	at MC-BOOTSTRAP/net.minecraftforge.eventbus/net.minecraftforge.eventbus.EventBus.post(EventBus.java:296)
	at TRANSFORMER/forge@47.3.7/net.minecraftforge.common.ForgeHooks.onInteractEntity(ForgeHooks.java:764)
	at TRANSFORMER/minecraft@1.20.1/net.minecraft.world.entity.player.Player.m_36157_(Player.java:975)
	at TRANSFORMER/minecraft@1.20.1/net.minecraft.server.network.ServerGamePacketListenerImpl$1.m_143678_(ServerGamePacketListenerImpl.java:1460)
	at TRANSFORMER/minecraft@1.20.1/net.minecraft.server.network.ServerGamePacketListenerImpl$1.m_142299_(ServerGamePacketListenerImpl.java:1472)
	at TRANSFORMER/minecraft@1.20.1/net.minecraft.network.protocol.game.ServerboundInteractPacket$InteractionAction.m_142457_(ServerboundInteractPacket.java:116)
	at TRANSFORMER/minecraft@1.20.1/net.minecraft.network.protocol.game.ServerboundInteractPacket.m_179617_(ServerboundInteractPacket.java:66)
	at TRANSFORMER/minecraft@1.20.1/net.minecraft.server.network.ServerGamePacketListenerImpl.m_6946_(ServerGamePacketListenerImpl.java:1455)
	at TRANSFORMER/minecraft@1.20.1/net.minecraft.network.protocol.game.ServerboundInteractPacket.m_5797_(ServerboundInteractPacket.java:53)
	at TRANSFORMER/minecraft@1.20.1/net.minecraft.network.protocol.game.ServerboundInteractPacket.m_5797_(ServerboundInteractPacket.java:13)
	at TRANSFORMER/minecraft@1.20.1/net.minecraft.network.protocol.PacketUtils.m_263899_(PacketUtils.java:22)
	at TRANSFORMER/minecraft@1.20.1/net.minecraft.server.TickTask.run(TickTask.java:18)
	at TRANSFORMER/minecraft@1.20.1/net.minecraft.util.thread.BlockableEventLoop.m_6367_(BlockableEventLoop.java:156)
	at TRANSFORMER/minecraft@1.20.1/net.minecraft.util.thread.ReentrantBlockableEventLoop.m_6367_(ReentrantBlockableEventLoop.java:23)
	at TRANSFORMER/minecraft@1.20.1/net.minecraft.server.MinecraftServer.m_6367_(MinecraftServer.java:770)
	at TRANSFORMER/minecraft@1.20.1/net.minecraft.server.MinecraftServer.m_6367_(MinecraftServer.java:161)
	at TRANSFORMER/minecraft@1.20.1/net.minecraft.util.thread.BlockableEventLoop.m_7245_(BlockableEventLoop.java:130)
	at TRANSFORMER/minecraft@1.20.1/net.minecraft.server.MinecraftServer.m_129961_(MinecraftServer.java:753)
	at TRANSFORMER/minecraft@1.20.1/net.minecraft.server.MinecraftServer.m_7245_(MinecraftServer.java:747)
	at TRANSFORMER/minecraft@1.20.1/net.minecraft.util.thread.BlockableEventLoop.m_18699_(BlockableEventLoop.java:115)
	at TRANSFORMER/minecraft@1.20.1/net.minecraft.server.MinecraftServer.m_130012_(MinecraftServer.java:732)
	at TRANSFORMER/minecraft@1.20.1/net.minecraft.server.MinecraftServer.m_130011_(MinecraftServer.java:665)
	at TRANSFORMER/minecraft@1.20.1/net.minecraft.server.MinecraftServer.m_206580_(MinecraftServer.java:251)
	at java.base/java.lang.Thread.run(Thread.java:840)

[23Feb2025 22:28:52.465] [Server thread/ERROR] [net.minecraft.network.protocol.PacketUtils/]: Failed to handle packet net.minecraft.network.protocol.game.ServerboundInteractPacket@ff6c09c, suppressing error
java.lang.NullPointerException: Cannot invoke "net.minecraft.world.entity.Entity.m_20206_()" because "entityHeld" is null
	at tschipp.carryon.common.carry.PlacementHandler.tryStackEntity(PlacementHandler.java:199) ~[carryon-forge-1.20.1-2.1.2.7.jar%23156!/:2.1.2.7]
	at tschipp.carryon.events.CommonEvents.onEntityRightClick(CommonEvents.java:124) ~[carryon-forge-1.20.1-2.1.2.7.jar%23156!/:2.1.2.7]
	at tschipp.carryon.events.__CommonEvents_onEntityRightClick_EntityInteract.invoke(.dynamic) ~[carryon-forge-1.20.1-2.1.2.7.jar%23156!/:2.1.2.7]
	at net.minecraftforge.eventbus.ASMEventHandler.invoke(ASMEventHandler.java:73) ~[eventbus-6.0.5.jar%2352!/:?]
	at net.minecraftforge.eventbus.EventBus.post(EventBus.java:315) ~[eventbus-6.0.5.jar%2352!/:?]
	at net.minecraftforge.eventbus.EventBus.post(EventBus.java:296) ~[eventbus-6.0.5.jar%2352!/:?]
	at net.minecraftforge.common.ForgeHooks.onInteractEntity(ForgeHooks.java:764) ~[forge-1.20.1-47.3.7-universal.jar%23206!/:?]
	at net.minecraft.world.entity.player.Player.m_36157_(Player.java:975) ~[server-1.20.1-20230612.114412-srg.jar%23201!/:?]
	at net.minecraft.server.network.ServerGamePacketListenerImpl$1.m_143678_(ServerGamePacketListenerImpl.java:1460) ~[server-1.20.1-20230612.114412-srg.jar%23201!/:?]
	at net.minecraft.server.network.ServerGamePacketListenerImpl$1.m_142299_(ServerGamePacketListenerImpl.java:1472) ~[server-1.20.1-20230612.114412-srg.jar%23201!/:?]
	at net.minecraft.network.protocol.game.ServerboundInteractPacket$InteractionAction.m_142457_(ServerboundInteractPacket.java:116) ~[server-1.20.1-20230612.114412-srg.jar%23201!/:?]
	at net.minecraft.network.protocol.game.ServerboundInteractPacket.m_179617_(ServerboundInteractPacket.java:66) ~[server-1.20.1-20230612.114412-srg.jar%23201!/:?]
	at net.minecraft.server.network.ServerGamePacketListenerImpl.m_6946_(ServerGamePacketListenerImpl.java:1455) ~[server-1.20.1-20230612.114412-srg.jar%23201!/:?]
	at net.minecraft.network.protocol.game.ServerboundInteractPacket.m_5797_(ServerboundInteractPacket.java:53) ~[server-1.20.1-20230612.114412-srg.jar%23201!/:?]
	at net.minecraft.network.protocol.game.ServerboundInteractPacket.m_5797_(ServerboundInteractPacket.java:13) ~[server-1.20.1-20230612.114412-srg.jar%23201!/:?]
	at net.minecraft.network.protocol.PacketUtils.m_263899_(PacketUtils.java:22) ~[server-1.20.1-20230612.114412-srg.jar%23201!/:?]
	at net.minecraft.server.TickTask.run(TickTask.java:18) ~[server-1.20.1-20230612.114412-srg.jar%23201!/:?]
	at net.minecraft.util.thread.BlockableEventLoop.m_6367_(BlockableEventLoop.java:156) ~[server-1.20.1-20230612.114412-srg.jar%23201!/:?]
	at net.minecraft.util.thread.ReentrantBlockableEventLoop.m_6367_(ReentrantBlockableEventLoop.java:23) ~[server-1.20.1-20230612.114412-srg.jar%23201!/:?]
	at net.minecraft.server.MinecraftServer.m_6367_(MinecraftServer.java:770) ~[server-1.20.1-20230612.114412-srg.jar%23201!/:?]
	at net.minecraft.server.MinecraftServer.m_6367_(MinecraftServer.java:161) ~[server-1.20.1-20230612.114412-srg.jar%23201!/:?]
	at net.minecraft.util.thread.BlockableEventLoop.m_7245_(BlockableEventLoop.java:130) ~[server-1.20.1-20230612.114412-srg.jar%23201!/:?]
	at net.minecraft.server.MinecraftServer.m_129961_(MinecraftServer.java:753) ~[server-1.20.1-20230612.114412-srg.jar%23201!/:?]
	at net.minecraft.server.MinecraftServer.m_7245_(MinecraftServer.java:747) ~[server-1.20.1-20230612.114412-srg.jar%23201!/:?]
	at net.minecraft.util.thread.BlockableEventLoop.m_18699_(BlockableEventLoop.java:115) ~[server-1.20.1-20230612.114412-srg.jar%23201!/:?]
	at net.minecraft.server.MinecraftServer.m_130012_(MinecraftServer.java:732) ~[server-1.20.1-20230612.114412-srg.jar%23201!/:?]
	at net.minecraft.server.MinecraftServer.m_130011_(MinecraftServer.java:665) ~[server-1.20.1-20230612.114412-srg.jar%23201!/:?]
	at net.minecraft.server.MinecraftServer.m_206580_(MinecraftServer.java:251) ~[server-1.20.1-20230612.114412-srg.jar%23201!/:?]
	at java.lang.Thread.run(Thread.java:840) ~[?:?]
[23Feb2025 22:28:52.664] [Server thread/ERROR] [net.minecraftforge.eventbus.EventBus/EVENTBUS]: Exception caught during firing event: Cannot invoke "net.minecraft.world.entity.Entity.m_20206_()" because "entityHeld" is null
	Index: 3
	Listeners:
		0: HIGHEST
		1: ASM: class ovh.corail.tombstone.event.EventHandler onPlayerInteractEntity(Lnet/minecraftforge/event/entity/player/PlayerInteractEvent$EntityInteract;)V
		2: HIGH
		3: ASM: class tschipp.carryon.events.CommonEvents onEntityRightClick(Lnet/minecraftforge/event/entity/player/PlayerInteractEvent$EntityInteract;)V
		4: ASM: team.creative.playerrevive.server.ReviveEventServer@7ce51f3b playerInteract(Lnet/minecraftforge/event/entity/player/PlayerInteractEvent$EntityInteract;)V
		5: NORMAL
		6: ASM: com.bobmowzie.mowziesmobs.server.ServerEventHandler@13b44b18 onPlayerInteract(Lnet/minecraftforge/event/entity/player/PlayerInteractEvent$EntityInteract;)V
		7: ASM: com.bobmowzie.mowziesmobs.server.ability.AbilityCommonEventHandler@2a537c9d onPlayerRightClickEntity(Lnet/minecraftforge/event/entity/player/PlayerInteractEvent$EntityInteract;)V
		8: ASM: com.github.alexthe666.alexsmobs.event.ServerEvents@1ff643a9 onInteractWithEntity(Lnet/minecraftforge/event/entity/player/PlayerInteractEvent$EntityInteract;)V
		9: net.minecraftforge.eventbus.EventBus$$Lambda$4242/0x0000756618afea18@3d39c376
		10: net.minecraftforge.eventbus.EventBus$$Lambda$4242/0x0000756618afea18@47ae86cb
		11: ASM: class tictim.paraglider.forge.event.ParagliderEventHandler onPlayerInteract(Lnet/minecraftforge/event/entity/player/PlayerInteractEvent;)V
java.lang.NullPointerException: Cannot invoke "net.minecraft.world.entity.Entity.m_20206_()" because "entityHeld" is null
	at TRANSFORMER/carryon@2.1.2.7/tschipp.carryon.common.carry.PlacementHandler.tryStackEntity(PlacementHandler.java:199)
	at TRANSFORMER/carryon@2.1.2.7/tschipp.carryon.events.CommonEvents.onEntityRightClick(CommonEvents.java:124)
	at TRANSFORMER/carryon@2.1.2.7/tschipp.carryon.events.__CommonEvents_onEntityRightClick_EntityInteract.invoke(.dynamic)
	at MC-BOOTSTRAP/net.minecraftforge.eventbus/net.minecraftforge.eventbus.ASMEventHandler.invoke(ASMEventHandler.java:73)
	at MC-BOOTSTRAP/net.minecraftforge.eventbus/net.minecraftforge.eventbus.EventBus.post(EventBus.java:315)
	at MC-BOOTSTRAP/net.minecraftforge.eventbus/net.minecraftforge.eventbus.EventBus.post(EventBus.java:296)
	at TRANSFORMER/forge@47.3.7/net.minecraftforge.common.ForgeHooks.onInteractEntity(ForgeHooks.java:764)
	at TRANSFORMER/minecraft@1.20.1/net.minecraft.world.entity.player.Player.m_36157_(Player.java:975)
	at TRANSFORMER/minecraft@1.20.1/net.minecraft.server.network.ServerGamePacketListenerImpl$1.m_143678_(ServerGamePacketListenerImpl.java:1460)
	at TRANSFORMER/minecraft@1.20.1/net.minecraft.server.network.ServerGamePacketListenerImpl$1.m_142299_(ServerGamePacketListenerImpl.java:1472)
	at TRANSFORMER/minecraft@1.20.1/net.minecraft.network.protocol.game.ServerboundInteractPacket$InteractionAction.m_142457_(ServerboundInteractPacket.java:116)
	at TRANSFORMER/minecraft@1.20.1/net.minecraft.network.protocol.game.ServerboundInteractPacket.m_179617_(ServerboundInteractPacket.java:66)
	at TRANSFORMER/minecraft@1.20.1/net.minecraft.server.network.ServerGamePacketListenerImpl.m_6946_(ServerGamePacketListenerImpl.java:1455)
	at TRANSFORMER/minecraft@1.20.1/net.minecraft.network.protocol.game.ServerboundInteractPacket.m_5797_(ServerboundInteractPacket.java:53)
	at TRANSFORMER/minecraft@1.20.1/net.minecraft.network.protocol.game.ServerboundInteractPacket.m_5797_(ServerboundInteractPacket.java:13)
	at TRANSFORMER/minecraft@1.20.1/net.minecraft.network.protocol.PacketUtils.m_263899_(PacketUtils.java:22)
	at TRANSFORMER/minecraft@1.20.1/net.minecraft.server.TickTask.run(TickTask.java:18)
	at TRANSFORMER/minecraft@1.20.1/net.minecraft.util.thread.BlockableEventLoop.m_6367_(BlockableEventLoop.java:156)
	at TRANSFORMER/minecraft@1.20.1/net.minecraft.util.thread.ReentrantBlockableEventLoop.m_6367_(ReentrantBlockableEventLoop.java:23)
	at TRANSFORMER/minecraft@1.20.1/net.minecraft.server.MinecraftServer.m_6367_(MinecraftServer.java:770)
	at TRANSFORMER/minecraft@1.20.1/net.minecraft.server.MinecraftServer.m_6367_(MinecraftServer.java:161)
	at TRANSFORMER/minecraft@1.20.1/net.minecraft.util.thread.BlockableEventLoop.m_7245_(BlockableEventLoop.java:130)
	at TRANSFORMER/minecraft@1.20.1/net.minecraft.server.MinecraftServer.m_129961_(MinecraftServer.java:753)
	at TRANSFORMER/minecraft@1.20.1/net.minecraft.server.MinecraftServer.m_7245_(MinecraftServer.java:747)
	at TRANSFORMER/minecraft@1.20.1/net.minecraft.util.thread.BlockableEventLoop.m_18699_(BlockableEventLoop.java:115)
	at TRANSFORMER/minecraft@1.20.1/net.minecraft.server.MinecraftServer.m_130012_(MinecraftServer.java:732)
	at TRANSFORMER/minecraft@1.20.1/net.minecraft.server.MinecraftServer.m_130011_(MinecraftServer.java:665)
	at TRANSFORMER/minecraft@1.20.1/net.minecraft.server.MinecraftServer.m_206580_(MinecraftServer.java:251)
	at java.base/java.lang.Thread.run(Thread.java:840)

[23Feb2025 22:28:52.665] [Server thread/ERROR] [net.minecraft.network.protocol.PacketUtils/]: Failed to handle packet net.minecraft.network.protocol.game.ServerboundInteractPacket@3f176de5, suppressing error
java.lang.NullPointerException: Cannot invoke "net.minecraft.world.entity.Entity.m_20206_()" because "entityHeld" is null
	at tschipp.carryon.common.carry.PlacementHandler.tryStackEntity(PlacementHandler.java:199) ~[carryon-forge-1.20.1-2.1.2.7.jar%23156!/:2.1.2.7]
	at tschipp.carryon.events.CommonEvents.onEntityRightClick(CommonEvents.java:124) ~[carryon-forge-1.20.1-2.1.2.7.jar%23156!/:2.1.2.7]
	at tschipp.carryon.events.__CommonEvents_onEntityRightClick_EntityInteract.invoke(.dynamic) ~[carryon-forge-1.20.1-2.1.2.7.jar%23156!/:2.1.2.7]
	at net.minecraftforge.eventbus.ASMEventHandler.invoke(ASMEventHandler.java:73) ~[eventbus-6.0.5.jar%2352!/:?]
	at net.minecraftforge.eventbus.EventBus.post(EventBus.java:315) ~[eventbus-6.0.5.jar%2352!/:?]
	at net.minecraftforge.eventbus.EventBus.post(EventBus.java:296) ~[eventbus-6.0.5.jar%2352!/:?]
	at net.minecraftforge.common.ForgeHooks.onInteractEntity(ForgeHooks.java:764) ~[forge-1.20.1-47.3.7-universal.jar%23206!/:?]
	at net.minecraft.world.entity.player.Player.m_36157_(Player.java:975) ~[server-1.20.1-20230612.114412-srg.jar%23201!/:?]
	at net.minecraft.server.network.ServerGamePacketListenerImpl$1.m_143678_(ServerGamePacketListenerImpl.java:1460) ~[server-1.20.1-20230612.114412-srg.jar%23201!/:?]
	at net.minecraft.server.network.ServerGamePacketListenerImpl$1.m_142299_(ServerGamePacketListenerImpl.java:1472) ~[server-1.20.1-20230612.114412-srg.jar%23201!/:?]
	at net.minecraft.network.protocol.game.ServerboundInteractPacket$InteractionAction.m_142457_(ServerboundInteractPacket.java:116) ~[server-1.20.1-20230612.114412-srg.jar%23201!/:?]
	at net.minecraft.network.protocol.game.ServerboundInteractPacket.m_179617_(ServerboundInteractPacket.java:66) ~[server-1.20.1-20230612.114412-srg.jar%23201!/:?]
	at net.minecraft.server.network.ServerGamePacketListenerImpl.m_6946_(ServerGamePacketListenerImpl.java:1455) ~[server-1.20.1-20230612.114412-srg.jar%23201!/:?]
	at net.minecraft.network.protocol.game.ServerboundInteractPacket.m_5797_(ServerboundInteractPacket.java:53) ~[server-1.20.1-20230612.114412-srg.jar%23201!/:?]
	at net.minecraft.network.protocol.game.ServerboundInteractPacket.m_5797_(ServerboundInteractPacket.java:13) ~[server-1.20.1-20230612.114412-srg.jar%23201!/:?]
	at net.minecraft.network.protocol.PacketUtils.m_263899_(PacketUtils.java:22) ~[server-1.20.1-20230612.114412-srg.jar%23201!/:?]
	at net.minecraft.server.TickTask.run(TickTask.java:18) ~[server-1.20.1-20230612.114412-srg.jar%23201!/:?]
	at net.minecraft.util.thread.BlockableEventLoop.m_6367_(BlockableEventLoop.java:156) ~[server-1.20.1-20230612.114412-srg.jar%23201!/:?]
	at net.minecraft.util.thread.ReentrantBlockableEventLoop.m_6367_(ReentrantBlockableEventLoop.java:23) ~[server-1.20.1-20230612.114412-srg.jar%23201!/:?]
	at net.minecraft.server.MinecraftServer.m_6367_(MinecraftServer.java:770) ~[server-1.20.1-20230612.114412-srg.jar%23201!/:?]
	at net.minecraft.server.MinecraftServer.m_6367_(MinecraftServer.java:161) ~[server-1.20.1-20230612.114412-srg.jar%23201!/:?]
	at net.minecraft.util.thread.BlockableEventLoop.m_7245_(BlockableEventLoop.java:130) ~[server-1.20.1-20230612.114412-srg.jar%23201!/:?]
	at net.minecraft.server.MinecraftServer.m_129961_(MinecraftServer.java:753) ~[server-1.20.1-20230612.114412-srg.jar%23201!/:?]
	at net.minecraft.server.MinecraftServer.m_7245_(MinecraftServer.java:747) ~[server-1.20.1-20230612.114412-srg.jar%23201!/:?]
	at net.minecraft.util.thread.BlockableEventLoop.m_18699_(BlockableEventLoop.java:115) ~[server-1.20.1-20230612.114412-srg.jar%23201!/:?]
	at net.minecraft.server.MinecraftServer.m_130012_(MinecraftServer.java:732) ~[server-1.20.1-20230612.114412-srg.jar%23201!/:?]
	at net.minecraft.server.MinecraftServer.m_130011_(MinecraftServer.java:665) ~[server-1.20.1-20230612.114412-srg.jar%23201!/:?]
	at net.minecraft.server.MinecraftServer.m_206580_(MinecraftServer.java:251) ~[server-1.20.1-20230612.114412-srg.jar%23201!/:?]
	at java.lang.Thread.run(Thread.java:840) ~[?:?]
[23Feb2025 22:28:52.666] [Server thread/ERROR] [net.minecraftforge.eventbus.EventBus/EVENTBUS]: Exception caught during firing event: Cannot invoke "net.minecraft.world.entity.Entity.m_20206_()" because "entityHeld" is null
	Index: 3
	Listeners:
		0: HIGHEST
		1: ASM: class ovh.corail.tombstone.event.EventHandler onPlayerInteractEntity(Lnet/minecraftforge/event/entity/player/PlayerInteractEvent$EntityInteract;)V
		2: HIGH
		3: ASM: class tschipp.carryon.events.CommonEvents onEntityRightClick(Lnet/minecraftforge/event/entity/player/PlayerInteractEvent$EntityInteract;)V
		4: ASM: team.creative.playerrevive.server.ReviveEventServer@7ce51f3b playerInteract(Lnet/minecraftforge/event/entity/player/PlayerInteractEvent$EntityInteract;)V
		5: NORMAL
		6: ASM: com.bobmowzie.mowziesmobs.server.ServerEventHandler@13b44b18 onPlayerInteract(Lnet/minecraftforge/event/entity/player/PlayerInteractEvent$EntityInteract;)V
		7: ASM: com.bobmowzie.mowziesmobs.server.ability.AbilityCommonEventHandler@2a537c9d onPlayerRightClickEntity(Lnet/minecraftforge/event/entity/player/PlayerInteractEvent$EntityInteract;)V
		8: ASM: com.github.alexthe666.alexsmobs.event.ServerEvents@1ff643a9 onInteractWithEntity(Lnet/minecraftforge/event/entity/player/PlayerInteractEvent$EntityInteract;)V
		9: net.minecraftforge.eventbus.EventBus$$Lambda$4242/0x0000756618afea18@3d39c376
		10: net.minecraftforge.eventbus.EventBus$$Lambda$4242/0x0000756618afea18@47ae86cb
		11: ASM: class tictim.paraglider.forge.event.ParagliderEventHandler onPlayerInteract(Lnet/minecraftforge/event/entity/player/PlayerInteractEvent;)V
java.lang.NullPointerException: Cannot invoke "net.minecraft.world.entity.Entity.m_20206_()" because "entityHeld" is null
	at TRANSFORMER/carryon@2.1.2.7/tschipp.carryon.common.carry.PlacementHandler.tryStackEntity(PlacementHandler.java:199)
	at TRANSFORMER/carryon@2.1.2.7/tschipp.carryon.events.CommonEvents.onEntityRightClick(CommonEvents.java:124)
	at TRANSFORMER/carryon@2.1.2.7/tschipp.carryon.events.__CommonEvents_onEntityRightClick_EntityInteract.invoke(.dynamic)
	at MC-BOOTSTRAP/net.minecraftforge.eventbus/net.minecraftforge.eventbus.ASMEventHandler.invoke(ASMEventHandler.java:73)
	at MC-BOOTSTRAP/net.minecraftforge.eventbus/net.minecraftforge.eventbus.EventBus.post(EventBus.java:315)
	at MC-BOOTSTRAP/net.minecraftforge.eventbus/net.minecraftforge.eventbus.EventBus.post(EventBus.java:296)
	at TRANSFORMER/forge@47.3.7/net.minecraftforge.common.ForgeHooks.onInteractEntity(ForgeHooks.java:764)
	at TRANSFORMER/minecraft@1.20.1/net.minecraft.world.entity.player.Player.m_36157_(Player.java:975)
	at TRANSFORMER/minecraft@1.20.1/net.minecraft.server.network.ServerGamePacketListenerImpl$1.m_143678_(ServerGamePacketListenerImpl.java:1460)
	at TRANSFORMER/minecraft@1.20.1/net.minecraft.server.network.ServerGamePacketListenerImpl$1.m_142299_(ServerGamePacketListenerImpl.java:1472)
	at TRANSFORMER/minecraft@1.20.1/net.minecraft.network.protocol.game.ServerboundInteractPacket$InteractionAction.m_142457_(ServerboundInteractPacket.java:116)
	at TRANSFORMER/minecraft@1.20.1/net.minecraft.network.protocol.game.ServerboundInteractPacket.m_179617_(ServerboundInteractPacket.java:66)
	at TRANSFORMER/minecraft@1.20.1/net.minecraft.server.network.ServerGamePacketListenerImpl.m_6946_(ServerGamePacketListenerImpl.java:1455)
	at TRANSFORMER/minecraft@1.20.1/net.minecraft.network.protocol.game.ServerboundInteractPacket.m_5797_(ServerboundInteractPacket.java:53)
	at TRANSFORMER/minecraft@1.20.1/net.minecraft.network.protocol.game.ServerboundInteractPacket.m_5797_(ServerboundInteractPacket.java:13)
	at TRANSFORMER/minecraft@1.20.1/net.minecraft.network.protocol.PacketUtils.m_263899_(PacketUtils.java:22)
	at TRANSFORMER/minecraft@1.20.1/net.minecraft.server.TickTask.run(TickTask.java:18)
	at TRANSFORMER/minecraft@1.20.1/net.minecraft.util.thread.BlockableEventLoop.m_6367_(BlockableEventLoop.java:156)
	at TRANSFORMER/minecraft@1.20.1/net.minecraft.util.thread.ReentrantBlockableEventLoop.m_6367_(ReentrantBlockableEventLoop.java:23)
	at TRANSFORMER/minecraft@1.20.1/net.minecraft.server.MinecraftServer.m_6367_(MinecraftServer.java:770)
	at TRANSFORMER/minecraft@1.20.1/net.minecraft.server.MinecraftServer.m_6367_(MinecraftServer.java:161)
	at TRANSFORMER/minecraft@1.20.1/net.minecraft.util.thread.BlockableEventLoop.m_7245_(BlockableEventLoop.java:130)
	at TRANSFORMER/minecraft@1.20.1/net.minecraft.server.MinecraftServer.m_129961_(MinecraftServer.java:753)
	at TRANSFORMER/minecraft@1.20.1/net.minecraft.server.MinecraftServer.m_7245_(MinecraftServer.java:747)
	at TRANSFORMER/minecraft@1.20.1/net.minecraft.util.thread.BlockableEventLoop.m_18699_(BlockableEventLoop.java:115)
	at TRANSFORMER/minecraft@1.20.1/net.minecraft.server.MinecraftServer.m_130012_(MinecraftServer.java:732)
	at TRANSFORMER/minecraft@1.20.1/net.minecraft.server.MinecraftServer.m_130011_(MinecraftServer.java:665)
	at TRANSFORMER/minecraft@1.20.1/net.minecraft.server.MinecraftServer.m_206580_(MinecraftServer.java:251)
	at java.base/java.lang.Thread.run(Thread.java:840)

[23Feb2025 22:28:52.667] [Server thread/ERROR] [net.minecraft.network.protocol.PacketUtils/]: Failed to handle packet net.minecraft.network.protocol.game.ServerboundInteractPacket@6c1336ae, suppressing error
java.lang.NullPointerException: Cannot invoke "net.minecraft.world.entity.Entity.m_20206_()" because "entityHeld" is null
	at tschipp.carryon.common.carry.PlacementHandler.tryStackEntity(PlacementHandler.java:199) ~[carryon-forge-1.20.1-2.1.2.7.jar%23156!/:2.1.2.7]
	at tschipp.carryon.events.CommonEvents.onEntityRightClick(CommonEvents.java:124) ~[carryon-forge-1.20.1-2.1.2.7.jar%23156!/:2.1.2.7]
	at tschipp.carryon.events.__CommonEvents_onEntityRightClick_EntityInteract.invoke(.dynamic) ~[carryon-forge-1.20.1-2.1.2.7.jar%23156!/:2.1.2.7]
	at net.minecraftforge.eventbus.ASMEventHandler.invoke(ASMEventHandler.java:73) ~[eventbus-6.0.5.jar%2352!/:?]
	at net.minecraftforge.eventbus.EventBus.post(EventBus.java:315) ~[eventbus-6.0.5.jar%2352!/:?]
	at net.minecraftforge.eventbus.EventBus.post(EventBus.java:296) ~[eventbus-6.0.5.jar%2352!/:?]
	at net.minecraftforge.common.ForgeHooks.onInteractEntity(ForgeHooks.java:764) ~[forge-1.20.1-47.3.7-universal.jar%23206!/:?]
	at net.minecraft.world.entity.player.Player.m_36157_(Player.java:975) ~[server-1.20.1-20230612.114412-srg.jar%23201!/:?]
	at net.minecraft.server.network.ServerGamePacketListenerImpl$1.m_143678_(ServerGamePacketListenerImpl.java:1460) ~[server-1.20.1-20230612.114412-srg.jar%23201!/:?]
	at net.minecraft.server.network.ServerGamePacketListenerImpl$1.m_142299_(ServerGamePacketListenerImpl.java:1472) ~[server-1.20.1-20230612.114412-srg.jar%23201!/:?]
	at net.minecraft.network.protocol.game.ServerboundInteractPacket$InteractionAction.m_142457_(ServerboundInteractPacket.java:116) ~[server-1.20.1-20230612.114412-srg.jar%23201!/:?]
	at net.minecraft.network.protocol.game.ServerboundInteractPacket.m_179617_(ServerboundInteractPacket.java:66) ~[server-1.20.1-20230612.114412-srg.jar%23201!/:?]
	at net.minecraft.server.network.ServerGamePacketListenerImpl.m_6946_(ServerGamePacketListenerImpl.java:1455) ~[server-1.20.1-20230612.114412-srg.jar%23201!/:?]
	at net.minecraft.network.protocol.game.ServerboundInteractPacket.m_5797_(ServerboundInteractPacket.java:53) ~[server-1.20.1-20230612.114412-srg.jar%23201!/:?]
	at net.minecraft.network.protocol.game.ServerboundInteractPacket.m_5797_(ServerboundInteractPacket.java:13) ~[server-1.20.1-20230612.114412-srg.jar%23201!/:?]
	at net.minecraft.network.protocol.PacketUtils.m_263899_(PacketUtils.java:22) ~[server-1.20.1-20230612.114412-srg.jar%23201!/:?]
	at net.minecraft.server.TickTask.run(TickTask.java:18) ~[server-1.20.1-20230612.114412-srg.jar%23201!/:?]
	at net.minecraft.util.thread.BlockableEventLoop.m_6367_(BlockableEventLoop.java:156) ~[server-1.20.1-20230612.114412-srg.jar%23201!/:?]
	at net.minecraft.util.thread.ReentrantBlockableEventLoop.m_6367_(ReentrantBlockableEventLoop.java:23) ~[server-1.20.1-20230612.114412-srg.jar%23201!/:?]
	at net.minecraft.server.MinecraftServer.m_6367_(MinecraftServer.java:770) ~[server-1.20.1-20230612.114412-srg.jar%23201!/:?]
	at net.minecraft.server.MinecraftServer.m_6367_(MinecraftServer.java:161) ~[server-1.20.1-20230612.114412-srg.jar%23201!/:?]
	at net.minecraft.util.thread.BlockableEventLoop.m_7245_(BlockableEventLoop.java:130) ~[server-1.20.1-20230612.114412-srg.jar%23201!/:?]
	at net.minecraft.server.MinecraftServer.m_129961_(MinecraftServer.java:753) ~[server-1.20.1-20230612.114412-srg.jar%23201!/:?]
	at net.minecraft.server.MinecraftServer.m_7245_(MinecraftServer.java:747) ~[server-1.20.1-20230612.114412-srg.jar%23201!/:?]
	at net.minecraft.util.thread.BlockableEventLoop.m_18699_(BlockableEventLoop.java:115) ~[server-1.20.1-20230612.114412-srg.jar%23201!/:?]
	at net.minecraft.server.MinecraftServer.m_130012_(MinecraftServer.java:732) ~[server-1.20.1-20230612.114412-srg.jar%23201!/:?]
	at net.minecraft.server.MinecraftServer.m_130011_(MinecraftServer.java:665) ~[server-1.20.1-20230612.114412-srg.jar%23201!/:?]
	at net.minecraft.server.MinecraftServer.m_206580_(MinecraftServer.java:251) ~[server-1.20.1-20230612.114412-srg.jar%23201!/:?]
	at java.lang.Thread.run(Thread.java:840) ~[?:?]
[23Feb2025 22:29:05.773] [Server thread/ERROR] [net.minecraftforge.eventbus.EventBus/EVENTBUS]: Exception caught during firing event: Cannot invoke "net.minecraft.world.entity.Entity.m_20206_()" because "entityHeld" is null
	Index: 3
	Listeners:
		0: HIGHEST
		1: ASM: class ovh.corail.tombstone.event.EventHandler onPlayerInteractEntity(Lnet/minecraftforge/event/entity/player/PlayerInteractEvent$EntityInteract;)V
		2: HIGH
		3: ASM: class tschipp.carryon.events.CommonEvents onEntityRightClick(Lnet/minecraftforge/event/entity/player/PlayerInteractEvent$EntityInteract;)V
		4: ASM: team.creative.playerrevive.server.ReviveEventServer@7ce51f3b playerInteract(Lnet/minecraftforge/event/entity/player/PlayerInteractEvent$EntityInteract;)V
		5: NORMAL
		6: ASM: com.bobmowzie.mowziesmobs.server.ServerEventHandler@13b44b18 onPlayerInteract(Lnet/minecraftforge/event/entity/player/PlayerInteractEvent$EntityInteract;)V
		7: ASM: com.bobmowzie.mowziesmobs.server.ability.AbilityCommonEventHandler@2a537c9d onPlayerRightClickEntity(Lnet/minecraftforge/event/entity/player/PlayerInteractEvent$EntityInteract;)V
		8: ASM: com.github.alexthe666.alexsmobs.event.ServerEvents@1ff643a9 onInteractWithEntity(Lnet/minecraftforge/event/entity/player/PlayerInteractEvent$EntityInteract;)V
		9: net.minecraftforge.eventbus.EventBus$$Lambda$4242/0x0000756618afea18@3d39c376
		10: net.minecraftforge.eventbus.EventBus$$Lambda$4242/0x0000756618afea18@47ae86cb
		11: ASM: class tictim.paraglider.forge.event.ParagliderEventHandler onPlayerInteract(Lnet/minecraftforge/event/entity/player/PlayerInteractEvent;)V
java.lang.NullPointerException: Cannot invoke "net.minecraft.world.entity.Entity.m_20206_()" because "entityHeld" is null
	at TRANSFORMER/carryon@2.1.2.7/tschipp.carryon.common.carry.PlacementHandler.tryStackEntity(PlacementHandler.java:199)
	at TRANSFORMER/carryon@2.1.2.7/tschipp.carryon.events.CommonEvents.onEntityRightClick(CommonEvents.java:124)
	at TRANSFORMER/carryon@2.1.2.7/tschipp.carryon.events.__CommonEvents_onEntityRightClick_EntityInteract.invoke(.dynamic)
	at MC-BOOTSTRAP/net.minecraftforge.eventbus/net.minecraftforge.eventbus.ASMEventHandler.invoke(ASMEventHandler.java:73)
	at MC-BOOTSTRAP/net.minecraftforge.eventbus/net.minecraftforge.eventbus.EventBus.post(EventBus.java:315)
	at MC-BOOTSTRAP/net.minecraftforge.eventbus/net.minecraftforge.eventbus.EventBus.post(EventBus.java:296)
	at TRANSFORMER/forge@47.3.7/net.minecraftforge.common.ForgeHooks.onInteractEntity(ForgeHooks.java:764)
	at TRANSFORMER/minecraft@1.20.1/net.minecraft.world.entity.player.Player.m_36157_(Player.java:975)
	at TRANSFORMER/minecraft@1.20.1/net.minecraft.server.network.ServerGamePacketListenerImpl$1.m_143678_(ServerGamePacketListenerImpl.java:1460)
	at TRANSFORMER/minecraft@1.20.1/net.minecraft.server.network.ServerGamePacketListenerImpl$1.m_142299_(ServerGamePacketListenerImpl.java:1472)
	at TRANSFORMER/minecraft@1.20.1/net.minecraft.network.protocol.game.ServerboundInteractPacket$InteractionAction.m_142457_(ServerboundInteractPacket.java:116)
	at TRANSFORMER/minecraft@1.20.1/net.minecraft.network.protocol.game.ServerboundInteractPacket.m_179617_(ServerboundInteractPacket.java:66)
	at TRANSFORMER/minecraft@1.20.1/net.minecraft.server.network.ServerGamePacketListenerImpl.m_6946_(ServerGamePacketListenerImpl.java:1455)
	at TRANSFORMER/minecraft@1.20.1/net.minecraft.network.protocol.game.ServerboundInteractPacket.m_5797_(ServerboundInteractPacket.java:53)
	at TRANSFORMER/minecraft@1.20.1/net.minecraft.network.protocol.game.ServerboundInteractPacket.m_5797_(ServerboundInteractPacket.java:13)
	at TRANSFORMER/minecraft@1.20.1/net.minecraft.network.protocol.PacketUtils.m_263899_(PacketUtils.java:22)
	at TRANSFORMER/minecraft@1.20.1/net.minecraft.server.TickTask.run(TickTask.java:18)
	at TRANSFORMER/minecraft@1.20.1/net.minecraft.util.thread.BlockableEventLoop.m_6367_(BlockableEventLoop.java:156)
	at TRANSFORMER/minecraft@1.20.1/net.minecraft.util.thread.ReentrantBlockableEventLoop.m_6367_(ReentrantBlockableEventLoop.java:23)
	at TRANSFORMER/minecraft@1.20.1/net.minecraft.server.MinecraftServer.m_6367_(MinecraftServer.java:770)
	at TRANSFORMER/minecraft@1.20.1/net.minecraft.server.MinecraftServer.m_6367_(MinecraftServer.java:161)
	at TRANSFORMER/minecraft@1.20.1/net.minecraft.util.thread.BlockableEventLoop.m_7245_(BlockableEventLoop.java:130)
	at TRANSFORMER/minecraft@1.20.1/net.minecraft.server.MinecraftServer.m_129961_(MinecraftServer.java:753)
	at TRANSFORMER/minecraft@1.20.1/net.minecraft.server.MinecraftServer.m_7245_(MinecraftServer.java:747)
	at TRANSFORMER/minecraft@1.20.1/net.minecraft.util.thread.BlockableEventLoop.m_18701_(BlockableEventLoop.java:139)
	at TRANSFORMER/minecraft@1.20.1/net.minecraft.server.MinecraftServer.m_130012_(MinecraftServer.java:733)
	at TRANSFORMER/minecraft@1.20.1/net.minecraft.server.MinecraftServer.m_130011_(MinecraftServer.java:665)
	at TRANSFORMER/minecraft@1.20.1/net.minecraft.server.MinecraftServer.m_206580_(MinecraftServer.java:251)
	at java.base/java.lang.Thread.run(Thread.java:840)

[23Feb2025 22:29:05.774] [Server thread/ERROR] [net.minecraft.network.protocol.PacketUtils/]: Failed to handle packet net.minecraft.network.protocol.game.ServerboundInteractPacket@27be4b7e, suppressing error
java.lang.NullPointerException: Cannot invoke "net.minecraft.world.entity.Entity.m_20206_()" because "entityHeld" is null
	at tschipp.carryon.common.carry.PlacementHandler.tryStackEntity(PlacementHandler.java:199) ~[carryon-forge-1.20.1-2.1.2.7.jar%23156!/:2.1.2.7]
	at tschipp.carryon.events.CommonEvents.onEntityRightClick(CommonEvents.java:124) ~[carryon-forge-1.20.1-2.1.2.7.jar%23156!/:2.1.2.7]
	at tschipp.carryon.events.__CommonEvents_onEntityRightClick_EntityInteract.invoke(.dynamic) ~[carryon-forge-1.20.1-2.1.2.7.jar%23156!/:2.1.2.7]
	at net.minecraftforge.eventbus.ASMEventHandler.invoke(ASMEventHandler.java:73) ~[eventbus-6.0.5.jar%2352!/:?]
	at net.minecraftforge.eventbus.EventBus.post(EventBus.java:315) ~[eventbus-6.0.5.jar%2352!/:?]
	at net.minecraftforge.eventbus.EventBus.post(EventBus.java:296) ~[eventbus-6.0.5.jar%2352!/:?]
	at net.minecraftforge.common.ForgeHooks.onInteractEntity(ForgeHooks.java:764) ~[forge-1.20.1-47.3.7-universal.jar%23206!/:?]
	at net.minecraft.world.entity.player.Player.m_36157_(Player.java:975) ~[server-1.20.1-20230612.114412-srg.jar%23201!/:?]
	at net.minecraft.server.network.ServerGamePacketListenerImpl$1.m_143678_(ServerGamePacketListenerImpl.java:1460) ~[server-1.20.1-20230612.114412-srg.jar%23201!/:?]
	at net.minecraft.server.network.ServerGamePacketListenerImpl$1.m_142299_(ServerGamePacketListenerImpl.java:1472) ~[server-1.20.1-20230612.114412-srg.jar%23201!/:?]
	at net.minecraft.network.protocol.game.ServerboundInteractPacket$InteractionAction.m_142457_(ServerboundInteractPacket.java:116) ~[server-1.20.1-20230612.114412-srg.jar%23201!/:?]
	at net.minecraft.network.protocol.game.ServerboundInteractPacket.m_179617_(ServerboundInteractPacket.java:66) ~[server-1.20.1-20230612.114412-srg.jar%23201!/:?]
	at net.minecraft.server.network.ServerGamePacketListenerImpl.m_6946_(ServerGamePacketListenerImpl.java:1455) ~[server-1.20.1-20230612.114412-srg.jar%23201!/:?]
	at net.minecraft.network.protocol.game.ServerboundInteractPacket.m_5797_(ServerboundInteractPacket.java:53) ~[server-1.20.1-20230612.114412-srg.jar%23201!/:?]
	at net.minecraft.network.protocol.game.ServerboundInteractPacket.m_5797_(ServerboundInteractPacket.java:13) ~[server-1.20.1-20230612.114412-srg.jar%23201!/:?]
	at net.minecraft.network.protocol.PacketUtils.m_263899_(PacketUtils.java:22) ~[server-1.20.1-20230612.114412-srg.jar%23201!/:?]
	at net.minecraft.server.TickTask.run(TickTask.java:18) ~[server-1.20.1-20230612.114412-srg.jar%23201!/:?]
	at net.minecraft.util.thread.BlockableEventLoop.m_6367_(BlockableEventLoop.java:156) ~[server-1.20.1-20230612.114412-srg.jar%23201!/:?]
	at net.minecraft.util.thread.ReentrantBlockableEventLoop.m_6367_(ReentrantBlockableEventLoop.java:23) ~[server-1.20.1-20230612.114412-srg.jar%23201!/:?]
	at net.minecraft.server.MinecraftServer.m_6367_(MinecraftServer.java:770) ~[server-1.20.1-20230612.114412-srg.jar%23201!/:?]
	at net.minecraft.server.MinecraftServer.m_6367_(MinecraftServer.java:161) ~[server-1.20.1-20230612.114412-srg.jar%23201!/:?]
	at net.minecraft.util.thread.BlockableEventLoop.m_7245_(BlockableEventLoop.java:130) ~[server-1.20.1-20230612.114412-srg.jar%23201!/:?]
	at net.minecraft.server.MinecraftServer.m_129961_(MinecraftServer.java:753) ~[server-1.20.1-20230612.114412-srg.jar%23201!/:?]
	at net.minecraft.server.MinecraftServer.m_7245_(MinecraftServer.java:747) ~[server-1.20.1-20230612.114412-srg.jar%23201!/:?]
	at net.minecraft.util.thread.BlockableEventLoop.m_18701_(BlockableEventLoop.java:139) ~[server-1.20.1-20230612.114412-srg.jar%23201!/:?]
	at net.minecraft.server.MinecraftServer.m_130012_(MinecraftServer.java:733) ~[server-1.20.1-20230612.114412-srg.jar%23201!/:?]
	at net.minecraft.server.MinecraftServer.m_130011_(MinecraftServer.java:665) ~[server-1.20.1-20230612.114412-srg.jar%23201!/:?]
	at net.minecraft.server.MinecraftServer.m_206580_(MinecraftServer.java:251) ~[server-1.20.1-20230612.114412-srg.jar%23201!/:?]
	at java.lang.Thread.run(Thread.java:840) ~[?:?]
[23Feb2025 22:29:06.114] [Server thread/ERROR] [net.minecraftforge.eventbus.EventBus/EVENTBUS]: Exception caught during firing event: Cannot invoke "net.minecraft.world.entity.Entity.m_20206_()" because "entityHeld" is null
	Index: 3
	Listeners:
		0: HIGHEST
		1: ASM: class ovh.corail.tombstone.event.EventHandler onPlayerInteractEntity(Lnet/minecraftforge/event/entity/player/PlayerInteractEvent$EntityInteract;)V
		2: HIGH
		3: ASM: class tschipp.carryon.events.CommonEvents onEntityRightClick(Lnet/minecraftforge/event/entity/player/PlayerInteractEvent$EntityInteract;)V
		4: ASM: team.creative.playerrevive.server.ReviveEventServer@7ce51f3b playerInteract(Lnet/minecraftforge/event/entity/player/PlayerInteractEvent$EntityInteract;)V
		5: NORMAL
		6: ASM: com.bobmowzie.mowziesmobs.server.ServerEventHandler@13b44b18 onPlayerInteract(Lnet/minecraftforge/event/entity/player/PlayerInteractEvent$EntityInteract;)V
		7: ASM: com.bobmowzie.mowziesmobs.server.ability.AbilityCommonEventHandler@2a537c9d onPlayerRightClickEntity(Lnet/minecraftforge/event/entity/player/PlayerInteractEvent$EntityInteract;)V
		8: ASM: com.github.alexthe666.alexsmobs.event.ServerEvents@1ff643a9 onInteractWithEntity(Lnet/minecraftforge/event/entity/player/PlayerInteractEvent$EntityInteract;)V
		9: net.minecraftforge.eventbus.EventBus$$Lambda$4242/0x0000756618afea18@3d39c376
		10: net.minecraftforge.eventbus.EventBus$$Lambda$4242/0x0000756618afea18@47ae86cb
		11: ASM: class tictim.paraglider.forge.event.ParagliderEventHandler onPlayerInteract(Lnet/minecraftforge/event/entity/player/PlayerInteractEvent;)V
java.lang.NullPointerException: Cannot invoke "net.minecraft.world.entity.Entity.m_20206_()" because "entityHeld" is null
	at TRANSFORMER/carryon@2.1.2.7/tschipp.carryon.common.carry.PlacementHandler.tryStackEntity(PlacementHandler.java:199)
	at TRANSFORMER/carryon@2.1.2.7/tschipp.carryon.events.CommonEvents.onEntityRightClick(CommonEvents.java:124)
	at TRANSFORMER/carryon@2.1.2.7/tschipp.carryon.events.__CommonEvents_onEntityRightClick_EntityInteract.invoke(.dynamic)
	at MC-BOOTSTRAP/net.minecraftforge.eventbus/net.minecraftforge.eventbus.ASMEventHandler.invoke(ASMEventHandler.java:73)
	at MC-BOOTSTRAP/net.minecraftforge.eventbus/net.minecraftforge.eventbus.EventBus.post(EventBus.java:315)
	at MC-BOOTSTRAP/net.minecraftforge.eventbus/net.minecraftforge.eventbus.EventBus.post(EventBus.java:296)
	at TRANSFORMER/forge@47.3.7/net.minecraftforge.common.ForgeHooks.onInteractEntity(ForgeHooks.java:764)
	at TRANSFORMER/minecraft@1.20.1/net.minecraft.world.entity.player.Player.m_36157_(Player.java:975)
	at TRANSFORMER/minecraft@1.20.1/net.minecraft.server.network.ServerGamePacketListenerImpl$1.m_143678_(ServerGamePacketListenerImpl.java:1460)
	at TRANSFORMER/minecraft@1.20.1/net.minecraft.server.network.ServerGamePacketListenerImpl$1.m_142299_(ServerGamePacketListenerImpl.java:1472)
	at TRANSFORMER/minecraft@1.20.1/net.minecraft.network.protocol.game.ServerboundInteractPacket$InteractionAction.m_142457_(ServerboundInteractPacket.java:116)
	at TRANSFORMER/minecraft@1.20.1/net.minecraft.network.protocol.game.ServerboundInteractPacket.m_179617_(ServerboundInteractPacket.java:66)
	at TRANSFORMER/minecraft@1.20.1/net.minecraft.server.network.ServerGamePacketListenerImpl.m_6946_(ServerGamePacketListenerImpl.java:1455)
	at TRANSFORMER/minecraft@1.20.1/net.minecraft.network.protocol.game.ServerboundInteractPacket.m_5797_(ServerboundInteractPacket.java:53)
	at TRANSFORMER/minecraft@1.20.1/net.minecraft.network.protocol.game.ServerboundInteractPacket.m_5797_(ServerboundInteractPacket.java:13)
	at TRANSFORMER/minecraft@1.20.1/net.minecraft.network.protocol.PacketUtils.m_263899_(PacketUtils.java:22)
	at TRANSFORMER/minecraft@1.20.1/net.minecraft.server.TickTask.run(TickTask.java:18)
	at TRANSFORMER/minecraft@1.20.1/net.minecraft.util.thread.BlockableEventLoop.m_6367_(BlockableEventLoop.java:156)
	at TRANSFORMER/minecraft@1.20.1/net.minecraft.util.thread.ReentrantBlockableEventLoop.m_6367_(ReentrantBlockableEventLoop.java:23)
	at TRANSFORMER/minecraft@1.20.1/net.minecraft.server.MinecraftServer.m_6367_(MinecraftServer.java:770)
	at TRANSFORMER/minecraft@1.20.1/net.minecraft.server.MinecraftServer.m_6367_(MinecraftServer.java:161)
	at TRANSFORMER/minecraft@1.20.1/net.minecraft.util.thread.BlockableEventLoop.m_7245_(BlockableEventLoop.java:130)
	at TRANSFORMER/minecraft@1.20.1/net.minecraft.server.MinecraftServer.m_129961_(MinecraftServer.java:753)
	at TRANSFORMER/minecraft@1.20.1/net.minecraft.server.MinecraftServer.m_7245_(MinecraftServer.java:747)
	at TRANSFORMER/minecraft@1.20.1/net.minecraft.util.thread.BlockableEventLoop.m_18699_(BlockableEventLoop.java:115)
	at TRANSFORMER/minecraft@1.20.1/net.minecraft.server.MinecraftServer.m_130012_(MinecraftServer.java:732)
	at TRANSFORMER/minecraft@1.20.1/net.minecraft.server.MinecraftServer.m_130011_(MinecraftServer.java:665)
	at TRANSFORMER/minecraft@1.20.1/net.minecraft.server.MinecraftServer.m_206580_(MinecraftServer.java:251)
	at java.base/java.lang.Thread.run(Thread.java:840)

[23Feb2025 22:29:06.115] [Server thread/ERROR] [net.minecraft.network.protocol.PacketUtils/]: Failed to handle packet net.minecraft.network.protocol.game.ServerboundInteractPacket@4a089d5f, suppressing error
java.lang.NullPointerException: Cannot invoke "net.minecraft.world.entity.Entity.m_20206_()" because "entityHeld" is null
	at tschipp.carryon.common.carry.PlacementHandler.tryStackEntity(PlacementHandler.java:199) ~[carryon-forge-1.20.1-2.1.2.7.jar%23156!/:2.1.2.7]
	at tschipp.carryon.events.CommonEvents.onEntityRightClick(CommonEvents.java:124) ~[carryon-forge-1.20.1-2.1.2.7.jar%23156!/:2.1.2.7]
	at tschipp.carryon.events.__CommonEvents_onEntityRightClick_EntityInteract.invoke(.dynamic) ~[carryon-forge-1.20.1-2.1.2.7.jar%23156!/:2.1.2.7]
	at net.minecraftforge.eventbus.ASMEventHandler.invoke(ASMEventHandler.java:73) ~[eventbus-6.0.5.jar%2352!/:?]
	at net.minecraftforge.eventbus.EventBus.post(EventBus.java:315) ~[eventbus-6.0.5.jar%2352!/:?]
	at net.minecraftforge.eventbus.EventBus.post(EventBus.java:296) ~[eventbus-6.0.5.jar%2352!/:?]
	at net.minecraftforge.common.ForgeHooks.onInteractEntity(ForgeHooks.java:764) ~[forge-1.20.1-47.3.7-universal.jar%23206!/:?]
	at net.minecraft.world.entity.player.Player.m_36157_(Player.java:975) ~[server-1.20.1-20230612.114412-srg.jar%23201!/:?]
	at net.minecraft.server.network.ServerGamePacketListenerImpl$1.m_143678_(ServerGamePacketListenerImpl.java:1460) ~[server-1.20.1-20230612.114412-srg.jar%23201!/:?]
	at net.minecraft.server.network.ServerGamePacketListenerImpl$1.m_142299_(ServerGamePacketListenerImpl.java:1472) ~[server-1.20.1-20230612.114412-srg.jar%23201!/:?]
	at net.minecraft.network.protocol.game.ServerboundInteractPacket$InteractionAction.m_142457_(ServerboundInteractPacket.java:116) ~[server-1.20.1-20230612.114412-srg.jar%23201!/:?]
	at net.minecraft.network.protocol.game.ServerboundInteractPacket.m_179617_(ServerboundInteractPacket.java:66) ~[server-1.20.1-20230612.114412-srg.jar%23201!/:?]
	at net.minecraft.server.network.ServerGamePacketListenerImpl.m_6946_(ServerGamePacketListenerImpl.java:1455) ~[server-1.20.1-20230612.114412-srg.jar%23201!/:?]
	at net.minecraft.network.protocol.game.ServerboundInteractPacket.m_5797_(ServerboundInteractPacket.java:53) ~[server-1.20.1-20230612.114412-srg.jar%23201!/:?]
	at net.minecraft.network.protocol.game.ServerboundInteractPacket.m_5797_(ServerboundInteractPacket.java:13) ~[server-1.20.1-20230612.114412-srg.jar%23201!/:?]
	at net.minecraft.network.protocol.PacketUtils.m_263899_(PacketUtils.java:22) ~[server-1.20.1-20230612.114412-srg.jar%23201!/:?]
	at net.minecraft.server.TickTask.run(TickTask.java:18) ~[server-1.20.1-20230612.114412-srg.jar%23201!/:?]
	at net.minecraft.util.thread.BlockableEventLoop.m_6367_(BlockableEventLoop.java:156) ~[server-1.20.1-20230612.114412-srg.jar%23201!/:?]
	at net.minecraft.util.thread.ReentrantBlockableEventLoop.m_6367_(ReentrantBlockableEventLoop.java:23) ~[server-1.20.1-20230612.114412-srg.jar%23201!/:?]
	at net.minecraft.server.MinecraftServer.m_6367_(MinecraftServer.java:770) ~[server-1.20.1-20230612.114412-srg.jar%23201!/:?]
	at net.minecraft.server.MinecraftServer.m_6367_(MinecraftServer.java:161) ~[server-1.20.1-20230612.114412-srg.jar%23201!/:?]
	at net.minecraft.util.thread.BlockableEventLoop.m_7245_(BlockableEventLoop.java:130) ~[server-1.20.1-20230612.114412-srg.jar%23201!/:?]
	at net.minecraft.server.MinecraftServer.m_129961_(MinecraftServer.java:753) ~[server-1.20.1-20230612.114412-srg.jar%23201!/:?]
	at net.minecraft.server.MinecraftServer.m_7245_(MinecraftServer.java:747) ~[server-1.20.1-20230612.114412-srg.jar%23201!/:?]
	at net.minecraft.util.thread.BlockableEventLoop.m_18699_(BlockableEventLoop.java:115) ~[server-1.20.1-20230612.114412-srg.jar%23201!/:?]
	at net.minecraft.server.MinecraftServer.m_130012_(MinecraftServer.java:732) ~[server-1.20.1-20230612.114412-srg.jar%23201!/:?]
	at net.minecraft.server.MinecraftServer.m_130011_(MinecraftServer.java:665) ~[server-1.20.1-20230612.114412-srg.jar%23201!/:?]
	at net.minecraft.server.MinecraftServer.m_206580_(MinecraftServer.java:251) ~[server-1.20.1-20230612.114412-srg.jar%23201!/:?]
	at java.lang.Thread.run(Thread.java:840) ~[?:?]
[23Feb2025 22:29:08.010] [Server thread/ERROR] [net.minecraftforge.eventbus.EventBus/EVENTBUS]: Exception caught during firing event: Cannot invoke "net.minecraft.world.entity.Entity.m_20206_()" because "entityHeld" is null
	Index: 3
	Listeners:
		0: HIGHEST
		1: ASM: class ovh.corail.tombstone.event.EventHandler onPlayerInteractEntity(Lnet/minecraftforge/event/entity/player/PlayerInteractEvent$EntityInteract;)V
		2: HIGH
		3: ASM: class tschipp.carryon.events.CommonEvents onEntityRightClick(Lnet/minecraftforge/event/entity/player/PlayerInteractEvent$EntityInteract;)V
		4: ASM: team.creative.playerrevive.server.ReviveEventServer@7ce51f3b playerInteract(Lnet/minecraftforge/event/entity/player/PlayerInteractEvent$EntityInteract;)V
		5: NORMAL
		6: ASM: com.bobmowzie.mowziesmobs.server.ServerEventHandler@13b44b18 onPlayerInteract(Lnet/minecraftforge/event/entity/player/PlayerInteractEvent$EntityInteract;)V
		7: ASM: com.bobmowzie.mowziesmobs.server.ability.AbilityCommonEventHandler@2a537c9d onPlayerRightClickEntity(Lnet/minecraftforge/event/entity/player/PlayerInteractEvent$EntityInteract;)V
		8: ASM: com.github.alexthe666.alexsmobs.event.ServerEvents@1ff643a9 onInteractWithEntity(Lnet/minecraftforge/event/entity/player/PlayerInteractEvent$EntityInteract;)V
		9: net.minecraftforge.eventbus.EventBus$$Lambda$4242/0x0000756618afea18@3d39c376
		10: net.minecraftforge.eventbus.EventBus$$Lambda$4242/0x0000756618afea18@47ae86cb
		11: ASM: class tictim.paraglider.forge.event.ParagliderEventHandler onPlayerInteract(Lnet/minecraftforge/event/entity/player/PlayerInteractEvent;)V
java.lang.NullPointerException: Cannot invoke "net.minecraft.world.entity.Entity.m_20206_()" because "entityHeld" is null
	at TRANSFORMER/carryon@2.1.2.7/tschipp.carryon.common.carry.PlacementHandler.tryStackEntity(PlacementHandler.java:199)
	at TRANSFORMER/carryon@2.1.2.7/tschipp.carryon.events.CommonEvents.onEntityRightClick(CommonEvents.java:124)
	at TRANSFORMER/carryon@2.1.2.7/tschipp.carryon.events.__CommonEvents_onEntityRightClick_EntityInteract.invoke(.dynamic)
	at MC-BOOTSTRAP/net.minecraftforge.eventbus/net.minecraftforge.eventbus.ASMEventHandler.invoke(ASMEventHandler.java:73)
	at MC-BOOTSTRAP/net.minecraftforge.eventbus/net.minecraftforge.eventbus.EventBus.post(EventBus.java:315)
	at MC-BOOTSTRAP/net.minecraftforge.eventbus/net.minecraftforge.eventbus.EventBus.post(EventBus.java:296)
	at TRANSFORMER/forge@47.3.7/net.minecraftforge.common.ForgeHooks.onInteractEntity(ForgeHooks.java:764)
	at TRANSFORMER/minecraft@1.20.1/net.minecraft.world.entity.player.Player.m_36157_(Player.java:975)
	at TRANSFORMER/minecraft@1.20.1/net.minecraft.server.network.ServerGamePacketListenerImpl$1.m_143678_(ServerGamePacketListenerImpl.java:1460)
	at TRANSFORMER/minecraft@1.20.1/net.minecraft.server.network.ServerGamePacketListenerImpl$1.m_142299_(ServerGamePacketListenerImpl.java:1472)
	at TRANSFORMER/minecraft@1.20.1/net.minecraft.network.protocol.game.ServerboundInteractPacket$InteractionAction.m_142457_(ServerboundInteractPacket.java:116)
	at TRANSFORMER/minecraft@1.20.1/net.minecraft.network.protocol.game.ServerboundInteractPacket.m_179617_(ServerboundInteractPacket.java:66)
	at TRANSFORMER/minecraft@1.20.1/net.minecraft.server.network.ServerGamePacketListenerImpl.m_6946_(ServerGamePacketListenerImpl.java:1455)
	at TRANSFORMER/minecraft@1.20.1/net.minecraft.network.protocol.game.ServerboundInteractPacket.m_5797_(ServerboundInteractPacket.java:53)
	at TRANSFORMER/minecraft@1.20.1/net.minecraft.network.protocol.game.ServerboundInteractPacket.m_5797_(ServerboundInteractPacket.java:13)
	at TRANSFORMER/minecraft@1.20.1/net.minecraft.network.protocol.PacketUtils.m_263899_(PacketUtils.java:22)
	at TRANSFORMER/minecraft@1.20.1/net.minecraft.server.TickTask.run(TickTask.java:18)
	at TRANSFORMER/minecraft@1.20.1/net.minecraft.util.thread.BlockableEventLoop.m_6367_(BlockableEventLoop.java:156)
	at TRANSFORMER/minecraft@1.20.1/net.minecraft.util.thread.ReentrantBlockableEventLoop.m_6367_(ReentrantBlockableEventLoop.java:23)
	at TRANSFORMER/minecraft@1.20.1/net.minecraft.server.MinecraftServer.m_6367_(MinecraftServer.java:770)
	at TRANSFORMER/minecraft@1.20.1/net.minecraft.server.MinecraftServer.m_6367_(MinecraftServer.java:161)
	at TRANSFORMER/minecraft@1.20.1/net.minecraft.util.thread.BlockableEventLoop.m_7245_(BlockableEventLoop.java:130)
	at TRANSFORMER/minecraft@1.20.1/net.minecraft.server.MinecraftServer.m_129961_(MinecraftServer.java:753)
	at TRANSFORMER/minecraft@1.20.1/net.minecraft.server.MinecraftServer.m_7245_(MinecraftServer.java:747)
	at TRANSFORMER/minecraft@1.20.1/net.minecraft.util.thread.BlockableEventLoop.m_18699_(BlockableEventLoop.java:115)
	at TRANSFORMER/minecraft@1.20.1/net.minecraft.server.MinecraftServer.m_130012_(MinecraftServer.java:732)
	at TRANSFORMER/minecraft@1.20.1/net.minecraft.server.MinecraftServer.m_130011_(MinecraftServer.java:665)
	at TRANSFORMER/minecraft@1.20.1/net.minecraft.server.MinecraftServer.m_206580_(MinecraftServer.java:251)
	at java.base/java.lang.Thread.run(Thread.java:840)

[23Feb2025 22:29:08.011] [Server thread/ERROR] [net.minecraft.network.protocol.PacketUtils/]: Failed to handle packet net.minecraft.network.protocol.game.ServerboundInteractPacket@7d91689d, suppressing error
java.lang.NullPointerException: Cannot invoke "net.minecraft.world.entity.Entity.m_20206_()" because "entityHeld" is null
	at tschipp.carryon.common.carry.PlacementHandler.tryStackEntity(PlacementHandler.java:199) ~[carryon-forge-1.20.1-2.1.2.7.jar%23156!/:2.1.2.7]
	at tschipp.carryon.events.CommonEvents.onEntityRightClick(CommonEvents.java:124) ~[carryon-forge-1.20.1-2.1.2.7.jar%23156!/:2.1.2.7]
	at tschipp.carryon.events.__CommonEvents_onEntityRightClick_EntityInteract.invoke(.dynamic) ~[carryon-forge-1.20.1-2.1.2.7.jar%23156!/:2.1.2.7]
	at net.minecraftforge.eventbus.ASMEventHandler.invoke(ASMEventHandler.java:73) ~[eventbus-6.0.5.jar%2352!/:?]
	at net.minecraftforge.eventbus.EventBus.post(EventBus.java:315) ~[eventbus-6.0.5.jar%2352!/:?]
	at net.minecraftforge.eventbus.EventBus.post(EventBus.java:296) ~[eventbus-6.0.5.jar%2352!/:?]
	at net.minecraftforge.common.ForgeHooks.onInteractEntity(ForgeHooks.java:764) ~[forge-1.20.1-47.3.7-universal.jar%23206!/:?]
	at net.minecraft.world.entity.player.Player.m_36157_(Player.java:975) ~[server-1.20.1-20230612.114412-srg.jar%23201!/:?]
	at net.minecraft.server.network.ServerGamePacketListenerImpl$1.m_143678_(ServerGamePacketListenerImpl.java:1460) ~[server-1.20.1-20230612.114412-srg.jar%23201!/:?]
	at net.minecraft.server.network.ServerGamePacketListenerImpl$1.m_142299_(ServerGamePacketListenerImpl.java:1472) ~[server-1.20.1-20230612.114412-srg.jar%23201!/:?]
	at net.minecraft.network.protocol.game.ServerboundInteractPacket$InteractionAction.m_142457_(ServerboundInteractPacket.java:116) ~[server-1.20.1-20230612.114412-srg.jar%23201!/:?]
	at net.minecraft.network.protocol.game.ServerboundInteractPacket.m_179617_(ServerboundInteractPacket.java:66) ~[server-1.20.1-20230612.114412-srg.jar%23201!/:?]
	at net.minecraft.server.network.ServerGamePacketListenerImpl.m_6946_(ServerGamePacketListenerImpl.java:1455) ~[server-1.20.1-20230612.114412-srg.jar%23201!/:?]
	at net.minecraft.network.protocol.game.ServerboundInteractPacket.m_5797_(ServerboundInteractPacket.java:53) ~[server-1.20.1-20230612.114412-srg.jar%23201!/:?]
	at net.minecraft.network.protocol.game.ServerboundInteractPacket.m_5797_(ServerboundInteractPacket.java:13) ~[server-1.20.1-20230612.114412-srg.jar%23201!/:?]
	at net.minecraft.network.protocol.PacketUtils.m_263899_(PacketUtils.java:22) ~[server-1.20.1-20230612.114412-srg.jar%23201!/:?]
	at net.minecraft.server.TickTask.run(TickTask.java:18) ~[server-1.20.1-20230612.114412-srg.jar%23201!/:?]
	at net.minecraft.util.thread.BlockableEventLoop.m_6367_(BlockableEventLoop.java:156) ~[server-1.20.1-20230612.114412-srg.jar%23201!/:?]
	at net.minecraft.util.thread.ReentrantBlockableEventLoop.m_6367_(ReentrantBlockableEventLoop.java:23) ~[server-1.20.1-20230612.114412-srg.jar%23201!/:?]
	at net.minecraft.server.MinecraftServer.m_6367_(MinecraftServer.java:770) ~[server-1.20.1-20230612.114412-srg.jar%23201!/:?]
	at net.minecraft.server.MinecraftServer.m_6367_(MinecraftServer.java:161) ~[server-1.20.1-20230612.114412-srg.jar%23201!/:?]
	at net.minecraft.util.thread.BlockableEventLoop.m_7245_(BlockableEventLoop.java:130) ~[server-1.20.1-20230612.114412-srg.jar%23201!/:?]
	at net.minecraft.server.MinecraftServer.m_129961_(MinecraftServer.java:753) ~[server-1.20.1-20230612.114412-srg.jar%23201!/:?]
	at net.minecraft.server.MinecraftServer.m_7245_(MinecraftServer.java:747) ~[server-1.20.1-20230612.114412-srg.jar%23201!/:?]
	at net.minecraft.util.thread.BlockableEventLoop.m_18699_(BlockableEventLoop.java:115) ~[server-1.20.1-20230612.114412-srg.jar%23201!/:?]
	at net.minecraft.server.MinecraftServer.m_130012_(MinecraftServer.java:732) ~[server-1.20.1-20230612.114412-srg.jar%23201!/:?]
	at net.minecraft.server.MinecraftServer.m_130011_(MinecraftServer.java:665) ~[server-1.20.1-20230612.114412-srg.jar%23201!/:?]
	at net.minecraft.server.MinecraftServer.m_206580_(MinecraftServer.java:251) ~[server-1.20.1-20230612.114412-srg.jar%23201!/:?]
	at java.lang.Thread.run(Thread.java:840) ~[?:?]
[23Feb2025 22:29:08.012] [Server thread/ERROR] [net.minecraftforge.eventbus.EventBus/EVENTBUS]: Exception caught during firing event: Cannot invoke "net.minecraft.world.entity.Entity.m_20206_()" because "entityHeld" is null
	Index: 3
	Listeners:
		0: HIGHEST
		1: ASM: class ovh.corail.tombstone.event.EventHandler onPlayerInteractEntity(Lnet/minecraftforge/event/entity/player/PlayerInteractEvent$EntityInteract;)V
		2: HIGH
		3: ASM: class tschipp.carryon.events.CommonEvents onEntityRightClick(Lnet/minecraftforge/event/entity/player/PlayerInteractEvent$EntityInteract;)V
		4: ASM: team.creative.playerrevive.server.ReviveEventServer@7ce51f3b playerInteract(Lnet/minecraftforge/event/entity/player/PlayerInteractEvent$EntityInteract;)V
		5: NORMAL
		6: ASM: com.bobmowzie.mowziesmobs.server.ServerEventHandler@13b44b18 onPlayerInteract(Lnet/minecraftforge/event/entity/player/PlayerInteractEvent$EntityInteract;)V
		7: ASM: com.bobmowzie.mowziesmobs.server.ability.AbilityCommonEventHandler@2a537c9d onPlayerRightClickEntity(Lnet/minecraftforge/event/entity/player/PlayerInteractEvent$EntityInteract;)V
		8: ASM: com.github.alexthe666.alexsmobs.event.ServerEvents@1ff643a9 onInteractWithEntity(Lnet/minecraftforge/event/entity/player/PlayerInteractEvent$EntityInteract;)V
		9: net.minecraftforge.eventbus.EventBus$$Lambda$4242/0x0000756618afea18@3d39c376
		10: net.minecraftforge.eventbus.EventBus$$Lambda$4242/0x0000756618afea18@47ae86cb
		11: ASM: class tictim.paraglider.forge.event.ParagliderEventHandler onPlayerInteract(Lnet/minecraftforge/event/entity/player/PlayerInteractEvent;)V
java.lang.NullPointerException: Cannot invoke "net.minecraft.world.entity.Entity.m_20206_()" because "entityHeld" is null
	at TRANSFORMER/carryon@2.1.2.7/tschipp.carryon.common.carry.PlacementHandler.tryStackEntity(PlacementHandler.java:199)
	at TRANSFORMER/carryon@2.1.2.7/tschipp.carryon.events.CommonEvents.onEntityRightClick(CommonEvents.java:124)
	at TRANSFORMER/carryon@2.1.2.7/tschipp.carryon.events.__CommonEvents_onEntityRightClick_EntityInteract.invoke(.dynamic)
	at MC-BOOTSTRAP/net.minecraftforge.eventbus/net.minecraftforge.eventbus.ASMEventHandler.invoke(ASMEventHandler.java:73)
	at MC-BOOTSTRAP/net.minecraftforge.eventbus/net.minecraftforge.eventbus.EventBus.post(EventBus.java:315)
	at MC-BOOTSTRAP/net.minecraftforge.eventbus/net.minecraftforge.eventbus.EventBus.post(EventBus.java:296)
	at TRANSFORMER/forge@47.3.7/net.minecraftforge.common.ForgeHooks.onInteractEntity(ForgeHooks.java:764)
	at TRANSFORMER/minecraft@1.20.1/net.minecraft.world.entity.player.Player.m_36157_(Player.java:975)
	at TRANSFORMER/minecraft@1.20.1/net.minecraft.server.network.ServerGamePacketListenerImpl$1.m_143678_(ServerGamePacketListenerImpl.java:1460)
	at TRANSFORMER/minecraft@1.20.1/net.minecraft.server.network.ServerGamePacketListenerImpl$1.m_142299_(ServerGamePacketListenerImpl.java:1472)
	at TRANSFORMER/minecraft@1.20.1/net.minecraft.network.protocol.game.ServerboundInteractPacket$InteractionAction.m_142457_(ServerboundInteractPacket.java:116)
	at TRANSFORMER/minecraft@1.20.1/net.minecraft.network.protocol.game.ServerboundInteractPacket.m_179617_(ServerboundInteractPacket.java:66)
	at TRANSFORMER/minecraft@1.20.1/net.minecraft.server.network.ServerGamePacketListenerImpl.m_6946_(ServerGamePacketListenerImpl.java:1455)
	at TRANSFORMER/minecraft@1.20.1/net.minecraft.network.protocol.game.ServerboundInteractPacket.m_5797_(ServerboundInteractPacket.java:53)
	at TRANSFORMER/minecraft@1.20.1/net.minecraft.network.protocol.game.ServerboundInteractPacket.m_5797_(ServerboundInteractPacket.java:13)
	at TRANSFORMER/minecraft@1.20.1/net.minecraft.network.protocol.PacketUtils.m_263899_(PacketUtils.java:22)
	at TRANSFORMER/minecraft@1.20.1/net.minecraft.server.TickTask.run(TickTask.java:18)
	at TRANSFORMER/minecraft@1.20.1/net.minecraft.util.thread.BlockableEventLoop.m_6367_(BlockableEventLoop.java:156)
	at TRANSFORMER/minecraft@1.20.1/net.minecraft.util.thread.ReentrantBlockableEventLoop.m_6367_(ReentrantBlockableEventLoop.java:23)
	at TRANSFORMER/minecraft@1.20.1/net.minecraft.server.MinecraftServer.m_6367_(MinecraftServer.java:770)
	at TRANSFORMER/minecraft@1.20.1/net.minecraft.server.MinecraftServer.m_6367_(MinecraftServer.java:161)
	at TRANSFORMER/minecraft@1.20.1/net.minecraft.util.thread.BlockableEventLoop.m_7245_(BlockableEventLoop.java:130)
	at TRANSFORMER/minecraft@1.20.1/net.minecraft.server.MinecraftServer.m_129961_(MinecraftServer.java:753)
	at TRANSFORMER/minecraft@1.20.1/net.minecraft.server.MinecraftServer.m_7245_(MinecraftServer.java:747)
	at TRANSFORMER/minecraft@1.20.1/net.minecraft.util.thread.BlockableEventLoop.m_18699_(BlockableEventLoop.java:115)
	at TRANSFORMER/minecraft@1.20.1/net.minecraft.server.MinecraftServer.m_130012_(MinecraftServer.java:732)
	at TRANSFORMER/minecraft@1.20.1/net.minecraft.server.MinecraftServer.m_130011_(MinecraftServer.java:665)
	at TRANSFORMER/minecraft@1.20.1/net.minecraft.server.MinecraftServer.m_206580_(MinecraftServer.java:251)
	at java.base/java.lang.Thread.run(Thread.java:840)

[23Feb2025 22:29:08.013] [Server thread/ERROR] [net.minecraft.network.protocol.PacketUtils/]: Failed to handle packet net.minecraft.network.protocol.game.ServerboundInteractPacket@5e69f1df, suppressing error
java.lang.NullPointerException: Cannot invoke "net.minecraft.world.entity.Entity.m_20206_()" because "entityHeld" is null
	at tschipp.carryon.common.carry.PlacementHandler.tryStackEntity(PlacementHandler.java:199) ~[carryon-forge-1.20.1-2.1.2.7.jar%23156!/:2.1.2.7]
	at tschipp.carryon.events.CommonEvents.onEntityRightClick(CommonEvents.java:124) ~[carryon-forge-1.20.1-2.1.2.7.jar%23156!/:2.1.2.7]
	at tschipp.carryon.events.__CommonEvents_onEntityRightClick_EntityInteract.invoke(.dynamic) ~[carryon-forge-1.20.1-2.1.2.7.jar%23156!/:2.1.2.7]
	at net.minecraftforge.eventbus.ASMEventHandler.invoke(ASMEventHandler.java:73) ~[eventbus-6.0.5.jar%2352!/:?]
	at net.minecraftforge.eventbus.EventBus.post(EventBus.java:315) ~[eventbus-6.0.5.jar%2352!/:?]
	at net.minecraftforge.eventbus.EventBus.post(EventBus.java:296) ~[eventbus-6.0.5.jar%2352!/:?]
	at net.minecraftforge.common.ForgeHooks.onInteractEntity(ForgeHooks.java:764) ~[forge-1.20.1-47.3.7-universal.jar%23206!/:?]
	at net.minecraft.world.entity.player.Player.m_36157_(Player.java:975) ~[server-1.20.1-20230612.114412-srg.jar%23201!/:?]
	at net.minecraft.server.network.ServerGamePacketListenerImpl$1.m_143678_(ServerGamePacketListenerImpl.java:1460) ~[server-1.20.1-20230612.114412-srg.jar%23201!/:?]
	at net.minecraft.server.network.ServerGamePacketListenerImpl$1.m_142299_(ServerGamePacketListenerImpl.java:1472) ~[server-1.20.1-20230612.114412-srg.jar%23201!/:?]
	at net.minecraft.network.protocol.game.ServerboundInteractPacket$InteractionAction.m_142457_(ServerboundInteractPacket.java:116) ~[server-1.20.1-20230612.114412-srg.jar%23201!/:?]
	at net.minecraft.network.protocol.game.ServerboundInteractPacket.m_179617_(ServerboundInteractPacket.java:66) ~[server-1.20.1-20230612.114412-srg.jar%23201!/:?]
	at net.minecraft.server.network.ServerGamePacketListenerImpl.m_6946_(ServerGamePacketListenerImpl.java:1455) ~[server-1.20.1-20230612.114412-srg.jar%23201!/:?]
	at net.minecraft.network.protocol.game.ServerboundInteractPacket.m_5797_(ServerboundInteractPacket.java:53) ~[server-1.20.1-20230612.114412-srg.jar%23201!/:?]
	at net.minecraft.network.protocol.game.ServerboundInteractPacket.m_5797_(ServerboundInteractPacket.java:13) ~[server-1.20.1-20230612.114412-srg.jar%23201!/:?]
	at net.minecraft.network.protocol.PacketUtils.m_263899_(PacketUtils.java:22) ~[server-1.20.1-20230612.114412-srg.jar%23201!/:?]
	at net.minecraft.server.TickTask.run(TickTask.java:18) ~[server-1.20.1-20230612.114412-srg.jar%23201!/:?]
	at net.minecraft.util.thread.BlockableEventLoop.m_6367_(BlockableEventLoop.java:156) ~[server-1.20.1-20230612.114412-srg.jar%23201!/:?]
	at net.minecraft.util.thread.ReentrantBlockableEventLoop.m_6367_(ReentrantBlockableEventLoop.java:23) ~[server-1.20.1-20230612.114412-srg.jar%23201!/:?]
	at net.minecraft.server.MinecraftServer.m_6367_(MinecraftServer.java:770) ~[server-1.20.1-20230612.114412-srg.jar%23201!/:?]
	at net.minecraft.server.MinecraftServer.m_6367_(MinecraftServer.java:161) ~[server-1.20.1-20230612.114412-srg.jar%23201!/:?]
	at net.minecraft.util.thread.BlockableEventLoop.m_7245_(BlockableEventLoop.java:130) ~[server-1.20.1-20230612.114412-srg.jar%23201!/:?]
	at net.minecraft.server.MinecraftServer.m_129961_(MinecraftServer.java:753) ~[server-1.20.1-20230612.114412-srg.jar%23201!/:?]
	at net.minecraft.server.MinecraftServer.m_7245_(MinecraftServer.java:747) ~[server-1.20.1-20230612.114412-srg.jar%23201!/:?]
	at net.minecraft.util.thread.BlockableEventLoop.m_18699_(BlockableEventLoop.java:115) ~[server-1.20.1-20230612.114412-srg.jar%23201!/:?]
	at net.minecraft.server.MinecraftServer.m_130012_(MinecraftServer.java:732) ~[server-1.20.1-20230612.114412-srg.jar%23201!/:?]
	at net.minecraft.server.MinecraftServer.m_130011_(MinecraftServer.java:665) ~[server-1.20.1-20230612.114412-srg.jar%23201!/:?]
	at net.minecraft.server.MinecraftServer.m_206580_(MinecraftServer.java:251) ~[server-1.20.1-20230612.114412-srg.jar%23201!/:?]
	at java.lang.Thread.run(Thread.java:840) ~[?:?]
[23Feb2025 22:29:08.717] [Server thread/ERROR] [net.minecraftforge.eventbus.EventBus/EVENTBUS]: Exception caught during firing event: Cannot invoke "net.minecraft.world.entity.Entity.m_20206_()" because "entityHeld" is null
	Index: 3
	Listeners:
		0: HIGHEST
		1: ASM: class ovh.corail.tombstone.event.EventHandler onPlayerInteractEntity(Lnet/minecraftforge/event/entity/player/PlayerInteractEvent$EntityInteract;)V
		2: HIGH
		3: ASM: class tschipp.carryon.events.CommonEvents onEntityRightClick(Lnet/minecraftforge/event/entity/player/PlayerInteractEvent$EntityInteract;)V
		4: ASM: team.creative.playerrevive.server.ReviveEventServer@7ce51f3b playerInteract(Lnet/minecraftforge/event/entity/player/PlayerInteractEvent$EntityInteract;)V
		5: NORMAL
		6: ASM: com.bobmowzie.mowziesmobs.server.ServerEventHandler@13b44b18 onPlayerInteract(Lnet/minecraftforge/event/entity/player/PlayerInteractEvent$EntityInteract;)V
		7: ASM: com.bobmowzie.mowziesmobs.server.ability.AbilityCommonEventHandler@2a537c9d onPlayerRightClickEntity(Lnet/minecraftforge/event/entity/player/PlayerInteractEvent$EntityInteract;)V
		8: ASM: com.github.alexthe666.alexsmobs.event.ServerEvents@1ff643a9 onInteractWithEntity(Lnet/minecraftforge/event/entity/player/PlayerInteractEvent$EntityInteract;)V
		9: net.minecraftforge.eventbus.EventBus$$Lambda$4242/0x0000756618afea18@3d39c376
		10: net.minecraftforge.eventbus.EventBus$$Lambda$4242/0x0000756618afea18@47ae86cb
		11: ASM: class tictim.paraglider.forge.event.ParagliderEventHandler onPlayerInteract(Lnet/minecraftforge/event/entity/player/PlayerInteractEvent;)V
java.lang.NullPointerException: Cannot invoke "net.minecraft.world.entity.Entity.m_20206_()" because "entityHeld" is null
	at TRANSFORMER/carryon@2.1.2.7/tschipp.carryon.common.carry.PlacementHandler.tryStackEntity(PlacementHandler.java:199)
	at TRANSFORMER/carryon@2.1.2.7/tschipp.carryon.events.CommonEvents.onEntityRightClick(CommonEvents.java:124)
	at TRANSFORMER/carryon@2.1.2.7/tschipp.carryon.events.__CommonEvents_onEntityRightClick_EntityInteract.invoke(.dynamic)
	at MC-BOOTSTRAP/net.minecraftforge.eventbus/net.minecraftforge.eventbus.ASMEventHandler.invoke(ASMEventHandler.java:73)
	at MC-BOOTSTRAP/net.minecraftforge.eventbus/net.minecraftforge.eventbus.EventBus.post(EventBus.java:315)
	at MC-BOOTSTRAP/net.minecraftforge.eventbus/net.minecraftforge.eventbus.EventBus.post(EventBus.java:296)
	at TRANSFORMER/forge@47.3.7/net.minecraftforge.common.ForgeHooks.onInteractEntity(ForgeHooks.java:764)
	at TRANSFORMER/minecraft@1.20.1/net.minecraft.world.entity.player.Player.m_36157_(Player.java:975)
	at TRANSFORMER/minecraft@1.20.1/net.minecraft.server.network.ServerGamePacketListenerImpl$1.m_143678_(ServerGamePacketListenerImpl.java:1460)
	at TRANSFORMER/minecraft@1.20.1/net.minecraft.server.network.ServerGamePacketListenerImpl$1.m_142299_(ServerGamePacketListenerImpl.java:1472)
	at TRANSFORMER/minecraft@1.20.1/net.minecraft.network.protocol.game.ServerboundInteractPacket$InteractionAction.m_142457_(ServerboundInteractPacket.java:116)
	at TRANSFORMER/minecraft@1.20.1/net.minecraft.network.protocol.game.ServerboundInteractPacket.m_179617_(ServerboundInteractPacket.java:66)
	at TRANSFORMER/minecraft@1.20.1/net.minecraft.server.network.ServerGamePacketListenerImpl.m_6946_(ServerGamePacketListenerImpl.java:1455)
	at TRANSFORMER/minecraft@1.20.1/net.minecraft.network.protocol.game.ServerboundInteractPacket.m_5797_(ServerboundInteractPacket.java:53)
	at TRANSFORMER/minecraft@1.20.1/net.minecraft.network.protocol.game.ServerboundInteractPacket.m_5797_(ServerboundInteractPacket.java:13)
	at TRANSFORMER/minecraft@1.20.1/net.minecraft.network.protocol.PacketUtils.m_263899_(PacketUtils.java:22)
	at TRANSFORMER/minecraft@1.20.1/net.minecraft.server.TickTask.run(TickTask.java:18)
	at TRANSFORMER/minecraft@1.20.1/net.minecraft.util.thread.BlockableEventLoop.m_6367_(BlockableEventLoop.java:156)
	at TRANSFORMER/minecraft@1.20.1/net.minecraft.util.thread.ReentrantBlockableEventLoop.m_6367_(ReentrantBlockableEventLoop.java:23)
	at TRANSFORMER/minecraft@1.20.1/net.minecraft.server.MinecraftServer.m_6367_(MinecraftServer.java:770)
	at TRANSFORMER/minecraft@1.20.1/net.minecraft.server.MinecraftServer.m_6367_(MinecraftServer.java:161)
	at TRANSFORMER/minecraft@1.20.1/net.minecraft.util.thread.BlockableEventLoop.m_7245_(BlockableEventLoop.java:130)
	at TRANSFORMER/minecraft@1.20.1/net.minecraft.server.MinecraftServer.m_129961_(MinecraftServer.java:753)
	at TRANSFORMER/minecraft@1.20.1/net.minecraft.server.MinecraftServer.m_7245_(MinecraftServer.java:747)
	at TRANSFORMER/minecraft@1.20.1/net.minecraft.util.thread.BlockableEventLoop.m_18699_(BlockableEventLoop.java:115)
	at TRANSFORMER/minecraft@1.20.1/net.minecraft.server.MinecraftServer.m_130012_(MinecraftServer.java:732)
	at TRANSFORMER/minecraft@1.20.1/net.minecraft.server.MinecraftServer.m_130011_(MinecraftServer.java:665)
	at TRANSFORMER/minecraft@1.20.1/net.minecraft.server.MinecraftServer.m_206580_(MinecraftServer.java:251)
	at java.base/java.lang.Thread.run(Thread.java:840)

[23Feb2025 22:29:08.718] [Server thread/ERROR] [net.minecraft.network.protocol.PacketUtils/]: Failed to handle packet net.minecraft.network.protocol.game.ServerboundInteractPacket@6c3e418a, suppressing error
java.lang.NullPointerException: Cannot invoke "net.minecraft.world.entity.Entity.m_20206_()" because "entityHeld" is null
	at tschipp.carryon.common.carry.PlacementHandler.tryStackEntity(PlacementHandler.java:199) ~[carryon-forge-1.20.1-2.1.2.7.jar%23156!/:2.1.2.7]
	at tschipp.carryon.events.CommonEvents.onEntityRightClick(CommonEvents.java:124) ~[carryon-forge-1.20.1-2.1.2.7.jar%23156!/:2.1.2.7]
	at tschipp.carryon.events.__CommonEvents_onEntityRightClick_EntityInteract.invoke(.dynamic) ~[carryon-forge-1.20.1-2.1.2.7.jar%23156!/:2.1.2.7]
	at net.minecraftforge.eventbus.ASMEventHandler.invoke(ASMEventHandler.java:73) ~[eventbus-6.0.5.jar%2352!/:?]
	at net.minecraftforge.eventbus.EventBus.post(EventBus.java:315) ~[eventbus-6.0.5.jar%2352!/:?]
	at net.minecraftforge.eventbus.EventBus.post(EventBus.java:296) ~[eventbus-6.0.5.jar%2352!/:?]
	at net.minecraftforge.common.ForgeHooks.onInteractEntity(ForgeHooks.java:764) ~[forge-1.20.1-47.3.7-universal.jar%23206!/:?]
	at net.minecraft.world.entity.player.Player.m_36157_(Player.java:975) ~[server-1.20.1-20230612.114412-srg.jar%23201!/:?]
	at net.minecraft.server.network.ServerGamePacketListenerImpl$1.m_143678_(ServerGamePacketListenerImpl.java:1460) ~[server-1.20.1-20230612.114412-srg.jar%23201!/:?]
	at net.minecraft.server.network.ServerGamePacketListenerImpl$1.m_142299_(ServerGamePacketListenerImpl.java:1472) ~[server-1.20.1-20230612.114412-srg.jar%23201!/:?]
	at net.minecraft.network.protocol.game.ServerboundInteractPacket$InteractionAction.m_142457_(ServerboundInteractPacket.java:116) ~[server-1.20.1-20230612.114412-srg.jar%23201!/:?]
	at net.minecraft.network.protocol.game.ServerboundInteractPacket.m_179617_(ServerboundInteractPacket.java:66) ~[server-1.20.1-20230612.114412-srg.jar%23201!/:?]
	at net.minecraft.server.network.ServerGamePacketListenerImpl.m_6946_(ServerGamePacketListenerImpl.java:1455) ~[server-1.20.1-20230612.114412-srg.jar%23201!/:?]
	at net.minecraft.network.protocol.game.ServerboundInteractPacket.m_5797_(ServerboundInteractPacket.java:53) ~[server-1.20.1-20230612.114412-srg.jar%23201!/:?]
	at net.minecraft.network.protocol.game.ServerboundInteractPacket.m_5797_(ServerboundInteractPacket.java:13) ~[server-1.20.1-20230612.114412-srg.jar%23201!/:?]
	at net.minecraft.network.protocol.PacketUtils.m_263899_(PacketUtils.java:22) ~[server-1.20.1-20230612.114412-srg.jar%23201!/:?]
	at net.minecraft.server.TickTask.run(TickTask.java:18) ~[server-1.20.1-20230612.114412-srg.jar%23201!/:?]
	at net.minecraft.util.thread.BlockableEventLoop.m_6367_(BlockableEventLoop.java:156) ~[server-1.20.1-20230612.114412-srg.jar%23201!/:?]
	at net.minecraft.util.thread.ReentrantBlockableEventLoop.m_6367_(ReentrantBlockableEventLoop.java:23) ~[server-1.20.1-20230612.114412-srg.jar%23201!/:?]
	at net.minecraft.server.MinecraftServer.m_6367_(MinecraftServer.java:770) ~[server-1.20.1-20230612.114412-srg.jar%23201!/:?]
	at net.minecraft.server.MinecraftServer.m_6367_(MinecraftServer.java:161) ~[server-1.20.1-20230612.114412-srg.jar%23201!/:?]
	at net.minecraft.util.thread.BlockableEventLoop.m_7245_(BlockableEventLoop.java:130) ~[server-1.20.1-20230612.114412-srg.jar%23201!/:?]
	at net.minecraft.server.MinecraftServer.m_129961_(MinecraftServer.java:753) ~[server-1.20.1-20230612.114412-srg.jar%23201!/:?]
	at net.minecraft.server.MinecraftServer.m_7245_(MinecraftServer.java:747) ~[server-1.20.1-20230612.114412-srg.jar%23201!/:?]
	at net.minecraft.util.thread.BlockableEventLoop.m_18699_(BlockableEventLoop.java:115) ~[server-1.20.1-20230612.114412-srg.jar%23201!/:?]
	at net.minecraft.server.MinecraftServer.m_130012_(MinecraftServer.java:732) ~[server-1.20.1-20230612.114412-srg.jar%23201!/:?]
	at net.minecraft.server.MinecraftServer.m_130011_(MinecraftServer.java:665) ~[server-1.20.1-20230612.114412-srg.jar%23201!/:?]
	at net.minecraft.server.MinecraftServer.m_206580_(MinecraftServer.java:251) ~[server-1.20.1-20230612.114412-srg.jar%23201!/:?]
	at java.lang.Thread.run(Thread.java:840) ~[?:?]
[23Feb2025 22:29:08.718] [Server thread/ERROR] [net.minecraftforge.eventbus.EventBus/EVENTBUS]: Exception caught during firing event: Cannot invoke "net.minecraft.world.entity.Entity.m_20206_()" because "entityHeld" is null
	Index: 3
	Listeners:
		0: HIGHEST
		1: ASM: class ovh.corail.tombstone.event.EventHandler onPlayerInteractEntity(Lnet/minecraftforge/event/entity/player/PlayerInteractEvent$EntityInteract;)V
		2: HIGH
		3: ASM: class tschipp.carryon.events.CommonEvents onEntityRightClick(Lnet/minecraftforge/event/entity/player/PlayerInteractEvent$EntityInteract;)V
		4: ASM: team.creative.playerrevive.server.ReviveEventServer@7ce51f3b playerInteract(Lnet/minecraftforge/event/entity/player/PlayerInteractEvent$EntityInteract;)V
		5: NORMAL
		6: ASM: com.bobmowzie.mowziesmobs.server.ServerEventHandler@13b44b18 onPlayerInteract(Lnet/minecraftforge/event/entity/player/PlayerInteractEvent$EntityInteract;)V
		7: ASM: com.bobmowzie.mowziesmobs.server.ability.AbilityCommonEventHandler@2a537c9d onPlayerRightClickEntity(Lnet/minecraftforge/event/entity/player/PlayerInteractEvent$EntityInteract;)V
		8: ASM: com.github.alexthe666.alexsmobs.event.ServerEvents@1ff643a9 onInteractWithEntity(Lnet/minecraftforge/event/entity/player/PlayerInteractEvent$EntityInteract;)V
		9: net.minecraftforge.eventbus.EventBus$$Lambda$4242/0x0000756618afea18@3d39c376
		10: net.minecraftforge.eventbus.EventBus$$Lambda$4242/0x0000756618afea18@47ae86cb
		11: ASM: class tictim.paraglider.forge.event.ParagliderEventHandler onPlayerInteract(Lnet/minecraftforge/event/entity/player/PlayerInteractEvent;)V
java.lang.NullPointerException: Cannot invoke "net.minecraft.world.entity.Entity.m_20206_()" because "entityHeld" is null
	at TRANSFORMER/carryon@2.1.2.7/tschipp.carryon.common.carry.PlacementHandler.tryStackEntity(PlacementHandler.java:199)
	at TRANSFORMER/carryon@2.1.2.7/tschipp.carryon.events.CommonEvents.onEntityRightClick(CommonEvents.java:124)
	at TRANSFORMER/carryon@2.1.2.7/tschipp.carryon.events.__CommonEvents_onEntityRightClick_EntityInteract.invoke(.dynamic)
	at MC-BOOTSTRAP/net.minecraftforge.eventbus/net.minecraftforge.eventbus.ASMEventHandler.invoke(ASMEventHandler.java:73)
	at MC-BOOTSTRAP/net.minecraftforge.eventbus/net.minecraftforge.eventbus.EventBus.post(EventBus.java:315)
	at MC-BOOTSTRAP/net.minecraftforge.eventbus/net.minecraftforge.eventbus.EventBus.post(EventBus.java:296)
	at TRANSFORMER/forge@47.3.7/net.minecraftforge.common.ForgeHooks.onInteractEntity(ForgeHooks.java:764)
	at TRANSFORMER/minecraft@1.20.1/net.minecraft.world.entity.player.Player.m_36157_(Player.java:975)
	at TRANSFORMER/minecraft@1.20.1/net.minecraft.server.network.ServerGamePacketListenerImpl$1.m_143678_(ServerGamePacketListenerImpl.java:1460)
	at TRANSFORMER/minecraft@1.20.1/net.minecraft.server.network.ServerGamePacketListenerImpl$1.m_142299_(ServerGamePacketListenerImpl.java:1472)
	at TRANSFORMER/minecraft@1.20.1/net.minecraft.network.protocol.game.ServerboundInteractPacket$InteractionAction.m_142457_(ServerboundInteractPacket.java:116)
	at TRANSFORMER/minecraft@1.20.1/net.minecraft.network.protocol.game.ServerboundInteractPacket.m_179617_(ServerboundInteractPacket.java:66)
	at TRANSFORMER/minecraft@1.20.1/net.minecraft.server.network.ServerGamePacketListenerImpl.m_6946_(ServerGamePacketListenerImpl.java:1455)
	at TRANSFORMER/minecraft@1.20.1/net.minecraft.network.protocol.game.ServerboundInteractPacket.m_5797_(ServerboundInteractPacket.java:53)
	at TRANSFORMER/minecraft@1.20.1/net.minecraft.network.protocol.game.ServerboundInteractPacket.m_5797_(ServerboundInteractPacket.java:13)
	at TRANSFORMER/minecraft@1.20.1/net.minecraft.network.protocol.PacketUtils.m_263899_(PacketUtils.java:22)
	at TRANSFORMER/minecraft@1.20.1/net.minecraft.server.TickTask.run(TickTask.java:18)
	at TRANSFORMER/minecraft@1.20.1/net.minecraft.util.thread.BlockableEventLoop.m_6367_(BlockableEventLoop.java:156)
	at TRANSFORMER/minecraft@1.20.1/net.minecraft.util.thread.ReentrantBlockableEventLoop.m_6367_(ReentrantBlockableEventLoop.java:23)
	at TRANSFORMER/minecraft@1.20.1/net.minecraft.server.MinecraftServer.m_6367_(MinecraftServer.java:770)
	at TRANSFORMER/minecraft@1.20.1/net.minecraft.server.MinecraftServer.m_6367_(MinecraftServer.java:161)
	at TRANSFORMER/minecraft@1.20.1/net.minecraft.util.thread.BlockableEventLoop.m_7245_(BlockableEventLoop.java:130)
	at TRANSFORMER/minecraft@1.20.1/net.minecraft.server.MinecraftServer.m_129961_(MinecraftServer.java:753)
	at TRANSFORMER/minecraft@1.20.1/net.minecraft.server.MinecraftServer.m_7245_(MinecraftServer.java:747)
	at TRANSFORMER/minecraft@1.20.1/net.minecraft.util.thread.BlockableEventLoop.m_18699_(BlockableEventLoop.java:115)
	at TRANSFORMER/minecraft@1.20.1/net.minecraft.server.MinecraftServer.m_130012_(MinecraftServer.java:732)
	at TRANSFORMER/minecraft@1.20.1/net.minecraft.server.MinecraftServer.m_130011_(MinecraftServer.java:665)
	at TRANSFORMER/minecraft@1.20.1/net.minecraft.server.MinecraftServer.m_206580_(MinecraftServer.java:251)
	at java.base/java.lang.Thread.run(Thread.java:840)

[23Feb2025 22:29:08.719] [Server thread/ERROR] [net.minecraft.network.protocol.PacketUtils/]: Failed to handle packet net.minecraft.network.protocol.game.ServerboundInteractPacket@787ea93f, suppressing error
java.lang.NullPointerException: Cannot invoke "net.minecraft.world.entity.Entity.m_20206_()" because "entityHeld" is null
	at tschipp.carryon.common.carry.PlacementHandler.tryStackEntity(PlacementHandler.java:199) ~[carryon-forge-1.20.1-2.1.2.7.jar%23156!/:2.1.2.7]
	at tschipp.carryon.events.CommonEvents.onEntityRightClick(CommonEvents.java:124) ~[carryon-forge-1.20.1-2.1.2.7.jar%23156!/:2.1.2.7]
	at tschipp.carryon.events.__CommonEvents_onEntityRightClick_EntityInteract.invoke(.dynamic) ~[carryon-forge-1.20.1-2.1.2.7.jar%23156!/:2.1.2.7]
	at net.minecraftforge.eventbus.ASMEventHandler.invoke(ASMEventHandler.java:73) ~[eventbus-6.0.5.jar%2352!/:?]
	at net.minecraftforge.eventbus.EventBus.post(EventBus.java:315) ~[eventbus-6.0.5.jar%2352!/:?]
	at net.minecraftforge.eventbus.EventBus.post(EventBus.java:296) ~[eventbus-6.0.5.jar%2352!/:?]
	at net.minecraftforge.common.ForgeHooks.onInteractEntity(ForgeHooks.java:764) ~[forge-1.20.1-47.3.7-universal.jar%23206!/:?]
	at net.minecraft.world.entity.player.Player.m_36157_(Player.java:975) ~[server-1.20.1-20230612.114412-srg.jar%23201!/:?]
	at net.minecraft.server.network.ServerGamePacketListenerImpl$1.m_143678_(ServerGamePacketListenerImpl.java:1460) ~[server-1.20.1-20230612.114412-srg.jar%23201!/:?]
	at net.minecraft.server.network.ServerGamePacketListenerImpl$1.m_142299_(ServerGamePacketListenerImpl.java:1472) ~[server-1.20.1-20230612.114412-srg.jar%23201!/:?]
	at net.minecraft.network.protocol.game.ServerboundInteractPacket$InteractionAction.m_142457_(ServerboundInteractPacket.java:116) ~[server-1.20.1-20230612.114412-srg.jar%23201!/:?]
	at net.minecraft.network.protocol.game.ServerboundInteractPacket.m_179617_(ServerboundInteractPacket.java:66) ~[server-1.20.1-20230612.114412-srg.jar%23201!/:?]
	at net.minecraft.server.network.ServerGamePacketListenerImpl.m_6946_(ServerGamePacketListenerImpl.java:1455) ~[server-1.20.1-20230612.114412-srg.jar%23201!/:?]
	at net.minecraft.network.protocol.game.ServerboundInteractPacket.m_5797_(ServerboundInteractPacket.java:53) ~[server-1.20.1-20230612.114412-srg.jar%23201!/:?]
	at net.minecraft.network.protocol.game.ServerboundInteractPacket.m_5797_(ServerboundInteractPacket.java:13) ~[server-1.20.1-20230612.114412-srg.jar%23201!/:?]
	at net.minecraft.network.protocol.PacketUtils.m_263899_(PacketUtils.java:22) ~[server-1.20.1-20230612.114412-srg.jar%23201!/:?]
	at net.minecraft.server.TickTask.run(TickTask.java:18) ~[server-1.20.1-20230612.114412-srg.jar%23201!/:?]
	at net.minecraft.util.thread.BlockableEventLoop.m_6367_(BlockableEventLoop.java:156) ~[server-1.20.1-20230612.114412-srg.jar%23201!/:?]
	at net.minecraft.util.thread.ReentrantBlockableEventLoop.m_6367_(ReentrantBlockableEventLoop.java:23) ~[server-1.20.1-20230612.114412-srg.jar%23201!/:?]
	at net.minecraft.server.MinecraftServer.m_6367_(MinecraftServer.java:770) ~[server-1.20.1-20230612.114412-srg.jar%23201!/:?]
	at net.minecraft.server.MinecraftServer.m_6367_(MinecraftServer.java:161) ~[server-1.20.1-20230612.114412-srg.jar%23201!/:?]
	at net.minecraft.util.thread.BlockableEventLoop.m_7245_(BlockableEventLoop.java:130) ~[server-1.20.1-20230612.114412-srg.jar%23201!/:?]
	at net.minecraft.server.MinecraftServer.m_129961_(MinecraftServer.java:753) ~[server-1.20.1-20230612.114412-srg.jar%23201!/:?]
	at net.minecraft.server.MinecraftServer.m_7245_(MinecraftServer.java:747) ~[server-1.20.1-20230612.114412-srg.jar%23201!/:?]
	at net.minecraft.util.thread.BlockableEventLoop.m_18699_(BlockableEventLoop.java:115) ~[server-1.20.1-20230612.114412-srg.jar%23201!/:?]
	at net.minecraft.server.MinecraftServer.m_130012_(MinecraftServer.java:732) ~[server-1.20.1-20230612.114412-srg.jar%23201!/:?]
	at net.minecraft.server.MinecraftServer.m_130011_(MinecraftServer.java:665) ~[server-1.20.1-20230612.114412-srg.jar%23201!/:?]
	at net.minecraft.server.MinecraftServer.m_206580_(MinecraftServer.java:251) ~[server-1.20.1-20230612.114412-srg.jar%23201!/:?]
	at java.lang.Thread.run(Thread.java:840) ~[?:?]
[23Feb2025 22:29:09.565] [Server thread/ERROR] [net.minecraftforge.eventbus.EventBus/EVENTBUS]: Exception caught during firing event: Cannot invoke "net.minecraft.world.entity.Entity.m_20206_()" because "entityHeld" is null
	Index: 3
	Listeners:
		0: HIGHEST
		1: ASM: class ovh.corail.tombstone.event.EventHandler onPlayerInteractEntity(Lnet/minecraftforge/event/entity/player/PlayerInteractEvent$EntityInteract;)V
		2: HIGH
		3: ASM: class tschipp.carryon.events.CommonEvents onEntityRightClick(Lnet/minecraftforge/event/entity/player/PlayerInteractEvent$EntityInteract;)V
		4: ASM: team.creative.playerrevive.server.ReviveEventServer@7ce51f3b playerInteract(Lnet/minecraftforge/event/entity/player/PlayerInteractEvent$EntityInteract;)V
		5: NORMAL
		6: ASM: com.bobmowzie.mowziesmobs.server.ServerEventHandler@13b44b18 onPlayerInteract(Lnet/minecraftforge/event/entity/player/PlayerInteractEvent$EntityInteract;)V
		7: ASM: com.bobmowzie.mowziesmobs.server.ability.AbilityCommonEventHandler@2a537c9d onPlayerRightClickEntity(Lnet/minecraftforge/event/entity/player/PlayerInteractEvent$EntityInteract;)V
		8: ASM: com.github.alexthe666.alexsmobs.event.ServerEvents@1ff643a9 onInteractWithEntity(Lnet/minecraftforge/event/entity/player/PlayerInteractEvent$EntityInteract;)V
		9: net.minecraftforge.eventbus.EventBus$$Lambda$4242/0x0000756618afea18@3d39c376
		10: net.minecraftforge.eventbus.EventBus$$Lambda$4242/0x0000756618afea18@47ae86cb
		11: ASM: class tictim.paraglider.forge.event.ParagliderEventHandler onPlayerInteract(Lnet/minecraftforge/event/entity/player/PlayerInteractEvent;)V
java.lang.NullPointerException: Cannot invoke "net.minecraft.world.entity.Entity.m_20206_()" because "entityHeld" is null
	at TRANSFORMER/carryon@2.1.2.7/tschipp.carryon.common.carry.PlacementHandler.tryStackEntity(PlacementHandler.java:199)
	at TRANSFORMER/carryon@2.1.2.7/tschipp.carryon.events.CommonEvents.onEntityRightClick(CommonEvents.java:124)
	at TRANSFORMER/carryon@2.1.2.7/tschipp.carryon.events.__CommonEvents_onEntityRightClick_EntityInteract.invoke(.dynamic)
	at MC-BOOTSTRAP/net.minecraftforge.eventbus/net.minecraftforge.eventbus.ASMEventHandler.invoke(ASMEventHandler.java:73)
	at MC-BOOTSTRAP/net.minecraftforge.eventbus/net.minecraftforge.eventbus.EventBus.post(EventBus.java:315)
	at MC-BOOTSTRAP/net.minecraftforge.eventbus/net.minecraftforge.eventbus.EventBus.post(EventBus.java:296)
	at TRANSFORMER/forge@47.3.7/net.minecraftforge.common.ForgeHooks.onInteractEntity(ForgeHooks.java:764)
	at TRANSFORMER/minecraft@1.20.1/net.minecraft.world.entity.player.Player.m_36157_(Player.java:975)
	at TRANSFORMER/minecraft@1.20.1/net.minecraft.server.network.ServerGamePacketListenerImpl$1.m_143678_(ServerGamePacketListenerImpl.java:1460)
	at TRANSFORMER/minecraft@1.20.1/net.minecraft.server.network.ServerGamePacketListenerImpl$1.m_142299_(ServerGamePacketListenerImpl.java:1472)
	at TRANSFORMER/minecraft@1.20.1/net.minecraft.network.protocol.game.ServerboundInteractPacket$InteractionAction.m_142457_(ServerboundInteractPacket.java:116)
	at TRANSFORMER/minecraft@1.20.1/net.minecraft.network.protocol.game.ServerboundInteractPacket.m_179617_(ServerboundInteractPacket.java:66)
	at TRANSFORMER/minecraft@1.20.1/net.minecraft.server.network.ServerGamePacketListenerImpl.m_6946_(ServerGamePacketListenerImpl.java:1455)
	at TRANSFORMER/minecraft@1.20.1/net.minecraft.network.protocol.game.ServerboundInteractPacket.m_5797_(ServerboundInteractPacket.java:53)
	at TRANSFORMER/minecraft@1.20.1/net.minecraft.network.protocol.game.ServerboundInteractPacket.m_5797_(ServerboundInteractPacket.java:13)
	at TRANSFORMER/minecraft@1.20.1/net.minecraft.network.protocol.PacketUtils.m_263899_(PacketUtils.java:22)
	at TRANSFORMER/minecraft@1.20.1/net.minecraft.server.TickTask.run(TickTask.java:18)
	at TRANSFORMER/minecraft@1.20.1/net.minecraft.util.thread.BlockableEventLoop.m_6367_(BlockableEventLoop.java:156)
	at TRANSFORMER/minecraft@1.20.1/net.minecraft.util.thread.ReentrantBlockableEventLoop.m_6367_(ReentrantBlockableEventLoop.java:23)
	at TRANSFORMER/minecraft@1.20.1/net.minecraft.server.MinecraftServer.m_6367_(MinecraftServer.java:770)
	at TRANSFORMER/minecraft@1.20.1/net.minecraft.server.MinecraftServer.m_6367_(MinecraftServer.java:161)
	at TRANSFORMER/minecraft@1.20.1/net.minecraft.util.thread.BlockableEventLoop.m_7245_(BlockableEventLoop.java:130)
	at TRANSFORMER/minecraft@1.20.1/net.minecraft.server.MinecraftServer.m_129961_(MinecraftServer.java:753)
	at TRANSFORMER/minecraft@1.20.1/net.minecraft.server.MinecraftServer.m_7245_(MinecraftServer.java:747)
	at TRANSFORMER/minecraft@1.20.1/net.minecraft.util.thread.BlockableEventLoop.m_18699_(BlockableEventLoop.java:115)
	at TRANSFORMER/minecraft@1.20.1/net.minecraft.server.MinecraftServer.m_130012_(MinecraftServer.java:732)
	at TRANSFORMER/minecraft@1.20.1/net.minecraft.server.MinecraftServer.m_130011_(MinecraftServer.java:665)
	at TRANSFORMER/minecraft@1.20.1/net.minecraft.server.MinecraftServer.m_206580_(MinecraftServer.java:251)
	at java.base/java.lang.Thread.run(Thread.java:840)

[23Feb2025 22:29:09.566] [Server thread/ERROR] [net.minecraft.network.protocol.PacketUtils/]: Failed to handle packet net.minecraft.network.protocol.game.ServerboundInteractPacket@69352d0a, suppressing error
java.lang.NullPointerException: Cannot invoke "net.minecraft.world.entity.Entity.m_20206_()" because "entityHeld" is null
	at tschipp.carryon.common.carry.PlacementHandler.tryStackEntity(PlacementHandler.java:199) ~[carryon-forge-1.20.1-2.1.2.7.jar%23156!/:2.1.2.7]
	at tschipp.carryon.events.CommonEvents.onEntityRightClick(CommonEvents.java:124) ~[carryon-forge-1.20.1-2.1.2.7.jar%23156!/:2.1.2.7]
	at tschipp.carryon.events.__CommonEvents_onEntityRightClick_EntityInteract.invoke(.dynamic) ~[carryon-forge-1.20.1-2.1.2.7.jar%23156!/:2.1.2.7]
	at net.minecraftforge.eventbus.ASMEventHandler.invoke(ASMEventHandler.java:73) ~[eventbus-6.0.5.jar%2352!/:?]
	at net.minecraftforge.eventbus.EventBus.post(EventBus.java:315) ~[eventbus-6.0.5.jar%2352!/:?]
	at net.minecraftforge.eventbus.EventBus.post(EventBus.java:296) ~[eventbus-6.0.5.jar%2352!/:?]
	at net.minecraftforge.common.ForgeHooks.onInteractEntity(ForgeHooks.java:764) ~[forge-1.20.1-47.3.7-universal.jar%23206!/:?]
	at net.minecraft.world.entity.player.Player.m_36157_(Player.java:975) ~[server-1.20.1-20230612.114412-srg.jar%23201!/:?]
	at net.minecraft.server.network.ServerGamePacketListenerImpl$1.m_143678_(ServerGamePacketListenerImpl.java:1460) ~[server-1.20.1-20230612.114412-srg.jar%23201!/:?]
	at net.minecraft.server.network.ServerGamePacketListenerImpl$1.m_142299_(ServerGamePacketListenerImpl.java:1472) ~[server-1.20.1-20230612.114412-srg.jar%23201!/:?]
	at net.minecraft.network.protocol.game.ServerboundInteractPacket$InteractionAction.m_142457_(ServerboundInteractPacket.java:116) ~[server-1.20.1-20230612.114412-srg.jar%23201!/:?]
	at net.minecraft.network.protocol.game.ServerboundInteractPacket.m_179617_(ServerboundInteractPacket.java:66) ~[server-1.20.1-20230612.114412-srg.jar%23201!/:?]
	at net.minecraft.server.network.ServerGamePacketListenerImpl.m_6946_(ServerGamePacketListenerImpl.java:1455) ~[server-1.20.1-20230612.114412-srg.jar%23201!/:?]
	at net.minecraft.network.protocol.game.ServerboundInteractPacket.m_5797_(ServerboundInteractPacket.java:53) ~[server-1.20.1-20230612.114412-srg.jar%23201!/:?]
	at net.minecraft.network.protocol.game.ServerboundInteractPacket.m_5797_(ServerboundInteractPacket.java:13) ~[server-1.20.1-20230612.114412-srg.jar%23201!/:?]
	at net.minecraft.network.protocol.PacketUtils.m_263899_(PacketUtils.java:22) ~[server-1.20.1-20230612.114412-srg.jar%23201!/:?]
	at net.minecraft.server.TickTask.run(TickTask.java:18) ~[server-1.20.1-20230612.114412-srg.jar%23201!/:?]
	at net.minecraft.util.thread.BlockableEventLoop.m_6367_(BlockableEventLoop.java:156) ~[server-1.20.1-20230612.114412-srg.jar%23201!/:?]
	at net.minecraft.util.thread.ReentrantBlockableEventLoop.m_6367_(ReentrantBlockableEventLoop.java:23) ~[server-1.20.1-20230612.114412-srg.jar%23201!/:?]
	at net.minecraft.server.MinecraftServer.m_6367_(MinecraftServer.java:770) ~[server-1.20.1-20230612.114412-srg.jar%23201!/:?]
	at net.minecraft.server.MinecraftServer.m_6367_(MinecraftServer.java:161) ~[server-1.20.1-20230612.114412-srg.jar%23201!/:?]
	at net.minecraft.util.thread.BlockableEventLoop.m_7245_(BlockableEventLoop.java:130) ~[server-1.20.1-20230612.114412-srg.jar%23201!/:?]
	at net.minecraft.server.MinecraftServer.m_129961_(MinecraftServer.java:753) ~[server-1.20.1-20230612.114412-srg.jar%23201!/:?]
	at net.minecraft.server.MinecraftServer.m_7245_(MinecraftServer.java:747) ~[server-1.20.1-20230612.114412-srg.jar%23201!/:?]
	at net.minecraft.util.thread.BlockableEventLoop.m_18699_(BlockableEventLoop.java:115) ~[server-1.20.1-20230612.114412-srg.jar%23201!/:?]
	at net.minecraft.server.MinecraftServer.m_130012_(MinecraftServer.java:732) ~[server-1.20.1-20230612.114412-srg.jar%23201!/:?]
	at net.minecraft.server.MinecraftServer.m_130011_(MinecraftServer.java:665) ~[server-1.20.1-20230612.114412-srg.jar%23201!/:?]
	at net.minecraft.server.MinecraftServer.m_206580_(MinecraftServer.java:251) ~[server-1.20.1-20230612.114412-srg.jar%23201!/:?]
	at java.lang.Thread.run(Thread.java:840) ~[?:?]
[23Feb2025 22:29:09.567] [Server thread/ERROR] [net.minecraftforge.eventbus.EventBus/EVENTBUS]: Exception caught during firing event: Cannot invoke "net.minecraft.world.entity.Entity.m_20206_()" because "entityHeld" is null
	Index: 3
	Listeners:
		0: HIGHEST
		1: ASM: class ovh.corail.tombstone.event.EventHandler onPlayerInteractEntity(Lnet/minecraftforge/event/entity/player/PlayerInteractEvent$EntityInteract;)V
		2: HIGH
		3: ASM: class tschipp.carryon.events.CommonEvents onEntityRightClick(Lnet/minecraftforge/event/entity/player/PlayerInteractEvent$EntityInteract;)V
		4: ASM: team.creative.playerrevive.server.ReviveEventServer@7ce51f3b playerInteract(Lnet/minecraftforge/event/entity/player/PlayerInteractEvent$EntityInteract;)V
		5: NORMAL
		6: ASM: com.bobmowzie.mowziesmobs.server.ServerEventHandler@13b44b18 onPlayerInteract(Lnet/minecraftforge/event/entity/player/PlayerInteractEvent$EntityInteract;)V
		7: ASM: com.bobmowzie.mowziesmobs.server.ability.AbilityCommonEventHandler@2a537c9d onPlayerRightClickEntity(Lnet/minecraftforge/event/entity/player/PlayerInteractEvent$EntityInteract;)V
		8: ASM: com.github.alexthe666.alexsmobs.event.ServerEvents@1ff643a9 onInteractWithEntity(Lnet/minecraftforge/event/entity/player/PlayerInteractEvent$EntityInteract;)V
		9: net.minecraftforge.eventbus.EventBus$$Lambda$4242/0x0000756618afea18@3d39c376
		10: net.minecraftforge.eventbus.EventBus$$Lambda$4242/0x0000756618afea18@47ae86cb
		11: ASM: class tictim.paraglider.forge.event.ParagliderEventHandler onPlayerInteract(Lnet/minecraftforge/event/entity/player/PlayerInteractEvent;)V
java.lang.NullPointerException: Cannot invoke "net.minecraft.world.entity.Entity.m_20206_()" because "entityHeld" is null
	at TRANSFORMER/carryon@2.1.2.7/tschipp.carryon.common.carry.PlacementHandler.tryStackEntity(PlacementHandler.java:199)
	at TRANSFORMER/carryon@2.1.2.7/tschipp.carryon.events.CommonEvents.onEntityRightClick(CommonEvents.java:124)
	at TRANSFORMER/carryon@2.1.2.7/tschipp.carryon.events.__CommonEvents_onEntityRightClick_EntityInteract.invoke(.dynamic)
	at MC-BOOTSTRAP/net.minecraftforge.eventbus/net.minecraftforge.eventbus.ASMEventHandler.invoke(ASMEventHandler.java:73)
	at MC-BOOTSTRAP/net.minecraftforge.eventbus/net.minecraftforge.eventbus.EventBus.post(EventBus.java:315)
	at MC-BOOTSTRAP/net.minecraftforge.eventbus/net.minecraftforge.eventbus.EventBus.post(EventBus.java:296)
	at TRANSFORMER/forge@47.3.7/net.minecraftforge.common.ForgeHooks.onInteractEntity(ForgeHooks.java:764)
	at TRANSFORMER/minecraft@1.20.1/net.minecraft.world.entity.player.Player.m_36157_(Player.java:975)
	at TRANSFORMER/minecraft@1.20.1/net.minecraft.server.network.ServerGamePacketListenerImpl$1.m_143678_(ServerGamePacketListenerImpl.java:1460)
	at TRANSFORMER/minecraft@1.20.1/net.minecraft.server.network.ServerGamePacketListenerImpl$1.m_142299_(ServerGamePacketListenerImpl.java:1472)
	at TRANSFORMER/minecraft@1.20.1/net.minecraft.network.protocol.game.ServerboundInteractPacket$InteractionAction.m_142457_(ServerboundInteractPacket.java:116)
	at TRANSFORMER/minecraft@1.20.1/net.minecraft.network.protocol.game.ServerboundInteractPacket.m_179617_(ServerboundInteractPacket.java:66)
	at TRANSFORMER/minecraft@1.20.1/net.minecraft.server.network.ServerGamePacketListenerImpl.m_6946_(ServerGamePacketListenerImpl.java:1455)
	at TRANSFORMER/minecraft@1.20.1/net.minecraft.network.protocol.game.ServerboundInteractPacket.m_5797_(ServerboundInteractPacket.java:53)
	at TRANSFORMER/minecraft@1.20.1/net.minecraft.network.protocol.game.ServerboundInteractPacket.m_5797_(ServerboundInteractPacket.java:13)
	at TRANSFORMER/minecraft@1.20.1/net.minecraft.network.protocol.PacketUtils.m_263899_(PacketUtils.java:22)
	at TRANSFORMER/minecraft@1.20.1/net.minecraft.server.TickTask.run(TickTask.java:18)
	at TRANSFORMER/minecraft@1.20.1/net.minecraft.util.thread.BlockableEventLoop.m_6367_(BlockableEventLoop.java:156)
	at TRANSFORMER/minecraft@1.20.1/net.minecraft.util.thread.ReentrantBlockableEventLoop.m_6367_(ReentrantBlockableEventLoop.java:23)
	at TRANSFORMER/minecraft@1.20.1/net.minecraft.server.MinecraftServer.m_6367_(MinecraftServer.java:770)
	at TRANSFORMER/minecraft@1.20.1/net.minecraft.server.MinecraftServer.m_6367_(MinecraftServer.java:161)
	at TRANSFORMER/minecraft@1.20.1/net.minecraft.util.thread.BlockableEventLoop.m_7245_(BlockableEventLoop.java:130)
	at TRANSFORMER/minecraft@1.20.1/net.minecraft.server.MinecraftServer.m_129961_(MinecraftServer.java:753)
	at TRANSFORMER/minecraft@1.20.1/net.minecraft.server.MinecraftServer.m_7245_(MinecraftServer.java:747)
	at TRANSFORMER/minecraft@1.20.1/net.minecraft.util.thread.BlockableEventLoop.m_18699_(BlockableEventLoop.java:115)
	at TRANSFORMER/minecraft@1.20.1/net.minecraft.server.MinecraftServer.m_130012_(MinecraftServer.java:732)
	at TRANSFORMER/minecraft@1.20.1/net.minecraft.server.MinecraftServer.m_130011_(MinecraftServer.java:665)
	at TRANSFORMER/minecraft@1.20.1/net.minecraft.server.MinecraftServer.m_206580_(MinecraftServer.java:251)
	at java.base/java.lang.Thread.run(Thread.java:840)

[23Feb2025 22:29:09.568] [Server thread/ERROR] [net.minecraft.network.protocol.PacketUtils/]: Failed to handle packet net.minecraft.network.protocol.game.ServerboundInteractPacket@3489f2b3, suppressing error
java.lang.NullPointerException: Cannot invoke "net.minecraft.world.entity.Entity.m_20206_()" because "entityHeld" is null
	at tschipp.carryon.common.carry.PlacementHandler.tryStackEntity(PlacementHandler.java:199) ~[carryon-forge-1.20.1-2.1.2.7.jar%23156!/:2.1.2.7]
	at tschipp.carryon.events.CommonEvents.onEntityRightClick(CommonEvents.java:124) ~[carryon-forge-1.20.1-2.1.2.7.jar%23156!/:2.1.2.7]
	at tschipp.carryon.events.__CommonEvents_onEntityRightClick_EntityInteract.invoke(.dynamic) ~[carryon-forge-1.20.1-2.1.2.7.jar%23156!/:2.1.2.7]
	at net.minecraftforge.eventbus.ASMEventHandler.invoke(ASMEventHandler.java:73) ~[eventbus-6.0.5.jar%2352!/:?]
	at net.minecraftforge.eventbus.EventBus.post(EventBus.java:315) ~[eventbus-6.0.5.jar%2352!/:?]
	at net.minecraftforge.eventbus.EventBus.post(EventBus.java:296) ~[eventbus-6.0.5.jar%2352!/:?]
	at net.minecraftforge.common.ForgeHooks.onInteractEntity(ForgeHooks.java:764) ~[forge-1.20.1-47.3.7-universal.jar%23206!/:?]
	at net.minecraft.world.entity.player.Player.m_36157_(Player.java:975) ~[server-1.20.1-20230612.114412-srg.jar%23201!/:?]
	at net.minecraft.server.network.ServerGamePacketListenerImpl$1.m_143678_(ServerGamePacketListenerImpl.java:1460) ~[server-1.20.1-20230612.114412-srg.jar%23201!/:?]
	at net.minecraft.server.network.ServerGamePacketListenerImpl$1.m_142299_(ServerGamePacketListenerImpl.java:1472) ~[server-1.20.1-20230612.114412-srg.jar%23201!/:?]
	at net.minecraft.network.protocol.game.ServerboundInteractPacket$InteractionAction.m_142457_(ServerboundInteractPacket.java:116) ~[server-1.20.1-20230612.114412-srg.jar%23201!/:?]
	at net.minecraft.network.protocol.game.ServerboundInteractPacket.m_179617_(ServerboundInteractPacket.java:66) ~[server-1.20.1-20230612.114412-srg.jar%23201!/:?]
	at net.minecraft.server.network.ServerGamePacketListenerImpl.m_6946_(ServerGamePacketListenerImpl.java:1455) ~[server-1.20.1-20230612.114412-srg.jar%23201!/:?]
	at net.minecraft.network.protocol.game.ServerboundInteractPacket.m_5797_(ServerboundInteractPacket.java:53) ~[server-1.20.1-20230612.114412-srg.jar%23201!/:?]
	at net.minecraft.network.protocol.game.ServerboundInteractPacket.m_5797_(ServerboundInteractPacket.java:13) ~[server-1.20.1-20230612.114412-srg.jar%23201!/:?]
	at net.minecraft.network.protocol.PacketUtils.m_263899_(PacketUtils.java:22) ~[server-1.20.1-20230612.114412-srg.jar%23201!/:?]
	at net.minecraft.server.TickTask.run(TickTask.java:18) ~[server-1.20.1-20230612.114412-srg.jar%23201!/:?]
	at net.minecraft.util.thread.BlockableEventLoop.m_6367_(BlockableEventLoop.java:156) ~[server-1.20.1-20230612.114412-srg.jar%23201!/:?]
	at net.minecraft.util.thread.ReentrantBlockableEventLoop.m_6367_(ReentrantBlockableEventLoop.java:23) ~[server-1.20.1-20230612.114412-srg.jar%23201!/:?]
	at net.minecraft.server.MinecraftServer.m_6367_(MinecraftServer.java:770) ~[server-1.20.1-20230612.114412-srg.jar%23201!/:?]
	at net.minecraft.server.MinecraftServer.m_6367_(MinecraftServer.java:161) ~[server-1.20.1-20230612.114412-srg.jar%23201!/:?]
	at net.minecraft.util.thread.BlockableEventLoop.m_7245_(BlockableEventLoop.java:130) ~[server-1.20.1-20230612.114412-srg.jar%23201!/:?]
	at net.minecraft.server.MinecraftServer.m_129961_(MinecraftServer.java:753) ~[server-1.20.1-20230612.114412-srg.jar%23201!/:?]
	at net.minecraft.server.MinecraftServer.m_7245_(MinecraftServer.java:747) ~[server-1.20.1-20230612.114412-srg.jar%23201!/:?]
	at net.minecraft.util.thread.BlockableEventLoop.m_18699_(BlockableEventLoop.java:115) ~[server-1.20.1-20230612.114412-srg.jar%23201!/:?]
	at net.minecraft.server.MinecraftServer.m_130012_(MinecraftServer.java:732) ~[server-1.20.1-20230612.114412-srg.jar%23201!/:?]
	at net.minecraft.server.MinecraftServer.m_130011_(MinecraftServer.java:665) ~[server-1.20.1-20230612.114412-srg.jar%23201!/:?]
	at net.minecraft.server.MinecraftServer.m_206580_(MinecraftServer.java:251) ~[server-1.20.1-20230612.114412-srg.jar%23201!/:?]
	at java.lang.Thread.run(Thread.java:840) ~[?:?]
[23Feb2025 22:29:09.912] [Server thread/ERROR] [net.minecraftforge.eventbus.EventBus/EVENTBUS]: Exception caught during firing event: Cannot invoke "net.minecraft.world.entity.Entity.m_20206_()" because "entityHeld" is null
	Index: 3
	Listeners:
		0: HIGHEST
		1: ASM: class ovh.corail.tombstone.event.EventHandler onPlayerInteractEntity(Lnet/minecraftforge/event/entity/player/PlayerInteractEvent$EntityInteract;)V
		2: HIGH
		3: ASM: class tschipp.carryon.events.CommonEvents onEntityRightClick(Lnet/minecraftforge/event/entity/player/PlayerInteractEvent$EntityInteract;)V
		4: ASM: team.creative.playerrevive.server.ReviveEventServer@7ce51f3b playerInteract(Lnet/minecraftforge/event/entity/player/PlayerInteractEvent$EntityInteract;)V
		5: NORMAL
		6: ASM: com.bobmowzie.mowziesmobs.server.ServerEventHandler@13b44b18 onPlayerInteract(Lnet/minecraftforge/event/entity/player/PlayerInteractEvent$EntityInteract;)V
		7: ASM: com.bobmowzie.mowziesmobs.server.ability.AbilityCommonEventHandler@2a537c9d onPlayerRightClickEntity(Lnet/minecraftforge/event/entity/player/PlayerInteractEvent$EntityInteract;)V
		8: ASM: com.github.alexthe666.alexsmobs.event.ServerEvents@1ff643a9 onInteractWithEntity(Lnet/minecraftforge/event/entity/player/PlayerInteractEvent$EntityInteract;)V
		9: net.minecraftforge.eventbus.EventBus$$Lambda$4242/0x0000756618afea18@3d39c376
		10: net.minecraftforge.eventbus.EventBus$$Lambda$4242/0x0000756618afea18@47ae86cb
		11: ASM: class tictim.paraglider.forge.event.ParagliderEventHandler onPlayerInteract(Lnet/minecraftforge/event/entity/player/PlayerInteractEvent;)V
java.lang.NullPointerException: Cannot invoke "net.minecraft.world.entity.Entity.m_20206_()" because "entityHeld" is null
	at TRANSFORMER/carryon@2.1.2.7/tschipp.carryon.common.carry.PlacementHandler.tryStackEntity(PlacementHandler.java:199)
	at TRANSFORMER/carryon@2.1.2.7/tschipp.carryon.events.CommonEvents.onEntityRightClick(CommonEvents.java:124)
	at TRANSFORMER/carryon@2.1.2.7/tschipp.carryon.events.__CommonEvents_onEntityRightClick_EntityInteract.invoke(.dynamic)
	at MC-BOOTSTRAP/net.minecraftforge.eventbus/net.minecraftforge.eventbus.ASMEventHandler.invoke(ASMEventHandler.java:73)
	at MC-BOOTSTRAP/net.minecraftforge.eventbus/net.minecraftforge.eventbus.EventBus.post(EventBus.java:315)
	at MC-BOOTSTRAP/net.minecraftforge.eventbus/net.minecraftforge.eventbus.EventBus.post(EventBus.java:296)
	at TRANSFORMER/forge@47.3.7/net.minecraftforge.common.ForgeHooks.onInteractEntity(ForgeHooks.java:764)
	at TRANSFORMER/minecraft@1.20.1/net.minecraft.world.entity.player.Player.m_36157_(Player.java:975)
	at TRANSFORMER/minecraft@1.20.1/net.minecraft.server.network.ServerGamePacketListenerImpl$1.m_143678_(ServerGamePacketListenerImpl.java:1460)
	at TRANSFORMER/minecraft@1.20.1/net.minecraft.server.network.ServerGamePacketListenerImpl$1.m_142299_(ServerGamePacketListenerImpl.java:1472)
	at TRANSFORMER/minecraft@1.20.1/net.minecraft.network.protocol.game.ServerboundInteractPacket$InteractionAction.m_142457_(ServerboundInteractPacket.java:116)
	at TRANSFORMER/minecraft@1.20.1/net.minecraft.network.protocol.game.ServerboundInteractPacket.m_179617_(ServerboundInteractPacket.java:66)
	at TRANSFORMER/minecraft@1.20.1/net.minecraft.server.network.ServerGamePacketListenerImpl.m_6946_(ServerGamePacketListenerImpl.java:1455)
	at TRANSFORMER/minecraft@1.20.1/net.minecraft.network.protocol.game.ServerboundInteractPacket.m_5797_(ServerboundInteractPacket.java:53)
	at TRANSFORMER/minecraft@1.20.1/net.minecraft.network.protocol.game.ServerboundInteractPacket.m_5797_(ServerboundInteractPacket.java:13)
	at TRANSFORMER/minecraft@1.20.1/net.minecraft.network.protocol.PacketUtils.m_263899_(PacketUtils.java:22)
	at TRANSFORMER/minecraft@1.20.1/net.minecraft.server.TickTask.run(TickTask.java:18)
	at TRANSFORMER/minecraft@1.20.1/net.minecraft.util.thread.BlockableEventLoop.m_6367_(BlockableEventLoop.java:156)
	at TRANSFORMER/minecraft@1.20.1/net.minecraft.util.thread.ReentrantBlockableEventLoop.m_6367_(ReentrantBlockableEventLoop.java:23)
	at TRANSFORMER/minecraft@1.20.1/net.minecraft.server.MinecraftServer.m_6367_(MinecraftServer.java:770)
	at TRANSFORMER/minecraft@1.20.1/net.minecraft.server.MinecraftServer.m_6367_(MinecraftServer.java:161)
	at TRANSFORMER/minecraft@1.20.1/net.minecraft.util.thread.BlockableEventLoop.m_7245_(BlockableEventLoop.java:130)
	at TRANSFORMER/minecraft@1.20.1/net.minecraft.server.MinecraftServer.m_129961_(MinecraftServer.java:753)
	at TRANSFORMER/minecraft@1.20.1/net.minecraft.server.MinecraftServer.m_7245_(MinecraftServer.java:747)
	at TRANSFORMER/minecraft@1.20.1/net.minecraft.util.thread.BlockableEventLoop.m_18699_(BlockableEventLoop.java:115)
	at TRANSFORMER/minecraft@1.20.1/net.minecraft.server.MinecraftServer.m_130012_(MinecraftServer.java:732)
	at TRANSFORMER/minecraft@1.20.1/net.minecraft.server.MinecraftServer.m_130011_(MinecraftServer.java:665)
	at TRANSFORMER/minecraft@1.20.1/net.minecraft.server.MinecraftServer.m_206580_(MinecraftServer.java:251)
	at java.base/java.lang.Thread.run(Thread.java:840)

[23Feb2025 22:29:09.913] [Server thread/ERROR] [net.minecraft.network.protocol.PacketUtils/]: Failed to handle packet net.minecraft.network.protocol.game.ServerboundInteractPacket@1f4add6a, suppressing error
java.lang.NullPointerException: Cannot invoke "net.minecraft.world.entity.Entity.m_20206_()" because "entityHeld" is null
	at tschipp.carryon.common.carry.PlacementHandler.tryStackEntity(PlacementHandler.java:199) ~[carryon-forge-1.20.1-2.1.2.7.jar%23156!/:2.1.2.7]
	at tschipp.carryon.events.CommonEvents.onEntityRightClick(CommonEvents.java:124) ~[carryon-forge-1.20.1-2.1.2.7.jar%23156!/:2.1.2.7]
	at tschipp.carryon.events.__CommonEvents_onEntityRightClick_EntityInteract.invoke(.dynamic) ~[carryon-forge-1.20.1-2.1.2.7.jar%23156!/:2.1.2.7]
	at net.minecraftforge.eventbus.ASMEventHandler.invoke(ASMEventHandler.java:73) ~[eventbus-6.0.5.jar%2352!/:?]
	at net.minecraftforge.eventbus.EventBus.post(EventBus.java:315) ~[eventbus-6.0.5.jar%2352!/:?]
	at net.minecraftforge.eventbus.EventBus.post(EventBus.java:296) ~[eventbus-6.0.5.jar%2352!/:?]
	at net.minecraftforge.common.ForgeHooks.onInteractEntity(ForgeHooks.java:764) ~[forge-1.20.1-47.3.7-universal.jar%23206!/:?]
	at net.minecraft.world.entity.player.Player.m_36157_(Player.java:975) ~[server-1.20.1-20230612.114412-srg.jar%23201!/:?]
	at net.minecraft.server.network.ServerGamePacketListenerImpl$1.m_143678_(ServerGamePacketListenerImpl.java:1460) ~[server-1.20.1-20230612.114412-srg.jar%23201!/:?]
	at net.minecraft.server.network.ServerGamePacketListenerImpl$1.m_142299_(ServerGamePacketListenerImpl.java:1472) ~[server-1.20.1-20230612.114412-srg.jar%23201!/:?]
	at net.minecraft.network.protocol.game.ServerboundInteractPacket$InteractionAction.m_142457_(ServerboundInteractPacket.java:116) ~[server-1.20.1-20230612.114412-srg.jar%23201!/:?]
	at net.minecraft.network.protocol.game.ServerboundInteractPacket.m_179617_(ServerboundInteractPacket.java:66) ~[server-1.20.1-20230612.114412-srg.jar%23201!/:?]
	at net.minecraft.server.network.ServerGamePacketListenerImpl.m_6946_(ServerGamePacketListenerImpl.java:1455) ~[server-1.20.1-20230612.114412-srg.jar%23201!/:?]
	at net.minecraft.network.protocol.game.ServerboundInteractPacket.m_5797_(ServerboundInteractPacket.java:53) ~[server-1.20.1-20230612.114412-srg.jar%23201!/:?]
	at net.minecraft.network.protocol.game.ServerboundInteractPacket.m_5797_(ServerboundInteractPacket.java:13) ~[server-1.20.1-20230612.114412-srg.jar%23201!/:?]
	at net.minecraft.network.protocol.PacketUtils.m_263899_(PacketUtils.java:22) ~[server-1.20.1-20230612.114412-srg.jar%23201!/:?]
	at net.minecraft.server.TickTask.run(TickTask.java:18) ~[server-1.20.1-20230612.114412-srg.jar%23201!/:?]
	at net.minecraft.util.thread.BlockableEventLoop.m_6367_(BlockableEventLoop.java:156) ~[server-1.20.1-20230612.114412-srg.jar%23201!/:?]
	at net.minecraft.util.thread.ReentrantBlockableEventLoop.m_6367_(ReentrantBlockableEventLoop.java:23) ~[server-1.20.1-20230612.114412-srg.jar%23201!/:?]
	at net.minecraft.server.MinecraftServer.m_6367_(MinecraftServer.java:770) ~[server-1.20.1-20230612.114412-srg.jar%23201!/:?]
	at net.minecraft.server.MinecraftServer.m_6367_(MinecraftServer.java:161) ~[server-1.20.1-20230612.114412-srg.jar%23201!/:?]
	at net.minecraft.util.thread.BlockableEventLoop.m_7245_(BlockableEventLoop.java:130) ~[server-1.20.1-20230612.114412-srg.jar%23201!/:?]
	at net.minecraft.server.MinecraftServer.m_129961_(MinecraftServer.java:753) ~[server-1.20.1-20230612.114412-srg.jar%23201!/:?]
	at net.minecraft.server.MinecraftServer.m_7245_(MinecraftServer.java:747) ~[server-1.20.1-20230612.114412-srg.jar%23201!/:?]
	at net.minecraft.util.thread.BlockableEventLoop.m_18699_(BlockableEventLoop.java:115) ~[server-1.20.1-20230612.114412-srg.jar%23201!/:?]
	at net.minecraft.server.MinecraftServer.m_130012_(MinecraftServer.java:732) ~[server-1.20.1-20230612.114412-srg.jar%23201!/:?]
	at net.minecraft.server.MinecraftServer.m_130011_(MinecraftServer.java:665) ~[server-1.20.1-20230612.114412-srg.jar%23201!/:?]
	at net.minecraft.server.MinecraftServer.m_206580_(MinecraftServer.java:251) ~[server-1.20.1-20230612.114412-srg.jar%23201!/:?]
	at java.lang.Thread.run(Thread.java:840) ~[?:?]
[23Feb2025 22:29:09.914] [Server thread/ERROR] [net.minecraftforge.eventbus.EventBus/EVENTBUS]: Exception caught during firing event: Cannot invoke "net.minecraft.world.entity.Entity.m_20206_()" because "entityHeld" is null
	Index: 3
	Listeners:
		0: HIGHEST
		1: ASM: class ovh.corail.tombstone.event.EventHandler onPlayerInteractEntity(Lnet/minecraftforge/event/entity/player/PlayerInteractEvent$EntityInteract;)V
		2: HIGH
		3: ASM: class tschipp.carryon.events.CommonEvents onEntityRightClick(Lnet/minecraftforge/event/entity/player/PlayerInteractEvent$EntityInteract;)V
		4: ASM: team.creative.playerrevive.server.ReviveEventServer@7ce51f3b playerInteract(Lnet/minecraftforge/event/entity/player/PlayerInteractEvent$EntityInteract;)V
		5: NORMAL
		6: ASM: com.bobmowzie.mowziesmobs.server.ServerEventHandler@13b44b18 onPlayerInteract(Lnet/minecraftforge/event/entity/player/PlayerInteractEvent$EntityInteract;)V
		7: ASM: com.bobmowzie.mowziesmobs.server.ability.AbilityCommonEventHandler@2a537c9d onPlayerRightClickEntity(Lnet/minecraftforge/event/entity/player/PlayerInteractEvent$EntityInteract;)V
		8: ASM: com.github.alexthe666.alexsmobs.event.ServerEvents@1ff643a9 onInteractWithEntity(Lnet/minecraftforge/event/entity/player/PlayerInteractEvent$EntityInteract;)V
		9: net.minecraftforge.eventbus.EventBus$$Lambda$4242/0x0000756618afea18@3d39c376
		10: net.minecraftforge.eventbus.EventBus$$Lambda$4242/0x0000756618afea18@47ae86cb
		11: ASM: class tictim.paraglider.forge.event.ParagliderEventHandler onPlayerInteract(Lnet/minecraftforge/event/entity/player/PlayerInteractEvent;)V
java.lang.NullPointerException: Cannot invoke "net.minecraft.world.entity.Entity.m_20206_()" because "entityHeld" is null
	at TRANSFORMER/carryon@2.1.2.7/tschipp.carryon.common.carry.PlacementHandler.tryStackEntity(PlacementHandler.java:199)
	at TRANSFORMER/carryon@2.1.2.7/tschipp.carryon.events.CommonEvents.onEntityRightClick(CommonEvents.java:124)
	at TRANSFORMER/carryon@2.1.2.7/tschipp.carryon.events.__CommonEvents_onEntityRightClick_EntityInteract.invoke(.dynamic)
	at MC-BOOTSTRAP/net.minecraftforge.eventbus/net.minecraftforge.eventbus.ASMEventHandler.invoke(ASMEventHandler.java:73)
	at MC-BOOTSTRAP/net.minecraftforge.eventbus/net.minecraftforge.eventbus.EventBus.post(EventBus.java:315)
	at MC-BOOTSTRAP/net.minecraftforge.eventbus/net.minecraftforge.eventbus.EventBus.post(EventBus.java:296)
	at TRANSFORMER/forge@47.3.7/net.minecraftforge.common.ForgeHooks.onInteractEntity(ForgeHooks.java:764)
	at TRANSFORMER/minecraft@1.20.1/net.minecraft.world.entity.player.Player.m_36157_(Player.java:975)
	at TRANSFORMER/minecraft@1.20.1/net.minecraft.server.network.ServerGamePacketListenerImpl$1.m_143678_(ServerGamePacketListenerImpl.java:1460)
	at TRANSFORMER/minecraft@1.20.1/net.minecraft.server.network.ServerGamePacketListenerImpl$1.m_142299_(ServerGamePacketListenerImpl.java:1472)
	at TRANSFORMER/minecraft@1.20.1/net.minecraft.network.protocol.game.ServerboundInteractPacket$InteractionAction.m_142457_(ServerboundInteractPacket.java:116)
	at TRANSFORMER/minecraft@1.20.1/net.minecraft.network.protocol.game.ServerboundInteractPacket.m_179617_(ServerboundInteractPacket.java:66)
	at TRANSFORMER/minecraft@1.20.1/net.minecraft.server.network.ServerGamePacketListenerImpl.m_6946_(ServerGamePacketListenerImpl.java:1455)
	at TRANSFORMER/minecraft@1.20.1/net.minecraft.network.protocol.game.ServerboundInteractPacket.m_5797_(ServerboundInteractPacket.java:53)
	at TRANSFORMER/minecraft@1.20.1/net.minecraft.network.protocol.game.ServerboundInteractPacket.m_5797_(ServerboundInteractPacket.java:13)
	at TRANSFORMER/minecraft@1.20.1/net.minecraft.network.protocol.PacketUtils.m_263899_(PacketUtils.java:22)
	at TRANSFORMER/minecraft@1.20.1/net.minecraft.server.TickTask.run(TickTask.java:18)
	at TRANSFORMER/minecraft@1.20.1/net.minecraft.util.thread.BlockableEventLoop.m_6367_(BlockableEventLoop.java:156)
	at TRANSFORMER/minecraft@1.20.1/net.minecraft.util.thread.ReentrantBlockableEventLoop.m_6367_(ReentrantBlockableEventLoop.java:23)
	at TRANSFORMER/minecraft@1.20.1/net.minecraft.server.MinecraftServer.m_6367_(MinecraftServer.java:770)
	at TRANSFORMER/minecraft@1.20.1/net.minecraft.server.MinecraftServer.m_6367_(MinecraftServer.java:161)
	at TRANSFORMER/minecraft@1.20.1/net.minecraft.util.thread.BlockableEventLoop.m_7245_(BlockableEventLoop.java:130)
	at TRANSFORMER/minecraft@1.20.1/net.minecraft.server.MinecraftServer.m_129961_(MinecraftServer.java:753)
	at TRANSFORMER/minecraft@1.20.1/net.minecraft.server.MinecraftServer.m_7245_(MinecraftServer.java:747)
	at TRANSFORMER/minecraft@1.20.1/net.minecraft.util.thread.BlockableEventLoop.m_18699_(BlockableEventLoop.java:115)
	at TRANSFORMER/minecraft@1.20.1/net.minecraft.server.MinecraftServer.m_130012_(MinecraftServer.java:732)
	at TRANSFORMER/minecraft@1.20.1/net.minecraft.server.MinecraftServer.m_130011_(MinecraftServer.java:665)
	at TRANSFORMER/minecraft@1.20.1/net.minecraft.server.MinecraftServer.m_206580_(MinecraftServer.java:251)
	at java.base/java.lang.Thread.run(Thread.java:840)

[23Feb2025 22:29:09.915] [Server thread/ERROR] [net.minecraft.network.protocol.PacketUtils/]: Failed to handle packet net.minecraft.network.protocol.game.ServerboundInteractPacket@4b4fae8b, suppressing error
java.lang.NullPointerException: Cannot invoke "net.minecraft.world.entity.Entity.m_20206_()" because "entityHeld" is null
	at tschipp.carryon.common.carry.PlacementHandler.tryStackEntity(PlacementHandler.java:199) ~[carryon-forge-1.20.1-2.1.2.7.jar%23156!/:2.1.2.7]
	at tschipp.carryon.events.CommonEvents.onEntityRightClick(CommonEvents.java:124) ~[carryon-forge-1.20.1-2.1.2.7.jar%23156!/:2.1.2.7]
	at tschipp.carryon.events.__CommonEvents_onEntityRightClick_EntityInteract.invoke(.dynamic) ~[carryon-forge-1.20.1-2.1.2.7.jar%23156!/:2.1.2.7]
	at net.minecraftforge.eventbus.ASMEventHandler.invoke(ASMEventHandler.java:73) ~[eventbus-6.0.5.jar%2352!/:?]
	at net.minecraftforge.eventbus.EventBus.post(EventBus.java:315) ~[eventbus-6.0.5.jar%2352!/:?]
	at net.minecraftforge.eventbus.EventBus.post(EventBus.java:296) ~[eventbus-6.0.5.jar%2352!/:?]
	at net.minecraftforge.common.ForgeHooks.onInteractEntity(ForgeHooks.java:764) ~[forge-1.20.1-47.3.7-universal.jar%23206!/:?]
	at net.minecraft.world.entity.player.Player.m_36157_(Player.java:975) ~[server-1.20.1-20230612.114412-srg.jar%23201!/:?]
	at net.minecraft.server.network.ServerGamePacketListenerImpl$1.m_143678_(ServerGamePacketListenerImpl.java:1460) ~[server-1.20.1-20230612.114412-srg.jar%23201!/:?]
	at net.minecraft.server.network.ServerGamePacketListenerImpl$1.m_142299_(ServerGamePacketListenerImpl.java:1472) ~[server-1.20.1-20230612.114412-srg.jar%23201!/:?]
	at net.minecraft.network.protocol.game.ServerboundInteractPacket$InteractionAction.m_142457_(ServerboundInteractPacket.java:116) ~[server-1.20.1-20230612.114412-srg.jar%23201!/:?]
	at net.minecraft.network.protocol.game.ServerboundInteractPacket.m_179617_(ServerboundInteractPacket.java:66) ~[server-1.20.1-20230612.114412-srg.jar%23201!/:?]
	at net.minecraft.server.network.ServerGamePacketListenerImpl.m_6946_(ServerGamePacketListenerImpl.java:1455) ~[server-1.20.1-20230612.114412-srg.jar%23201!/:?]
	at net.minecraft.network.protocol.game.ServerboundInteractPacket.m_5797_(ServerboundInteractPacket.java:53) ~[server-1.20.1-20230612.114412-srg.jar%23201!/:?]
	at net.minecraft.network.protocol.game.ServerboundInteractPacket.m_5797_(ServerboundInteractPacket.java:13) ~[server-1.20.1-20230612.114412-srg.jar%23201!/:?]
	at net.minecraft.network.protocol.PacketUtils.m_263899_(PacketUtils.java:22) ~[server-1.20.1-20230612.114412-srg.jar%23201!/:?]
	at net.minecraft.server.TickTask.run(TickTask.java:18) ~[server-1.20.1-20230612.114412-srg.jar%23201!/:?]
	at net.minecraft.util.thread.BlockableEventLoop.m_6367_(BlockableEventLoop.java:156) ~[server-1.20.1-20230612.114412-srg.jar%23201!/:?]
	at net.minecraft.util.thread.ReentrantBlockableEventLoop.m_6367_(ReentrantBlockableEventLoop.java:23) ~[server-1.20.1-20230612.114412-srg.jar%23201!/:?]
	at net.minecraft.server.MinecraftServer.m_6367_(MinecraftServer.java:770) ~[server-1.20.1-20230612.114412-srg.jar%23201!/:?]
	at net.minecraft.server.MinecraftServer.m_6367_(MinecraftServer.java:161) ~[server-1.20.1-20230612.114412-srg.jar%23201!/:?]
	at net.minecraft.util.thread.BlockableEventLoop.m_7245_(BlockableEventLoop.java:130) ~[server-1.20.1-20230612.114412-srg.jar%23201!/:?]
	at net.minecraft.server.MinecraftServer.m_129961_(MinecraftServer.java:753) ~[server-1.20.1-20230612.114412-srg.jar%23201!/:?]
	at net.minecraft.server.MinecraftServer.m_7245_(MinecraftServer.java:747) ~[server-1.20.1-20230612.114412-srg.jar%23201!/:?]
	at net.minecraft.util.thread.BlockableEventLoop.m_18699_(BlockableEventLoop.java:115) ~[server-1.20.1-20230612.114412-srg.jar%23201!/:?]
	at net.minecraft.server.MinecraftServer.m_130012_(MinecraftServer.java:732) ~[server-1.20.1-20230612.114412-srg.jar%23201!/:?]
	at net.minecraft.server.MinecraftServer.m_130011_(MinecraftServer.java:665) ~[server-1.20.1-20230612.114412-srg.jar%23201!/:?]
	at net.minecraft.server.MinecraftServer.m_206580_(MinecraftServer.java:251) ~[server-1.20.1-20230612.114412-srg.jar%23201!/:?]
	at java.lang.Thread.run(Thread.java:840) ~[?:?]
[23Feb2025 22:31:37.464] [Server thread/INFO] [net.minecraft.server.MinecraftServer/]: [WositoGamer: Teleported WositoGamer to xVelnar]
[23Feb2025 22:31:46.677] [Server thread/INFO] [net.minecraft.server.MinecraftServer/]: WositoGamer has made the advancement [Eye of The Storm]
[23Feb2025 22:31:49.411] [Server thread/INFO] [net.minecraft.server.MinecraftServer/]: xVelnar has made the advancement [Eye of The Storm]
[23Feb2025 22:32:47.460] [Server thread/INFO] [net.minecraft.server.MinecraftServer/]: WositoGamer has made the advancement [Chompy]
[23Feb2025 22:32:52.769] [Server thread/INFO] [net.minecraft.server.MinecraftServer/]: xVelnar has made the advancement [Chompy]
[23Feb2025 22:34:06.352] [Worker-Main-5/ERROR] [net.minecraft.world.entity.decoration.HangingEntity/]: Hanging entity at invalid position: BlockPos{x=311, y=48, z=214}
[23Feb2025 22:34:06.352] [Worker-Main-5/ERROR] [net.minecraft.world.entity.decoration.HangingEntity/]: Hanging entity at invalid position: BlockPos{x=310, y=48, z=214}
[23Feb2025 22:34:06.352] [Worker-Main-5/ERROR] [net.minecraft.world.entity.decoration.HangingEntity/]: Hanging entity at invalid position: BlockPos{x=309, y=49, z=214}
[23Feb2025 22:34:06.352] [Worker-Main-5/ERROR] [net.minecraft.world.entity.decoration.HangingEntity/]: Hanging entity at invalid position: BlockPos{x=309, y=48, z=214}
[23Feb2025 22:34:06.353] [Worker-Main-5/ERROR] [net.minecraft.world.entity.decoration.HangingEntity/]: Hanging entity at invalid position: BlockPos{x=310, y=49, z=214}
[23Feb2025 22:34:06.353] [Worker-Main-5/ERROR] [net.minecraft.world.entity.decoration.HangingEntity/]: Hanging entity at invalid position: BlockPos{x=311, y=49, z=214}
[23Feb2025 22:34:06.353] [Worker-Main-5/ERROR] [net.minecraft.world.entity.decoration.HangingEntity/]: Hanging entity at invalid position: BlockPos{x=311, y=50, z=214}
[23Feb2025 22:34:06.353] [Worker-Main-5/ERROR] [net.minecraft.world.entity.decoration.HangingEntity/]: Hanging entity at invalid position: BlockPos{x=310, y=50, z=214}
[23Feb2025 22:34:06.353] [Worker-Main-5/ERROR] [net.minecraft.world.entity.decoration.HangingEntity/]: Hanging entity at invalid position: BlockPos{x=309, y=50, z=214}
[23Feb2025 22:39:17.968] [Server thread/INFO] [net.minecraft.server.MinecraftServer/]: [WositoGamer: Teleported xVelnar to WositoGamer]
[23Feb2025 22:40:21.252] [Server thread/INFO] [net.minecraft.server.MinecraftServer/]: WositoGamer has made the advancement [Birds of a Feather]
[23Feb2025 22:40:40.691] [Server thread/INFO] [net.minecraft.server.MinecraftServer/]: [WositoGamer: Teleported xVelnar to WositoGamer]
[23Feb2025 22:40:44.320] [Server thread/WARN] [tombstone/]: The death event of the player xVelnar was canceled by another mod
[23Feb2025 22:40:44.325] [Server thread/INFO] [tombstone/]: The player xVelnar has successfully been saved
[23Feb2025 22:40:57.166] [Server thread/WARN] [tombstone/]: The death event of the player xVelnar was canceled by another mod
[23Feb2025 22:40:57.171] [Server thread/INFO] [tombstone/]: The player xVelnar has successfully been saved
[23Feb2025 22:41:09.513] [Server thread/WARN] [tombstone/]: The death event of the player xVelnar was canceled by another mod
[23Feb2025 22:41:09.516] [Server thread/INFO] [tombstone/]: The player xVelnar has successfully been saved
[23Feb2025 22:41:35.368] [Server thread/INFO] [net.minecraft.server.MinecraftServer/]: xVelnar has reached the goal [Strong or Careful]
[23Feb2025 22:41:35.369] [Server thread/INFO] [net.minecraft.server.MinecraftServer/]: xVelnar was burnt to a crisp whilst fighting Umvuthi, the Sunbird
[23Feb2025 22:41:35.379] [Server thread/INFO] [net.minecraft.server.MinecraftServer/]: xVelnar has made the advancement [Your First Grave]
[23Feb2025 22:41:35.384] [Server thread/INFO] [tombstone/]: The player xVelnar has successfully been saved
[23Feb2025 22:41:36.636] [Server thread/WARN] [dev.gigaherz.toolbelt.slot.BeltExtensionSlot/]: New entity has data, contents assigned.
[23Feb2025 22:41:40.273] [Server thread/INFO] [net.minecraft.server.MinecraftServer/]: [WositoGamer: Teleported xVelnar to WositoGamer]
[23Feb2025 22:42:37.253] [Server thread/INFO] [net.minecraft.server.MinecraftServer/]: xVelnar has made the advancement [Birds of a Feather]
[23Feb2025 22:43:24.616] [Server thread/INFO] [net.minecraft.server.MinecraftServer/]: WositoGamer has completed the challenge [Praise the Sun]
[23Feb2025 22:43:54.720] [Server thread/INFO] [net.minecraft.server.MinecraftServer/]: [WositoGamer: Teleported xVelnar to WositoGamer]
[23Feb2025 22:44:57.612] [Server thread/INFO] [net.minecraft.server.MinecraftServer/]: xVelnar has made the advancement [Safe Haven]
[23Feb2025 22:44:58.611] [Server thread/INFO] [net.minecraft.server.MinecraftServer/]: [WositoGamer: Teleported xVelnar to WositoGamer]
[23Feb2025 22:45:54.363] [Server thread/INFO] [net.minecraft.server.MinecraftServer/]: xVelnar has made the advancement [Call For Adventure]
[23Feb2025 22:45:55.530] [Worker-Main-3/WARN] [net.minecraft.world.level.levelgen.structure.pools.JigsawPlacement/]: Empty or non-existent pool: minecraft:minecraft_empty
[23Feb2025 22:45:55.534] [Worker-Main-3/WARN] [net.minecraft.world.level.levelgen.structure.pools.JigsawPlacement/]: Empty or non-existent pool: minecraft:minecraft_empty
[23Feb2025 22:46:07.478] [Server thread/INFO] [net.minecraft.server.MinecraftServer/]: [WositoGamer: Teleported WositoGamer to -1882.500000, 128.500000, -1796.500000]
[23Feb2025 22:46:20.587] [Server thread/INFO] [net.minecraft.server.MinecraftServer/]: [WositoGamer: Teleported WositoGamer to xVelnar]
[23Feb2025 22:46:40.922] [Server thread/INFO] [net.minecraft.server.MinecraftServer/]: [WositoGamer: Teleported WositoGamer to -1882.500000, 128.500000, -1796.500000]
[23Feb2025 22:46:55.685] [Server thread/INFO] [net.minecraft.server.MinecraftServer/]: [WositoGamer: Teleported xVelnar to WositoGamer]
[23Feb2025 22:48:09.779] [Server thread/INFO] [net.minecraft.server.MinecraftServer/]: [KewexX07: Teleported KewexX07 to WositoGamer]
[23Feb2025 22:49:36.255] [Server thread/INFO] [net.minecraft.server.MinecraftServer/]: [Not Secure] <WositoGamer> Eh
[23Feb2025 22:49:46.513] [Server thread/INFO] [net.minecraft.server.MinecraftServer/]: [Not Secure] <KewexX07> soy el cogedor
[23Feb2025 22:50:16.815] [Server thread/INFO] [net.minecraft.server.MinecraftServer/]: [Not Secure] <KewexX07> me puedes hacer daño?
[23Feb2025 22:51:31.802] [Server thread/INFO] [net.minecraft.server.MinecraftServer/]: [Not Secure] <WositoGamer> Hiciste desaparecer
[23Feb2025 22:51:37.535] [Server thread/INFO] [net.minecraft.server.MinecraftServer/]: [Not Secure] <KewexX07> que cosa
[23Feb2025 22:51:39.310] [Server thread/INFO] [net.minecraft.server.MinecraftServer/]: [Not Secure] <WositoGamer> Lo que tiro Rogger
[23Feb2025 22:51:42.171] [Server thread/INFO] [net.minecraft.server.MinecraftServer/]: [Not Secure] <KewexX07> A
[23Feb2025 22:51:45.421] [Server thread/INFO] [net.minecraft.server.MinecraftServer/]: [Not Secure] <KewexX07> que tiro
[23Feb2025 22:51:49.205] [Server thread/INFO] [net.minecraft.server.MinecraftServer/]: [Not Secure] <WositoGamer> Su arma
[23Feb2025 22:51:51.982] [Server thread/INFO] [net.minecraft.server.MinecraftServer/]: [Not Secure] <KewexX07> xd
[23Feb2025 22:52:01.761] [Server thread/INFO] [net.minecraft.server.MinecraftServer/]: [Not Secure] <WositoGamer> Dale diamantes jaja
[23Feb2025 22:52:06.977] [Server thread/INFO] [net.minecraft.server.MinecraftServer/]: [Not Secure] <KewexX07> cuantos
[23Feb2025 22:52:08.703] [Server thread/INFO] [net.minecraft.server.MinecraftServer/]: [Not Secure] <WositoGamer> 5
[23Feb2025 22:52:11.004] [Server thread/INFO] [net.minecraft.server.MinecraftServer/]: [Not Secure] <xVelnar> pasa diamantes pa hacer
[23Feb2025 22:52:25.005] [Server thread/INFO] [net.minecraft.server.MinecraftServer/]: [Not Secure] <KewexX07> toma 20 pobre
[23Feb2025 22:52:32.337] [Server thread/INFO] [net.minecraft.server.MinecraftServer/]: [Not Secure] <WositoGamer> Bueee
[23Feb2025 22:52:58.124] [Server thread/ERROR] [net.minecraftforge.eventbus.EventBus/EVENTBUS]: Exception caught during firing event: Cannot invoke "net.minecraft.world.entity.Entity.m_20206_()" because "entityHeld" is null
	Index: 3
	Listeners:
		0: HIGHEST
		1: ASM: class ovh.corail.tombstone.event.EventHandler onPlayerInteractEntity(Lnet/minecraftforge/event/entity/player/PlayerInteractEvent$EntityInteract;)V
		2: HIGH
		3: ASM: class tschipp.carryon.events.CommonEvents onEntityRightClick(Lnet/minecraftforge/event/entity/player/PlayerInteractEvent$EntityInteract;)V
		4: ASM: team.creative.playerrevive.server.ReviveEventServer@7ce51f3b playerInteract(Lnet/minecraftforge/event/entity/player/PlayerInteractEvent$EntityInteract;)V
		5: NORMAL
		6: ASM: com.bobmowzie.mowziesmobs.server.ServerEventHandler@13b44b18 onPlayerInteract(Lnet/minecraftforge/event/entity/player/PlayerInteractEvent$EntityInteract;)V
		7: ASM: com.bobmowzie.mowziesmobs.server.ability.AbilityCommonEventHandler@2a537c9d onPlayerRightClickEntity(Lnet/minecraftforge/event/entity/player/PlayerInteractEvent$EntityInteract;)V
		8: ASM: com.github.alexthe666.alexsmobs.event.ServerEvents@1ff643a9 onInteractWithEntity(Lnet/minecraftforge/event/entity/player/PlayerInteractEvent$EntityInteract;)V
		9: net.minecraftforge.eventbus.EventBus$$Lambda$4242/0x0000756618afea18@3d39c376
		10: net.minecraftforge.eventbus.EventBus$$Lambda$4242/0x0000756618afea18@47ae86cb
		11: ASM: class tictim.paraglider.forge.event.ParagliderEventHandler onPlayerInteract(Lnet/minecraftforge/event/entity/player/PlayerInteractEvent;)V
java.lang.NullPointerException: Cannot invoke "net.minecraft.world.entity.Entity.m_20206_()" because "entityHeld" is null
	at TRANSFORMER/carryon@2.1.2.7/tschipp.carryon.common.carry.PlacementHandler.tryStackEntity(PlacementHandler.java:199)
	at TRANSFORMER/carryon@2.1.2.7/tschipp.carryon.events.CommonEvents.onEntityRightClick(CommonEvents.java:124)
	at TRANSFORMER/carryon@2.1.2.7/tschipp.carryon.events.__CommonEvents_onEntityRightClick_EntityInteract.invoke(.dynamic)
	at MC-BOOTSTRAP/net.minecraftforge.eventbus/net.minecraftforge.eventbus.ASMEventHandler.invoke(ASMEventHandler.java:73)
	at MC-BOOTSTRAP/net.minecraftforge.eventbus/net.minecraftforge.eventbus.EventBus.post(EventBus.java:315)
	at MC-BOOTSTRAP/net.minecraftforge.eventbus/net.minecraftforge.eventbus.EventBus.post(EventBus.java:296)
	at TRANSFORMER/forge@47.3.7/net.minecraftforge.common.ForgeHooks.onInteractEntity(ForgeHooks.java:764)
	at TRANSFORMER/minecraft@1.20.1/net.minecraft.world.entity.player.Player.m_36157_(Player.java:975)
	at TRANSFORMER/minecraft@1.20.1/net.minecraft.server.network.ServerGamePacketListenerImpl$1.m_143678_(ServerGamePacketListenerImpl.java:1460)
	at TRANSFORMER/minecraft@1.20.1/net.minecraft.server.network.ServerGamePacketListenerImpl$1.m_142299_(ServerGamePacketListenerImpl.java:1472)
	at TRANSFORMER/minecraft@1.20.1/net.minecraft.network.protocol.game.ServerboundInteractPacket$InteractionAction.m_142457_(ServerboundInteractPacket.java:116)
	at TRANSFORMER/minecraft@1.20.1/net.minecraft.network.protocol.game.ServerboundInteractPacket.m_179617_(ServerboundInteractPacket.java:66)
	at TRANSFORMER/minecraft@1.20.1/net.minecraft.server.network.ServerGamePacketListenerImpl.m_6946_(ServerGamePacketListenerImpl.java:1455)
	at TRANSFORMER/minecraft@1.20.1/net.minecraft.network.protocol.game.ServerboundInteractPacket.m_5797_(ServerboundInteractPacket.java:53)
	at TRANSFORMER/minecraft@1.20.1/net.minecraft.network.protocol.game.ServerboundInteractPacket.m_5797_(ServerboundInteractPacket.java:13)
	at TRANSFORMER/minecraft@1.20.1/net.minecraft.network.protocol.PacketUtils.m_263899_(PacketUtils.java:22)
	at TRANSFORMER/minecraft@1.20.1/net.minecraft.server.TickTask.run(TickTask.java:18)
	at TRANSFORMER/minecraft@1.20.1/net.minecraft.util.thread.BlockableEventLoop.m_6367_(BlockableEventLoop.java:156)
	at TRANSFORMER/minecraft@1.20.1/net.minecraft.util.thread.ReentrantBlockableEventLoop.m_6367_(ReentrantBlockableEventLoop.java:23)
	at TRANSFORMER/minecraft@1.20.1/net.minecraft.server.MinecraftServer.m_6367_(MinecraftServer.java:770)
	at TRANSFORMER/minecraft@1.20.1/net.minecraft.server.MinecraftServer.m_6367_(MinecraftServer.java:161)
	at TRANSFORMER/minecraft@1.20.1/net.minecraft.util.thread.BlockableEventLoop.m_7245_(BlockableEventLoop.java:130)
	at TRANSFORMER/minecraft@1.20.1/net.minecraft.server.MinecraftServer.m_129961_(MinecraftServer.java:753)
	at TRANSFORMER/minecraft@1.20.1/net.minecraft.server.MinecraftServer.m_7245_(MinecraftServer.java:747)
	at TRANSFORMER/minecraft@1.20.1/net.minecraft.util.thread.BlockableEventLoop.m_18701_(BlockableEventLoop.java:139)
	at TRANSFORMER/minecraft@1.20.1/net.minecraft.server.MinecraftServer.m_130012_(MinecraftServer.java:733)
	at TRANSFORMER/minecraft@1.20.1/net.minecraft.server.MinecraftServer.m_130011_(MinecraftServer.java:665)
	at TRANSFORMER/minecraft@1.20.1/net.minecraft.server.MinecraftServer.m_206580_(MinecraftServer.java:251)
	at java.base/java.lang.Thread.run(Thread.java:840)

[23Feb2025 22:52:58.125] [Server thread/ERROR] [net.minecraft.network.protocol.PacketUtils/]: Failed to handle packet net.minecraft.network.protocol.game.ServerboundInteractPacket@77dd20b2, suppressing error
java.lang.NullPointerException: Cannot invoke "net.minecraft.world.entity.Entity.m_20206_()" because "entityHeld" is null
	at tschipp.carryon.common.carry.PlacementHandler.tryStackEntity(PlacementHandler.java:199) ~[carryon-forge-1.20.1-2.1.2.7.jar%23156!/:2.1.2.7]
	at tschipp.carryon.events.CommonEvents.onEntityRightClick(CommonEvents.java:124) ~[carryon-forge-1.20.1-2.1.2.7.jar%23156!/:2.1.2.7]
	at tschipp.carryon.events.__CommonEvents_onEntityRightClick_EntityInteract.invoke(.dynamic) ~[carryon-forge-1.20.1-2.1.2.7.jar%23156!/:2.1.2.7]
	at net.minecraftforge.eventbus.ASMEventHandler.invoke(ASMEventHandler.java:73) ~[eventbus-6.0.5.jar%2352!/:?]
	at net.minecraftforge.eventbus.EventBus.post(EventBus.java:315) ~[eventbus-6.0.5.jar%2352!/:?]
	at net.minecraftforge.eventbus.EventBus.post(EventBus.java:296) ~[eventbus-6.0.5.jar%2352!/:?]
	at net.minecraftforge.common.ForgeHooks.onInteractEntity(ForgeHooks.java:764) ~[forge-1.20.1-47.3.7-universal.jar%23206!/:?]
	at net.minecraft.world.entity.player.Player.m_36157_(Player.java:975) ~[server-1.20.1-20230612.114412-srg.jar%23201!/:?]
	at net.minecraft.server.network.ServerGamePacketListenerImpl$1.m_143678_(ServerGamePacketListenerImpl.java:1460) ~[server-1.20.1-20230612.114412-srg.jar%23201!/:?]
	at net.minecraft.server.network.ServerGamePacketListenerImpl$1.m_142299_(ServerGamePacketListenerImpl.java:1472) ~[server-1.20.1-20230612.114412-srg.jar%23201!/:?]
	at net.minecraft.network.protocol.game.ServerboundInteractPacket$InteractionAction.m_142457_(ServerboundInteractPacket.java:116) ~[server-1.20.1-20230612.114412-srg.jar%23201!/:?]
	at net.minecraft.network.protocol.game.ServerboundInteractPacket.m_179617_(ServerboundInteractPacket.java:66) ~[server-1.20.1-20230612.114412-srg.jar%23201!/:?]
	at net.minecraft.server.network.ServerGamePacketListenerImpl.m_6946_(ServerGamePacketListenerImpl.java:1455) ~[server-1.20.1-20230612.114412-srg.jar%23201!/:?]
	at net.minecraft.network.protocol.game.ServerboundInteractPacket.m_5797_(ServerboundInteractPacket.java:53) ~[server-1.20.1-20230612.114412-srg.jar%23201!/:?]
	at net.minecraft.network.protocol.game.ServerboundInteractPacket.m_5797_(ServerboundInteractPacket.java:13) ~[server-1.20.1-20230612.114412-srg.jar%23201!/:?]
	at net.minecraft.network.protocol.PacketUtils.m_263899_(PacketUtils.java:22) ~[server-1.20.1-20230612.114412-srg.jar%23201!/:?]
	at net.minecraft.server.TickTask.run(TickTask.java:18) ~[server-1.20.1-20230612.114412-srg.jar%23201!/:?]
	at net.minecraft.util.thread.BlockableEventLoop.m_6367_(BlockableEventLoop.java:156) ~[server-1.20.1-20230612.114412-srg.jar%23201!/:?]
	at net.minecraft.util.thread.ReentrantBlockableEventLoop.m_6367_(ReentrantBlockableEventLoop.java:23) ~[server-1.20.1-20230612.114412-srg.jar%23201!/:?]
	at net.minecraft.server.MinecraftServer.m_6367_(MinecraftServer.java:770) ~[server-1.20.1-20230612.114412-srg.jar%23201!/:?]
	at net.minecraft.server.MinecraftServer.m_6367_(MinecraftServer.java:161) ~[server-1.20.1-20230612.114412-srg.jar%23201!/:?]
	at net.minecraft.util.thread.BlockableEventLoop.m_7245_(BlockableEventLoop.java:130) ~[server-1.20.1-20230612.114412-srg.jar%23201!/:?]
	at net.minecraft.server.MinecraftServer.m_129961_(MinecraftServer.java:753) ~[server-1.20.1-20230612.114412-srg.jar%23201!/:?]
	at net.minecraft.server.MinecraftServer.m_7245_(MinecraftServer.java:747) ~[server-1.20.1-20230612.114412-srg.jar%23201!/:?]
	at net.minecraft.util.thread.BlockableEventLoop.m_18701_(BlockableEventLoop.java:139) ~[server-1.20.1-20230612.114412-srg.jar%23201!/:?]
	at net.minecraft.server.MinecraftServer.m_130012_(MinecraftServer.java:733) ~[server-1.20.1-20230612.114412-srg.jar%23201!/:?]
	at net.minecraft.server.MinecraftServer.m_130011_(MinecraftServer.java:665) ~[server-1.20.1-20230612.114412-srg.jar%23201!/:?]
	at net.minecraft.server.MinecraftServer.m_206580_(MinecraftServer.java:251) ~[server-1.20.1-20230612.114412-srg.jar%23201!/:?]
	at java.lang.Thread.run(Thread.java:840) ~[?:?]
[23Feb2025 22:53:14.970] [Server thread/INFO] [net.minecraft.server.MinecraftServer/]: [KewexX07: Teleported KewexX07 to -4437.500000, 95.500000, -2259.500000]
[23Feb2025 22:54:45.925] [Server thread/INFO] [net.minecraft.server.MinecraftServer/]: xVelnar has made the advancement [Cover Me with Diamonds]
[23Feb2025 22:54:46.560] [Server thread/INFO] [net.minecraft.server.MinecraftServer/]: KewexX07 has made the advancement [No Step on Snake]
[23Feb2025 22:54:54.489] [Server thread/INFO] [net.minecraft.server.MinecraftServer/]: [KewexX07: Teleported KewexX07 to -1892.500000, 128.500000, -1787.500000]
[23Feb2025 22:55:19.954] [Server thread/INFO] [net.minecraft.server.network.ServerGamePacketListenerImpl/]: xVelnar lost connection: Disconnected
[23Feb2025 22:55:19.954] [Server thread/INFO] [net.minecraft.server.MinecraftServer/]: xVelnar left the game
[23Feb2025 22:55:24.352] [Server thread/INFO] [net.minecraft.server.MinecraftServer/]: WositoGamer has made the advancement [No Step on Snake]
[23Feb2025 22:55:59.725] [Server thread/INFO] [net.minecraft.server.MinecraftServer/]: [Not Secure] <KewexX07> ninguna terraza da al sol
[23Feb2025 22:56:08.034] [Server thread/INFO] [net.minecraft.server.MinecraftServer/]: [Not Secure] <WositoGamer> Nel jaja
[23Feb2025 22:56:22.337] [Server thread/INFO] [net.minecraft.server.MinecraftServer/]: [Not Secure] <KewexX07> cada dia mas arq
[23Feb2025 22:56:31.733] [Server thread/INFO] [net.minecraft.server.MinecraftServer/]: [Not Secure] <WositoGamer> Obvio pa JAJAJA
[23Feb2025 22:57:00.854] [Server thread/INFO] [net.minecraft.server.MinecraftServer/]: [Not Secure] <WositoGamer> Ya puede reparar armas con sangre jaja
[23Feb2025 22:57:37.168] [Server thread/INFO] [net.minecraft.server.MinecraftServer/]: [Not Secure] <KewexX07> mi pilin
[23Feb2025 22:57:56.682] [Server thread/INFO] [net.minecraft.server.MinecraftServer/]: [Not Secure] <KewexX07> y rogger?
[23Feb2025 22:58:10.288] [Server thread/INFO] [net.minecraft.server.MinecraftServer/]: [Not Secure] <WositoGamer> Se fue hacer unas cosas
[23Feb2025 22:58:17.631] [Server thread/INFO] [net.minecraft.server.MinecraftServer/]: [Not Secure] <WositoGamer> Ven aca
[23Feb2025 22:58:28.778] [Server thread/INFO] [net.minecraft.server.MinecraftServer/]: [Not Secure] <WositoGamer> Tienes herramientas dañadas?
[23Feb2025 22:58:33.626] [Server thread/INFO] [net.minecraft.server.MinecraftServer/]: [Not Secure] <KewexX07> noup
[23Feb2025 22:58:37.804] [Server thread/INFO] [net.minecraft.server.MinecraftServer/]: [Not Secure] <KewexX07> una pala
[23Feb2025 22:58:38.186] [Server thread/INFO] [net.minecraft.server.MinecraftServer/]: [Not Secure] <WositoGamer> Pico
[23Feb2025 22:58:47.681] [Server thread/INFO] [net.minecraft.server.MinecraftServer/]: [Not Secure] <WositoGamer> Ponla en el cofre
[23Feb2025 22:58:53.621] [Server thread/INFO] [net.minecraft.server.MinecraftServer/]: [Not Secure] <WositoGamer> Y se va reparando poco a poco
[23Feb2025 22:59:00.204] [Server thread/INFO] [net.minecraft.server.MinecraftServer/]: [Not Secure] <WositoGamer> COFRE!
[23Feb2025 22:59:18.566] [Server thread/INFO] [net.minecraft.server.MinecraftServer/]: [Not Secure] <WositoGamer> Un crack yo
[23Feb2025 22:59:26.016] [Server thread/INFO] [net.minecraft.server.MinecraftServer/]: [Not Secure] <KewexX07> e velda
[23Feb2025 22:59:35.425] [Server thread/INFO] [net.minecraft.server.MinecraftServer/]: [Not Secure] <WositoGamer> Solo es con sangre
[23Feb2025 23:00:30.962] [Server thread/INFO] [net.minecraft.server.MinecraftServer/]: [Not Secure] <WositoGamer> Mira
[23Feb2025 23:01:45.081] [Server thread/INFO] [net.minecraft.server.MinecraftServer/]: [Not Secure] <KewexX07> el portal al nether donde va
[23Feb2025 23:02:05.515] [Server thread/INFO] [net.minecraft.server.MinecraftServer/]: [Not Secure] <KewexX07> awbo bañito
[23Feb2025 23:02:11.012] [Server thread/INFO] [net.minecraft.server.MinecraftServer/]: [Not Secure] <WositoGamer> JAJA
[23Feb2025 23:02:12.987] [Server thread/INFO] [net.minecraft.server.MinecraftServer/]: [Not Secure] <WositoGamer> Ni idea
[23Feb2025 23:02:22.469] [Server thread/INFO] [net.minecraft.server.MinecraftServer/]: [Not Secure] <WositoGamer> Ponlo en la parte de atras
[23Feb2025 23:02:22.919] [Server thread/INFO] [net.minecraft.server.MinecraftServer/]: [Not Secure] <KewexX07> quiero ir a explorarlo
[23Feb2025 23:04:50.660] [Server thread/WARN] [net.minecraft.server.level.ServerPlayerGameMode/]: Mismatch in destroy block pos: BlockPos{x=-1842, y=128, z=-1776} BlockPos{x=-1843, y=126, z=-1775}
[23Feb2025 23:04:50.703] [Server thread/WARN] [net.minecraft.server.level.ServerPlayerGameMode/]: Mismatch in destroy block pos: BlockPos{x=-1842, y=128, z=-1776} BlockPos{x=-1843, y=126, z=-1775}
[23Feb2025 23:05:33.310] [Server thread/INFO] [net.minecraft.server.MinecraftServer/]: [KewexX07: Teleported KewexX07 to 116.500000, 67.500000, -1627.500000]
[23Feb2025 23:05:47.426] [Server thread/INFO] [net.minecraft.server.MinecraftServer/]: [Not Secure] <WositoGamer> Estas en desierto?
[23Feb2025 23:05:50.863] [Server thread/INFO] [net.minecraft.server.MinecraftServer/]: [Not Secure] <KewexX07> noup
[23Feb2025 23:05:58.909] [Server thread/INFO] [net.minecraft.server.MinecraftServer/]: [KewexX07: Teleported KewexX07 to -1892.500000, 128.500000, -1787.500000]
[23Feb2025 23:05:59.111] [Server thread/INFO] [net.minecraft.server.MinecraftServer/]: [Not Secure] <WositoGamer> Ta mare
[23Feb2025 23:06:11.814] [Server thread/INFO] [net.minecraft.server.MinecraftServer/]: [Not Secure] <KewexX07> por?
[23Feb2025 23:06:27.038] [Server thread/INFO] [net.minecraft.server.MinecraftServer/]: [Not Secure] <WositoGamer> Queria ir pa conseguir arbustos muertos
[23Feb2025 23:06:27.421] [Server thread/INFO] [net.minecraft.server.MinecraftServer/]: [KewexX07: Teleported KewexX07 to WositoGamer]
[23Feb2025 23:06:33.702] [Server thread/INFO] [net.minecraft.server.MinecraftServer/]: [Not Secure] <KewexX07> para?
[23Feb2025 23:06:38.363] [Server thread/INFO] [net.minecraft.server.MinecraftServer/]: [Not Secure] <WositoGamer> Pa el mod
[23Feb2025 23:06:56.664] [Server thread/INFO] [net.minecraft.server.MinecraftServer/]: [Not Secure] <KewexX07> aa
[23Feb2025 23:07:00.162] [Server thread/INFO] [net.minecraft.server.MinecraftServer/]: [KewexX07: Teleported KewexX07 to 116.500000, 67.500000, -1627.500000]
[23Feb2025 23:07:35.810] [Server thread/INFO] [net.minecraft.server.MinecraftServer/]: [WositoGamer: Teleported WositoGamer to KewexX07]
[23Feb2025 23:09:24.973] [Server thread/INFO] [net.minecraft.server.MinecraftServer/]: [WositoGamer: Teleported WositoGamer to -1882.500000, 128.500000, -1796.500000]
[23Feb2025 23:11:51.159] [Server thread/INFO] [net.minecraft.server.MinecraftServer/]: [KewexX07: Teleported KewexX07 to -1892.500000, 128.500000, -1787.500000]
[23Feb2025 23:15:53.413] [Server thread/INFO] [net.minecraft.server.MinecraftServer/]: KewexX07 has made the advancement [The Right Suit Makes all the Difference]
[23Feb2025 23:23:39.662] [Server thread/INFO] [net.minecraft.server.MinecraftServer/]: KewexX07 has made the advancement [Those Were the Days]
[23Feb2025 23:24:05.163] [Server thread/INFO] [net.minecraft.server.network.ServerGamePacketListenerImpl/]: KewexX07 lost connection: Timed out
[23Feb2025 23:24:05.163] [Server thread/INFO] [net.minecraft.server.MinecraftServer/]: KewexX07 left the game
[23Feb2025 23:25:05.772] [Server thread/INFO] [net.minecraft.server.players.PlayerList/]: KewexX07[/127.27.93.139:40549] logged in with entity id 51958 at (-207.60926579213458, 37.0, -140.4436934671364)
[23Feb2025 23:25:05.785] [Server thread/INFO] [net.minecraft.server.MinecraftServer/]: KewexX07 joined the game
[23Feb2025 23:25:05.790] [Server thread/INFO] [Jade/]: Syncing config to KewexX07 (ae17d3a0-c4fb-3f82-a743-97d80067eb70)
[23Feb2025 23:25:06.237] [Server thread/WARN] [ImprovableSkills/]: Skill tick took too long! (429 ms, expected <50 ms!). Time map: [improvableskills:ladder_king=429, improvableskills:luck_of_the_sea=0, improvableskills:silent_foot=0, improvableskills:obsidian_skin=0, improvableskills:attack_speed=0, improvableskills:dexterous_arms=0, improvableskills:huckster=0, improvableskills:fast_swimmer=0, improvableskills:growth=0, improvableskills:accelerated_furnace=0, improvableskills:pvp=0, improvableskills:xp_plus=0, improvableskills:soft_landing=0, improvableskills:cutting=0, improvableskills:treasure_sands=0, improvableskills:mob_repellent=0, improvableskills:mining=0, improvableskills:atkdmg_ranged=0, improvableskills:alchemist=0, improvableskills:leaper=0, improvableskills:atkdmg_melee=0, improvableskills:ender_manipulator=0, improvableskills:generic_protection=0, improvableskills:health=0, improvableskills:enchanter=0, improvableskills:digging=0, improvableskills:soul_speed=0]
[23Feb2025 23:25:07.770] [Server thread/INFO] [ImprovableSkills/]: Sending skill data to KewexX07 (ae17d3a0-c4fb-3f82-a743-97d80067eb70)
[23Feb2025 23:26:05.916] [Server thread/INFO] [net.minecraft.server.network.ServerGamePacketListenerImpl/]: KewexX07 lost connection: Disconnected
[23Feb2025 23:26:05.916] [Server thread/INFO] [net.minecraft.server.MinecraftServer/]: KewexX07 left the game
[23Feb2025 23:26:42.052] [Server thread/INFO] [net.minecraft.server.MinecraftServer/]: You whisper to WositoGamer: toi bugeado
[23Feb2025 23:26:59.924] [Server thread/INFO] [net.minecraft.server.MinecraftServer/]: [Not Secure] <WositoGamer> Verga jaja
[23Feb2025 23:27:01.304] [Server thread/INFO] [net.minecraft.server.MinecraftServer/]: You whisper to WositoGamer: ya me salio que use mas del 90% del server
[23Feb2025 23:27:22.954] [Server thread/INFO] [net.minecraft.server.MinecraftServer/]: You whisper to WositoGamer: pilas voy a arreglar eso y apago
[23Feb2025 23:27:39.762] [Server thread/INFO] [net.minecraft.server.players.PlayerList/]: KewexX07[/127.27.93.139:46937] logged in with entity id 52528 at (-207.60926579213458, 37.0, -140.4436934671364)
[23Feb2025 23:27:39.775] [Server thread/INFO] [net.minecraft.server.MinecraftServer/]: KewexX07 joined the game
[23Feb2025 23:27:39.779] [Server thread/INFO] [Jade/]: Syncing config to KewexX07 (ae17d3a0-c4fb-3f82-a743-97d80067eb70)
[23Feb2025 23:27:40.233] [Server thread/WARN] [ImprovableSkills/]: Skill tick took too long! (370 ms, expected <50 ms!). Time map: [improvableskills:ladder_king=370, improvableskills:luck_of_the_sea=0, improvableskills:silent_foot=0, improvableskills:obsidian_skin=0, improvableskills:attack_speed=0, improvableskills:dexterous_arms=0, improvableskills:huckster=0, improvableskills:fast_swimmer=0, improvableskills:growth=0, improvableskills:accelerated_furnace=0, improvableskills:pvp=0, improvableskills:xp_plus=0, improvableskills:soft_landing=0, improvableskills:cutting=0, improvableskills:treasure_sands=0, improvableskills:mob_repellent=0, improvableskills:mining=0, improvableskills:atkdmg_ranged=0, improvableskills:alchemist=0, improvableskills:leaper=0, improvableskills:atkdmg_melee=0, improvableskills:ender_manipulator=0, improvableskills:generic_protection=0, improvableskills:health=0, improvableskills:enchanter=0, improvableskills:digging=0, improvableskills:soul_speed=0]
[23Feb2025 23:27:41.274] [Server thread/INFO] [ImprovableSkills/]: Sending skill data to KewexX07 (ae17d3a0-c4fb-3f82-a743-97d80067eb70)
[23Feb2025 23:27:49.067] [Server thread/INFO] [net.minecraft.server.MinecraftServer/]: [WositoGamer: Teleported KewexX07 to WositoGamer]
[23Feb2025 23:28:06.904] [Server thread/INFO] [net.minecraft.server.MinecraftServer/]: You whisper to WositoGamer: entro pero no me carga nada
[23Feb2025 23:28:16.031] [Server thread/INFO] [net.minecraft.server.MinecraftServer/]: [Not Secure] <WositoGamer> a JAJA
[23Feb2025 23:28:30.055] [Server thread/INFO] [net.minecraft.server.network.ServerGamePacketListenerImpl/]: KewexX07 lost connection: Disconnected
[23Feb2025 23:28:30.055] [Server thread/INFO] [net.minecraft.server.MinecraftServer/]: KewexX07 left the game
[23Feb2025 23:28:43.461] [Server thread/INFO] [net.minecraft.server.players.PlayerList/]: KewexX07[/127.27.93.139:57401] logged in with entity id 52815 at (-1882.5873651903987, 135.0, -1786.3332394579895)
[23Feb2025 23:28:43.472] [Server thread/INFO] [net.minecraft.server.MinecraftServer/]: KewexX07 joined the game
[23Feb2025 23:28:43.522] [Server thread/INFO] [Jade/]: Syncing config to KewexX07 (ae17d3a0-c4fb-3f82-a743-97d80067eb70)
[23Feb2025 23:28:43.838] [Server thread/INFO] [ImprovableSkills/]: Sending skill data to KewexX07 (ae17d3a0-c4fb-3f82-a743-97d80067eb70)
[23Feb2025 23:29:18.603] [Server thread/INFO] [net.minecraft.server.network.ServerGamePacketListenerImpl/]: KewexX07 lost connection: Timed out
[23Feb2025 23:29:18.603] [Server thread/INFO] [net.minecraft.server.MinecraftServer/]: KewexX07 left the game
[23Feb2025 23:29:29.953] [Server thread/INFO] [net.minecraft.server.MinecraftServer/]: You whisper to WositoGamer: no me muevas boludoooo
[23Feb2025 23:29:36.315] [Server thread/INFO] [net.minecraft.server.players.PlayerList/]: KewexX07[/127.27.93.139:48143] logged in with entity id 52970 at (-1877.5, 135.0, -1781.5)
[23Feb2025 23:29:36.327] [Server thread/INFO] [net.minecraft.server.MinecraftServer/]: KewexX07 joined the game
[23Feb2025 23:29:36.390] [Server thread/INFO] [Jade/]: Syncing config to KewexX07 (ae17d3a0-c4fb-3f82-a743-97d80067eb70)
[23Feb2025 23:29:36.642] [Server thread/INFO] [ImprovableSkills/]: Sending skill data to KewexX07 (ae17d3a0-c4fb-3f82-a743-97d80067eb70)
[23Feb2025 23:29:37.873] [Server thread/INFO] [net.minecraft.server.MinecraftServer/]: [Not Secure] <WositoGamer> a
[23Feb2025 23:29:50.082] [Server thread/INFO] [net.minecraft.server.MinecraftServer/]: [Not Secure] <KewexX07> revivi
[23Feb2025 23:29:55.181] [Server thread/INFO] [net.minecraft.server.MinecraftServer/]: [Not Secure] <WositoGamer> JAJA
[23Feb2025 23:29:59.856] [Server thread/INFO] [net.minecraft.server.MinecraftServer/]: [Not Secure] <KewexX07> era como lag
[23Feb2025 23:30:03.670] [Server thread/INFO] [net.minecraft.server.MinecraftServer/]: [Not Secure] <WositoGamer> Mira
[23Feb2025 23:30:05.391] [Server thread/INFO] [net.minecraft.server.MinecraftServer/]: [Not Secure] <KewexX07> o es lag
[23Feb2025 23:30:08.253] [Server thread/INFO] [net.minecraft.server.MinecraftServer/]: [Not Secure] <KewexX07> mejor dicho
[23Feb2025 23:30:11.158] [Server thread/INFO] [net.minecraft.server.MinecraftServer/]: [Not Secure] <KewexX07> ya vi
[23Feb2025 23:30:11.475] [Server thread/INFO] [net.minecraft.server.MinecraftServer/]: [Not Secure] <WositoGamer> Lag talvez
[23Feb2025 23:30:19.157] [Server thread/INFO] [net.minecraft.server.MinecraftServer/]: You whisper to WositoGamer: tengo lag xd
[23Feb2025 23:30:24.370] [Server thread/INFO] [net.minecraft.server.MinecraftServer/]: [Not Secure] <WositoGamer> Ya vi JAJA
[23Feb2025 23:30:53.629] [Server thread/INFO] [net.minecraft.server.MinecraftServer/]: [Not Secure] <KewexX07> ya se me deslagueo crei
[23Feb2025 23:31:00.124] [Server thread/INFO] [net.minecraft.server.MinecraftServer/]: [Not Secure] <KewexX07> ve mi barrita
[23Feb2025 23:31:01.452] [Server thread/INFO] [net.minecraft.server.MinecraftServer/]: [Not Secure] <WositoGamer> JAJAJA
[23Feb2025 23:31:06.602] [Server thread/INFO] [net.minecraft.server.MinecraftServer/]: [Not Secure] <KewexX07> 1 rayita
[23Feb2025 23:31:12.552] [Server thread/INFO] [net.minecraft.server.MinecraftServer/]: [Not Secure] <WositoGamer> Verga 1 rayita JAJA
[23Feb2025 23:31:15.904] [Server thread/INFO] [net.minecraft.server.MinecraftServer/]: [Not Secure] <KewexX07> con razon
[23Feb2025 23:31:21.281] [Server thread/INFO] [net.minecraft.server.MinecraftServer/]: [Not Secure] <KewexX07> este voy a apagar
[23Feb2025 23:31:28.754] [Server thread/INFO] [net.minecraft.server.MinecraftServer/]: [Not Secure] <KewexX07> mas tarde hago el cambio de server
[23Feb2025 23:31:36.504] [Server thread/INFO] [net.minecraft.server.MinecraftServer/]: [Not Secure] <WositoGamer> Dale pa
[23Feb2025 23:31:52.242] [Server thread/INFO] [net.minecraft.server.MinecraftServer/]: [Not Secure] <KewexX07> dale
[23Feb2025 23:31:54.854] [Server thread/INFO] [net.minecraft.server.network.ServerGamePacketListenerImpl/]: WositoGamer lost connection: Disconnected
[23Feb2025 23:31:54.854] [Server thread/INFO] [net.minecraft.server.MinecraftServer/]: WositoGamer left the game
[23Feb2025 23:31:58.200] [Server thread/INFO] [net.minecraft.server.network.ServerGamePacketListenerImpl/]: KewexX07 lost connection: Disconnected
[23Feb2025 23:31:58.200] [Server thread/INFO] [net.minecraft.server.MinecraftServer/]: KewexX07 left the game
[23Feb2025 23:32:05.546] [Server thread/INFO] [net.minecraft.server.MinecraftServer/]: Stopping the server
[23Feb2025 23:32:05.595] [Server thread/INFO] [net.minecraft.server.MinecraftServer/]: Stopping server
[23Feb2025 23:32:05.596] [Server thread/INFO] [net.minecraft.server.MinecraftServer/]: Saving players
[23Feb2025 23:32:05.596] [Server thread/INFO] [net.minecraft.server.MinecraftServer/]: Saving worlds
[23Feb2025 23:32:05.641] [Server thread/INFO] [net.minecraft.server.MinecraftServer/]: Saving chunks for level 'ServerLevel[world]'/minecraft:overworld
[23Feb2025 23:32:05.718] [Server thread/INFO] [net.minecraft.server.MinecraftServer/]: Saving chunks for level 'ServerLevel[world]'/minecraft:the_nether
[23Feb2025 23:32:05.721] [Server thread/INFO] [net.minecraft.server.MinecraftServer/]: Saving chunks for level 'ServerLevel[world]'/minecraft:the_end
[23Feb2025 23:32:05.754] [Server thread/INFO] [net.minecraft.server.MinecraftServer/]: ThreadedAnvilChunkStorage (world): All chunks are saved
[23Feb2025 23:32:05.754] [Server thread/INFO] [net.minecraft.server.MinecraftServer/]: ThreadedAnvilChunkStorage (DIM-1): All chunks are saved
[23Feb2025 23:32:05.755] [Server thread/INFO] [net.minecraft.server.MinecraftServer/]: ThreadedAnvilChunkStorage (DIM1): All chunks are saved
[23Feb2025 23:32:05.755] [Server thread/INFO] [net.minecraft.server.MinecraftServer/]: ThreadedAnvilChunkStorage: All dimensions are saved
